:020000040800F2
:10600000C80A0020ADFF0108B1FF0108B1FF010877
:106010005D190208B1FF0108B1FF0108B1FF0108D5
:10602000B1FF0108B1FF0108B1FF0108B1FF01088C
:10603000B1FF0108A4C8020829F60108B1FF010850
:10604000B1FF0108B1FF0108B1FF0108B1FF01086C
:10605000B1FF0108B1FF0108B1FF0108B1FF01085C
:10606000B1FF0108B1FF0108B1FF0108E9C900084B
:10607000511B0208B1FF0108B1FF0108B1FF01087F
:10608000B1FF0108B1FF0108B1FF0108B1FF01082C
:10609000B1FF010815AA0008B1FF0108B1FF01080E
:1060A000B1FF0108E9780008C9780008B1FF0108CC
:1060B000B1FF010859D7010855E00108CDA6020833
:1060C000C9A60208A1D70108E3A60208D1A60208C2
:1060D00025E00108D5A6020831ED010895E0010888
:1060E000B1FF0108B1FF0108B1FF0108B1FF0108CC
:1060F0003F100208B1FF0108B1FF0108B1FF01081C
:10610000B1FF0108B1FF0108B1FF0108B1FF0108AB
:10611000B1FF0108B1FF0108B1FF0108B1FF01089B
:10612000B1FF0108B1FF0108B1FF0108B1FF01088B
:10613000B1FF0108B1FF0108B1FF0108B1FF01087B
:10614000B1FF0108B1FF0108B1FF01087DC60208D7
:1061500029C30108B1FF010855C1010889C101081F
:10616000B1FF0108B1FF0108B1FF0108B1FF01084B
:10618000F0B5114A114C124E00F00105E3695F07AA
:1061900013D40DB9334213D103EA00078F4207D15C
:1061A0000B4A1A40002A14BF6FF001000020F0BD16
:1061B000013AEBD16FF00200F9E74FF0FF30F6E75C
:1061C0006FF00100F3E700BF8096980000000350D5
:1061D000020001000B4B70B5D96911F480310DD16B
:1061E00001244FF48072084E084DF46020462C6460
:1061F0001A61FFF7C5FF3464EC6070BD6FF00100F9
:10620000FBE700BF000003500010035000200350C4
:106210004FF4803238B50E4B0E4C9A66E56941F664
:10622000713315400122E3630B4B0021DA60022336
:10623000606121202361FFF7A3FF10B92120FFF740
:106240009FFF0122054BDA600DB10023E36338BDE7
:106250000090005000000350001003500020035035
:1062600070B5134C6061E3695B071ED40E4656F8A7
:10627000043B8D18A361AE420BD1042300212120E1
:106280002361FFF77DFF58B9BDE870402120FFF77B
:1062900077BF08210846FFF773FF10B1042323617D
:1062A00070BD56F8043BA361E5E74FF0FF30F7E718
:1062B000000003502DE9F84316464FF48032184B86
:1062C00089469A6603F51C33DA69074602F480387A
:1062D00041F67132DA63012203F58053114DDA6021
:1062E00066B930460122104BDA60B8F1000F03D0D6
:1062F0000022A3F50053DA63BDE8F88307F50054E4
:106300002C40E41BB44228BF344649462246384656
:10631000FFF7A6FF0028E5D12744A144361BDFE79D
:106320000090005000E0FFFF00200350000000003C
:10633000000000000000000000000000000000005D
:10634000013800D0FCE770470348044B834202D079
:10635000034B03B118477047C0250020C02500201B
:1063600000000000064B0749C91A891048BF0131D7
:10637000491003D0044B0BB101481847704700BFC8
:10638000C0250020C02500200000000010B5064CEC
:10639000237843B9FFF7D8FF044B13B10448AFF398
:1063A00000800123237010BD202000200000000089
:1063B0002829030808B5054B1BB105490548AFF36B
:1063C0000080BDE80840FFF7CDBF00BF000000001F
:1063D000680D002028290308A3F5803A704700BF04
:1063E000174B002B08BF134B9D46FFF7F5FF00210D
:1063F0008B460F461348144A121A1BF04BFC0E4BE7
:10640000002B00D098470D4B002B00D09847002060
:10641000002104000D000D48002802D00C48AFF305
:10642000008006F061FF200029001BF093FB06F0BE
:10643000D5FD00BF000008000000000000000000C3
:10644000C80A0020C80A00208021002000000000A7
:106450000000000037B5044609F072FA00283BD16D
:106460001E4B20766361A36843F48013A3601BF086
:10647000DAFAA368A0801B030CD4B0F5FA7F09D91F
:1064800025F091FD01210546084624F08DFF2846A0
:1064900025F084FD204609F07BFA0546C8B910486E
:1064A0000BF0B8FF1DF0A3F81EF0B6FC1CF01DFEAB
:1064B0002A46012104201DF06FF801A88DF8045030
:1064C00009F01CFC042003210BF0C4FC204619F049
:1064D000A1F8284603B030BD0025FAE70504030003
:1064E0009625002008B50449044811F0B1FABDE82A
:1064F000084011F0DDBA00BF6CC70208F8C70208F7
:106500004FF08052014B5A60704700BF00ED00E031
:1065100008B5044825F0CDFE1BF0C5FABDE80840DB
:1065200000F008B86CCD0208014825F0C2BE00BFDB
:106530006CCD02082DE9F0415D4C92B009AD94E8B4
:106540000F0085E80F000DAA174604F1100304F1AF
:10655000200C164618685968083303C6634532464E
:10656000F7D11868534B08A93060187925F09CFEC4
:10657000514825F09EFE514825F09BFE4FF4807354
:1065800008984F49ADF83430814228BF01460C9736
:1065900019F047FF294602250A904A4802F064FE96
:1065A000484819F0E6FE474819F00CFF454819F035
:1065B000F5FEB4F82480012204216846ADF800807D
:1065C00019F08BFDE78C0022012101A8ADF80470C1
:1065D00019F083FD268D0122042102A8ADF8086080
:1065E00019F07BFD0122042103A8374CADF80C50B3
:1065F00019F073FD354B4FF44870C4F8C8344FF0B0
:106600000213C4F8C43403F58033C4F8CC341C231B
:10661000C4F8B43405F030FD07A8ADF81C5001F003
:10662000A5F8142005F028FD07A8ADF81C5001F0CE
:106630008DF8232005F020FD07A8ADF81C5001F0CF
:1066400095F8B9211F4819F0E2FE07A8ADF81C50D3
:1066500001F07CF8002204A81146ADF8108019F072
:106660003CFD002205A81146ADF8147019F035FD67
:106670000122002106A8ADF8186019F02EFD0122B4
:10668000002107A8ADF81C5019F027FD0D4802F0B5
:10669000B1FD00230948C4F8B434C4F8C834C4F8C0
:1066A000C434C4F8CC3425F007FE12B0BDE8F08144
:1066B00078C802089CCD02086CCD020870CD020893
:1066C000E070720000000A5000C003500200010098
:1066D0004FF000639B6A03F17842B2F5C04F03D2DA
:1066E0001968064A914203D0002303708360704703
:1066F000012202709A689B694260F7E707B0CD5E9D
:1067000037B53A4B04461A781AB102221A7003B010
:1067100030BDCDE900220028F9D001251D7025F0FB
:106720004BFC334B186014F027FD324B5A6E6261FC
:106730009B6E314AA3614FF4804393662F4B596897
:10674000E1612F499960196E2160596E6160D3F83B
:106750007011A160196CE160596C21612949086CC4
:106760001864496C596455661B6E9C0426D5264AEC
:10677000D368D807FCD4254B1A68531C23D04FF498
:1067800080139340224A13660423214C68462366F3
:106790004FF400732366082323664FF48053236667
:1067A0004FF0006323664FF4002301A9636618F0DD
:1067B00051FF009B2366019B6366A8E7154AD368D7
:1067C000D907FCD4D7E7144B1B78002BDCD14FF44E
:1067D0000072094B5A6603F5A6235B68002BD3D1E0
:1067E0004FF480120A4B1A66CEE700BF2220002029
:1067F000A00D002000800050009000500080004458
:1068000055CEAC0000C000540000044040230020DE
:1068100000900044000004502120002070B5224D5B
:1068200004462E78012E02D001232B7070BD002863
:10683000FCD018F029FF01300BD018F025FF40F2F2
:106840000113984205D0194B194A5E66D368DE07DA
:10685000FCD42268174B1A6662685A66A268C3F8AD
:106860007021E2681A6422695A64E269D00744BF61
:1068700000229A60104B1A68013207D10F4A127831
:1068800022B90F494968C90748BF1A6062690D4BB0
:106890005A66A2699A6614F077FC0B4B186825F0CB
:1068A00086FB0023C1E700BF2220002000900040AB
:1068B00000000440008000444023002021200020EC
:1068C00000C0055000800050A00D002038B54FF0EA
:1068D0000064A36A03F17842B2F5C04F17D21A6878
:1068E0000D4B9A4213D10D4D2B7813F0FD0F11D1A2
:1068F0000B48FFF705FFA36ADB6998470446084881
:10690000FFF78CFF0CB901232B70204638BD4FF4E4
:106910008174FAE70024F8E707B0CD5E212000205B
:10692000800D00204FF4803208B5044B9A6625F0A4
:1069300017FFB0FA80F0400908BD00BF009000507A
:10694000134610B562B103439B070BD14FF480345B
:10695000054B9C6625F000FFB0FA80F0400910BDA1
:106960000120FCE70020FAE70090005010B518B3B2
:106970000268134B9A4220D18379013B012B1CD82A
:10698000C279012A19D108210E4B5966002103F55D
:10699000FE235A6099604FF0FF311961DA600246B8
:1069A00000F1080112F8014B91421C62FAD1806893
:1069B0005B6AC31A5842584110BD0020FCE700BF73
:1069C00050504D53009000507FB5002301240646DF
:1069D00001A8CDE902330D468DF80440FFF778FE9B
:1069E000039B5B0202D4002004B070BD4FF0006333
:1069F0009B6A03F17842B2F5C04FF4D21B6B002BB7
:106A0000F1D05B6C002BEED029463046984786B11A
:106A10007DB13268B2F1006FE5D32B68B3F1006F3E
:106A2000E1D30548824298BF834294BF01200020F1
:106A3000DAE72046D8E700BFFFFF17087FB5054615
:106A40000C46684601A91646FFF7BEFF28B13DB1C6
:106A5000009D2846FFF766FF20B9002004B070BDF6
:106A6000019DF6E7012208211B4B8DF80B200193B5
:106A70001A4BADF808408DF80A605966002103F5FD
:106A8000FE235A6099604FF0FF311961DA600722E6
:106A900001A911F8010B013A1862FAD204225B6ACB
:106AA00044EA064444F080746946A81803930094AD
:106AB000FFF746FF0028D0D0042203A905F1080003
:106AC000FFF73EFF0028C8D0042228460DEB020144
:106AD000FFF736FFC2E700BF50504D530090005003
:106AE00010B50A46044619B1024B00211B689847AD
:106AF00010BD00BFF4C802080E4B0340B3F1607F25
:106B000006D1B1F5885F0CBF00206FF0860070479A
:106B1000B3F1707F0BD101F4E043B3F5005F06D110
:106B200011F4E06F14BF00206FF0860070476FF023
:106B3000860070470000C07F8A42F8B506460D46C1
:106B400000F0CD806A4B22F4FF7121F001019942DF
:106B500010D0684922F0FF038B420BD022F47F70E3
:106B600020F00300A1F57061884203D001F5A06117
:106B70008B4227D15E4B25F4FF7121F00101994230
:106B800010D05C4925F0FF038B420BD025F47F70B9
:106B900020F00300A1F57061884203D001F5A061E7
:106BA0008B420FD115F0FF000BD0534B40F000701B
:106BB000984240F0968082EA0500FF288CBF0020B2
:106BC0000120F8BD05F0FE43B3F1A06F11D102F032
:106BD000FE43B3F1A06F72D182EA050333F47E1352
:106BE0006DD128046BD5C5F30540C2F30542904230
:106BF000E4E7B3F1407F62D102F0FE43B3F1407F9E
:106C00005DD182EA050030F47E1458D13146284621
:106C1000FFF772FF002864D1384912F47C1701EAAB
:106C2000020116D0B1F1607FC2F3054336D1D1B273
:106C300041F0007101F17E410339102901D830483B
:106C4000445C15F47C1F2FD19C4214BF002001200E
:106C5000B7E7B1F1607F0AD1D3B243F0007303F11B
:106C60007E43033B102B40D82649CB5CDFE7B1F1D4
:106C7000707F17D106F4E043B3F5005F33D10123F1
:106C8000C6F302218B4006F4E041B1F5005FD8D194
:106C90000120C6F3022600FA06F4D2E7B1F1707FB4
:106CA000CFD1F0E73B46CCE71FB9C5F30541A14280
:106CB00015D0290403D5C5F3054098427EE725F495
:106CC0007F03B3F1106F0CD102F0FE43B3F1106FEC
:106CD00007D10D48104040F01060A842B5E70120F0
:106CE0006FE700206DE73B46CDE73B469FE700BFDF
:106CF0000002000600130006FF0000020000C07F33
:106D0000F8C80208F8C802080000FFF637B50D4DB4
:106D10000C466B78022B12D12B78072B0FD1002356
:106D20000A460193014601AB281D19F0E6FE20B981
:106D3000019BA34218BF6FF0930003B030BD6FF00A
:106D40008800FAE7A40D002038B500F0FE43B3F147
:106D5000407F04460D4602D06FF0860038BDFFF735
:106D6000CBFE0028F8D114F47C1F18D0C4F30543DF
:106D7000032B137022D9224A2240B2F1607F31D115
:106D8000E4B244F0007404F17E44033C102CE3D8D8
:106D90001C4A125D9342DFD8142BDFD90EE0184B4A
:106DA0002340B3F1607F0FD1E3B243F0007303F1EE
:106DB0007E43033B102B04D9002313706FF0850032
:106DC000CCE71149CB5CD3E7B3F1707FF4D101F488
:106DD000E043B3F5005FEFD10123C1F302218B4003
:106DE000DBB2C5E7B2F1707FB6D105F4E042B2F58F
:106DF000005FB1D10122C5F30225AA40CAE700BF56
:106E00000000C07FF8C80208F8C802082DE9F8435E
:106E1000884617461C4600F0A3FA0546002844D1D0
:106E2000D8F80060B6F8009009F4E043B3F5804F5D
:106E3000B36808BF27F0010737EA03032DD1A4B3D5
:106E4000244B24F4FF7222F001029A4210D0224A0D
:106E500024F0FF0393420BD024F47F7121F003014F
:106E6000A2F57062914203D002F5A06293421FD155
:106E700014F0FF0304D0194A43F0007393421ED06C
:106E800022464846F168FFF757FE074668B9224692
:106E900048463169FFF750FED0B96FF084050023F2
:106EA0003046C8F8003019F018F82846BDE8F883D5
:106EB00004F0FE43B3F1407F04D12304E0D56FF02A
:106EC0008605ECE7B3F1A06FF7D0044B9C42D6E700
:106ED0003D46EAE70002000600130006FF0000023C
:106EE0002DE9F04F064600208BB00F461446994618
:106EF000CDE9060009921860002A00F09F80B2F1E7
:106F0000005F80F09E8006AA314607AB18F028FD8E
:106F1000024628BB069B5A6A8AB1069DA8466A6843
:106F20006B88120A012A089358F824AF2B6A6ED096
:106F300045498A4260D01AB36FF0860210E0736848
:106F40001B0A15D0012B04D03F498B420FD0099268
:106F5000F2E7304609A9099418F0DAFE024638B182
:106F6000DDE90601059218F049FD059A5FE00994F4
:106F70000999069818F06DFC02460028CDD0EFE77D
:106F80000DF1200B224639462846CDE9018BCDF87C
:106F900000A0059319F087FF10F1860F0246059BAC
:106FA00009D1224639462846CDE9018BCDF800A00B
:106FB00018F062FC0246069B002AD1D15888089935
:106FC00080BB59804FF6F870814234D8318811B1B6
:106FD00018888842B0D1718811B158888842ABD1E5
:106FE0005969C9F80010197E01291ED000236FF0DD
:106FF0009602C9F80030B3E708AACDE90182394604
:1070000022462846CDF800A019F04DFFD2E708AA85
:10701000CDE90182394622462846CDF800A019F074
:1070200080FEC7E7884287D1CCE702211976104657
:107030000BB0BDE8F08F6FF0850291E76FF086022C
:10704000F5E76FF08502F2E7020080002DE9F043DA
:10705000994600230C46016885B005461746039300
:1070600000295BD100F10808982240461AF012FE70
:10707000B9F1000F20463B460CBF4FF400624FF4BD
:10708000806203A9FFF7C2FE0446002848D1039C92
:10709000384621882A1DFFF757FE0646002844D1AE
:1070A0006B7969F300036B716168D4E90823090AFD
:1070B000B9F1000F20D0012915D01E48814200D01F
:1070C000A9BB21464046009719F042FF044638BB51
:1070D00004232B60039818F000FF002E18BF3046E1
:1070E00005B0BDE8F08321464046009703F012F951
:1070F0000446A8B90523ECE7012909D00D488142CF
:1071000000D0A1B921464046009719F069FFDDE79C
:1071100021464046009719F0E7FEE9E76FF0880442
:10712000284618F06FFC2646D4E70446F8E76FF0CF
:107130008604F5E702008000002307B51A46009197
:10714000024918F0F2FC03B05DF804FB0CC9020818
:1071500010B5114C2378580744BF03F0FB0323708C
:10716000990705D500F09CF8237823F002032370DB
:1071700063781BB10023094A636053600023082130
:1071800006486370FFF7ACFC2378DA0744BF23F0AE
:107190000103237010BD00BFA40D0020A80D002026
:1071A00038B51A4D6A782B78022A01D1072B1DD0E9
:1071B000DC070BD419F096FC044610B919F09BFCBF
:1071C00004462B7843F001032B70E4B9980707D4E9
:1071D00000F05EF82B78044643F002032B7090B960
:1071E0006A780AB9D90704D45A0708D5002420467A
:1071F00038BD07496A604A6002226A70F4E743F0CA
:1072000004032B70F2E7FFF7A3FFF0E7A40D0020C3
:10721000A80D002000F14042032A38B504460D466F
:107220000CD82821194B01FB02331A7E022A02D105
:107230005A6982421ED06FF08B0025E0012118F0C0
:1072400026FE70B1114A00201346117E022902D198
:107250005169A1420BD00130042802F12802F4D177
:10726000E9E76FF087000FE06FF096000CE028224E
:1072700002FB00331A7E022AF6D1DA69511CF3D0E0
:1072800000200132DA612B6038BD00BFB00D002054
:107290000122024B002083F8A0207047B00D00208F
:1072A0002DE9F0410A4C002526464FF0010803273E
:1072B0002046C4F81C802776013518F018FB042DF1
:1072C00004F12804F4D1002386F8A030BDE8F08151
:1072D000B00D0020F8B5214D064695F8A0300F46B8
:1072E000002B35D000242B462246197EF9B13CB93B
:1072F000022905D1D96919B91979002918BF1C4685
:107300000132042A03F12803EFD114B96FF08C0085
:107310000BE0237E022B04D1E3695A1C1CBF01330E
:10732000E361204618F0E3FA10B100240EE01C4699
:10733000237E83B9012323763EB1651BED1003F153
:10734000CC335D4305F18045356000203C60F8BDDD
:107350006FF08800E9E76FF09600E6E7B00D0020D7
:1073600038B50025084B0D6093F8A0300C4643B1AA
:10737000FFF750FF10F18C0F02D16FF087002560EE
:1073800038BD6FF08800FBE7B00D002008B503F0B2
:10739000FDFC014B186008BD540E0020024B034950
:1073A000186819F09DBE00BF540E002010C90208D5
:1073B00070B50C4C0C490646206819F091FE03F09C
:1073C000E5FC0546206803F0D5FC3046FFF7E6FFF4
:1073D000284603F0CFFC20680449BDE8704019F04E
:1073E0007FBE00BF540E002012C9020814C9020853
:1073F00007B5082018F05AFE0222064B6846CDE970
:10740000002318F077FD082003B05DF804EB18F0B6
:1074100058BE00BF006A1810BFF34F8F0549064BD6
:10742000CA6802F4E0621343CB60BFF34F8F00BF22
:10743000FDE700BF00ED00E00400FA050348044A40
:107440000449121A921018F0B4BD00BF8061000800
:10745000406300088021002008B5154B83F30A889B
:1074600000F030F8FFF7EAFF124B13498B4212D3BA
:107470000020124B12498B4218D3FEF7B1FF186857
:1074800050F82240586840F8224001329868824201
:10749000F5D30C33EAE70022F8E71C6844F8220031
:1074A00001325C68A242F8D30833E4E70022F8E72F
:1074B00008000020302903083C2903083C29030860
:1074C0003C2903084FF48041124B134A70B59A606F
:1074D000D3F88820114D42F47002C3F88820104A76
:1074E00005F5005491664FF0FF3222660D4A626640
:1074F0000222C3F8D020BFF34F8FBFF36F8F4FF43A
:107500004036002003F028FC0020E66003F008FC71
:107510002E6170BD00ED00E00060000800800044B6
:1075200000900050F7FF3700014B1860704700BF14
:1075300048230020054B1860054B1B6F03F0070321
:10754000032B01D123F0F8BA704700BF502300206D
:107550000080005030B5056887B0AB8804461848F5
:10756000ADF80C3024F0A5FE0022012103A818F08C
:10757000B4FD0DF10B0103A818F0DDFD9DF80B30F3
:1075800083F001032B70AB79022B15D14FF0FF3341
:107590000022CDE9043304A90A4B009403A800F0AB
:1075A0005BF9049B009401330CBF04220122054BBC
:1075B00005A903A800F0EAF8002007B030BD00BF1D
:1075C0006CCD0208F1FF0108002307B5294801939B
:1075D00024F06FFE4FF44073012204216846ADF899
:1075E000003018F07AFD0122234B0520C3F8442413
:1075F00001A924F059FE002839D1204BD3F8F020FE
:1076000042F00102C3F8F020D3F8FC2042F080726F
:10761000C3F8FC201A4AA3F55D431A60019B194A7E
:1076200003F5D52303F2FC43B3FBF2F3164A013B07
:1076300013610223C2F8F0304FF48073C2F80433B0
:107640004FF06043114AC3F8B02F114AC3F8802E9F
:10765000D3F8002E42F48072C3F8002EFF2283F884
:107660002020D3F8002E22F48072C3F8002E03B03D
:107670005DF804FB6CCD020800D0035000ED00E083
:10768000FF030040F8590D00000004E055CEACC5E2
:10769000090001004FF06043D3F8802E30B5D207C7
:1076A00015D501240B4D8440D5F8FC2042F08072A2
:1076B000C5F8FC20D3F8002E2243C3F8002E53F85F
:1076C0002020002AF0D003F82010002030BD112027
:1076D000FCE700BF00ED00E070B5044601260C4D4C
:1076E00004B970BD94FAA4F0B0FA80F006FA00F282
:1076F00024EA0204C200AA580F2805EBC001C8BF43
:107700001038002AECD04968C0B29047E8E700BFC3
:10771000580E002008B50C4824F0CBFD192003F0CA
:107720000DFB28B1192003F017FB192003F0F8FA1C
:107730001A2003F003FB28B11A2003F00DFB1A20D6
:1077400003F0EEFA002008BD6CCD020848B101221A
:10775000437801789A4030235943034B00205A5014
:1077600070472220704700BF40D0035048B101222B
:10777000437801789A4030235943034B00205A50F4
:1077800070472220704700BF40E003502DE9F041D0
:107790000D4690461F460446002836D0002934D0B6
:1077A00024F00AFC23780646FF2B05D042462046EB
:1077B000296801F05FFE28602868421C0BD12378FD
:1077C000FF2B1CD1124B6078D3F8241418F03CFE28
:1077D000431C286013D00F49069B41F8307001EB21
:1077E000C0014B602378FF2B04D001230A4A834059
:1077F000C2F82434304624F0DAFB002003E030469F
:1078000024F0D5FB2D20BDE8F0812220FBE700BF4E
:1078100000C00350580E002000D003500F2838B588
:10782000054613D824F0C8FB01230024084AAB40C6
:10783000C2F82034C2F82434064B43F8354003EB39
:10784000C5035C6024F0B3FB204638BD2120FCE773
:1078500000E00350580E00202DE9F0410D469046FF
:107860001F46044650B349B324F0A6FB23780646CE
:10787000FF2B05D042462046296801F081FE286092
:107880002A68531C14D00E49069B103241F83270FE
:1078900001EBC2014B602378FF2B04D001239340FE
:1078A000084AC2F82434304624F081FB002003E06B
:1078B000304624F07CFB2D20BDE8F0812220FBE740
:1078C000580E002000D0035008B501F079FD054B9B
:1078D00000F0553020F05020C3F82004BDE80840E7
:1078E000FFF7FABE00E0035008B501F069FD054B53
:1078F00000F0AA3020F0A020C3F82004BDE8084022
:10790000FFF7EABE00E0035013B504460A4824F02E
:10791000D0FCA2780421B2FA82F2237852098DF8C1
:10792000043063780DEB01008DF8053018F0D5FBBD
:10793000002002B010BD00BF6CCD0208044BD3F88C
:107940008420D206FBD4D3F88400C0F381107047A2
:107950000040005038B5174B0546D3F828310C4687
:1079600003F00703013B052B20D8DFE803F00313E6
:107970001B0F0B1723F0BAF8052305B1286004B1DB
:10798000236038BD23F0B2F80623F6E723F0F8F8B9
:107990000723F2E723F0EAF80323EEE723F0E6F803
:1079A0000423EAE723F0DEF80223E6E70023184683
:1079B000E3E700BF00800050002337B50193164B6A
:1079C0000546D3F820320C4603F00703042B21D8D8
:1079D000DFE803F0030B11161B0001230DB1019A20
:1079E0002A6004B1236003B030BD002101A8FFF775
:1079F000B1FF1223F2E723F0C3F807230190EDE76C
:107A000024F0E0FA0A230190E8E723F00DF90923B6
:107A10000190E3E70023E1E70080005038B5104B08
:107A20000546D3F880300C4603F00303022B0BD03D
:107A3000032B0DD0012B0FD123F05EF80E2305B1DF
:107A4000286004B1236038BD23F09AF80723F6E7D5
:107A500023F04CF80623F2E700231846EFE700BFB7
:107A60000080005038B5104B0546D3F800310C4665
:107A700003F00303022B0BD0032B0DD0012B0FD1EE
:107A800023F074F8032305B1286004B1236038BDE6
:107A900023F0CAF80923F6E723F06EF80823F2E78B
:107AA00001230020EFE700BF0080005038B5184BDD
:107AB0000546D3F820010C4600F00700062823D81D
:107AC000DFE800F0040A0E16121A1E00012305B1A9
:107AD000286004B1236038BD23F008F80523F6E7D9
:107AE00023F044F80323F2E723F04AF80723EEE7F4
:107AF00023F038F80223EAE722F0F8FF0623E6E74E
:107B000023F034F80423E2E700231846DFE700BF40
:107B10000080005038B5104B0546D3F840310C4674
:107B200003F00303022B0BD0032B0DD0012B0FD13D
:107B300024F048FA0A2305B1286004B1236038BD57
:107B400023F072F80923F6E724F03FFA0C23F2E75A
:107B500001230020EFE700BF00800050002337B56D
:107B60000193164B0546D3F860320C4603F0070329
:107B7000013B032B1FD8DFE803F0020E191400218C
:107B800001A8FFF793FF10230DB1019A2A6004B1F9
:107B9000236003B030BD002101A8FFF7BBFF112314
:107BA000F2E722F0EDFF07230190EDE722F0DAFF84
:107BB00002230190E8E70023E6E700BF00800050C1
:107BC000002337B50193164B0546D3F894320C4683
:107BD00003F00703013B032B1FD8DFE803F0020E7D
:107BE0001914002101A8FFF761FF10230DB1019ABC
:107BF0002A6004B1236003B030BD002101A8FFF763
:107C000089FF1123F2E722F0BBFF07230190EDE784
:107C100022F0A8FF02230190E8E70023E6E700BF77
:107C20000080005038B5104B0546D3F860310C4643
:107C300003F00303022B0BD0032B0DD0012B0FD12C
:107C400024F0C0F90A2305B1286004B1236038BDCF
:107C500022F0EAFF0923F6E724F0B7F90C23F2E754
:107C600001230020EFE700BF008000502E4B984218
:107C70004AD022D82D4B984240D014D82C4B984251
:107C800039D00AD82B4B984232D02B4B98422FD068
:107C90002A4B98422CD000207047294B9842FAD1A9
:107CA000284B186F7047284B98422AD0274B984290
:107CB000F1D1244BD3F880007047254B98422BD04C
:107CC00009D8244B984223D0234B9842E3D11D4B33
:107CD000D3F88C007047214B984221D003F57403F0
:107CE00003F510539842D6D1164BD3F8980070473D
:107CF000144B986D7047134B586E7047114B586F6B
:107D00007047104B986F70470E4BD3F88400704744
:107D10000C4BD3F8880070470A4BD3F8900070479B
:107D2000084BD3F8940070470048E8010024F400A1
:107D3000C0CF6A0080841E0000093D0040420F0051
:107D4000405DC6000080E00FC0EA210180BA8C01CE
:107D5000007E560380D54302006CDC020090D00305
:107D600073B50D460021114B0191D3F880410646B1
:107D700004F00304022C13D0032C0CD0012C13D1DB
:107D800001A8FFF793FE10240EB1019B336005B1EB
:107D90002C6002B070BD22F0F3FE07240190F3E7DF
:107DA00022F0E0FE0190EFE70C46EDE70080005086
:107DB00038B5104B0546D3F840320C4603F00303A8
:107DC000022B0BD0032B0DD0012B0FD124F0FAF88E
:107DD0000A2305B1286004B1236038BD22F024FFD6
:107DE0000923F6E724F0F1F80C23F2E70123002041
:107DF000EFE700BF0080005038B5144B0546D3F8BC
:107E000000020C4600F0070004281BD8DFE800F051
:107E100003090D111500012305B1286004B1236089
:107E200038BD24F0CFF80A23F6E722F0FDFE09233F
:107E3000F2E724F0CAF80C23EEE722F07DFE0F23D0
:107E4000800AE9E700231846E6E700BF00800050FB
:107E500038B5144B0546D3F808020C4600F007006D
:107E600004281BD8DFE800F003090D1115000123D9
:107E700005B1286004B1236038BD24F0A3F80A23BB
:107E8000F6E722F0D1FE0923F2E724F09EF80C2356
:107E9000EEE722F051FE0F23800AE9E7002318469F
:107EA000E6E700BF00800050B0F5207F1FD009D862
:107EB000B0F5007F15D003D868B1B0F5C07F0AD007
:107EC00000200CE0B0F5607FFAD10B4BD3F88000B6
:107ED000C0F3011003E0084B186FC0F3033001300A
:107EE0007047054BD3F89000C0F30460F7E7024BEE
:107EF000186FC0F38020F2E70080005002464FF474
:107F00008030104B10B598660020FFF7CDFF50432E
:107F100041F671320C4BDC69DA635A6804F4803440
:107F200022F4401259B90949884294BF0020012027
:107F3000000502435A600CB10022DA6310BD044907
:107F4000F2E700BF0090005000000350005A6202A8
:107F5000002D3101430905D0012B0CD0022B084B19
:107F600018BF002300F01F0039B103F58053012230
:107F700082401A607047034BF4E703F50053F6E7BD
:107F800068800050648000501FB50021B0F5807FEC
:107F90000446CDE9001100F0D2803AD85E2833D8EB
:107FA0005E2833D8DFE800F04532323232323232E6
:107FB00032323232323232323232323232323232A1
:107FC000323232323232323245AC45ACBCBCBCBC4F
:107FD000BCACC64E6BDC4EACACAC32323232323260
:107FE0003232ACACAC7EE6AC323232323232323289
:107FF0003232323232BC454545E14E4EEB8D63C1E3
:1080000032323232329E4500802870D0009804B05F
:1080100010BDB0F5D06F00F0A38035D8B0F5607F0B
:1080200079D01AD8B0F5007F65D005D8B0F5C07FFB
:10803000ECD122F081FD5CE0B0F5207F60D0B0F59E
:10804000407FE3D122F078FD02464FF42070FFF725
:108050002BFFB2FBF0F252085BE0B0F5B06F69D0D5
:108060000AD8B0F5806F5BD0B0F5A06FCED10021FB
:108070006846FFF7A1FCC9E7B0F5C06FC6D1002183
:108080006846FFF747FDC1E7B0F5106F6DD00ED819
:10809000B0F5086F78D0B9D8B0F5E06F6AD0B0F518
:1080A000F06FB3D100216846FFF7BCFDAEE7B0F535
:1080B000406F3AD013D8B0F5206F60D0B0F5286F7C
:1080C000A4D10021324B0391D3F8703203F00303A3
:1080D000012B02D103A8FFF71DFD039B39E0B0F58A
:1080E000486F93D100216846FFF76AFD8EE722F0C2
:1080F00003FD00908AE722F0FFFC0246204604E0E0
:1081000022F01AFD02464FF42070FFF7CDFEB2FBBD
:10811000F0F200927AE701A8FFF780FC019AEDE700
:1081200000216846FFF7C2FC70E700216846FFF7B0
:1081300011FC6BE700216846FFF712FE66E74FF07F
:10814000E02302911B695B0705D522F0F5FC029044
:10815000029B00935AE703A902A8FFF7DBFCF7E7AD
:1081600000216846FFF748FE50E700216846FFF708
:108170006FFE4BE700216846FFF71AFE46E7002135
:108180006846FFF7EBFC41E76846FFF76BFC3DE70D
:108190000080005008B58020FFF7F6FE034B9842A0
:1081A0009EBF4FF48032024B1A6708BD005A62022C
:1081B00000A000501FB503460020B3F5807F01905A
:1081C00000F0C58065D85D2B56D84C2B07D82D2BD9
:1081D00048D8232B2CD8019805B05DF804FB4D3B03
:1081E000102BF8D801A252F823F000BF45830008F5
:1081F000D7810008D7810008D7810008F3820008E2
:10820000D7810008D78100089F83000811830008E8
:10821000B782000895830008D7810008D78100083D
:10822000D7810008D7810008D7810008A9830008FA
:10823000243B092BCFD801A252F823F04583000834
:1082400045830008458300084583000845830008EE
:10825000D78100083B830008D7810008D38200083B
:108260007B8300083D2B00F083803E2BB3D10020A0
:1082700001A9FFF79DFDAEE7802BACD1504B1B6FE2
:1082800003F00703013B032BA5D8DFE803F0544DAF
:108290005052B3F5F06F6BD020D8B3F5B06F4CD01F
:1082A0000ED8B3F5607F71D095D3B3F5806F49D008
:1082B000B3F5A06F8FD1002001A9FFF77DFB8AE7FE
:1082C000B3F5D06F59D0B3F5E06FD0D0B3F5C06F30
:1082D00081D1002001A9FFF71DFC7CE7B3F5206FD9
:1082E0005DD00BD8B3F5086F4CD0B3F5106F7FF4A9
:1082F00072AF002001A9FFF7ABFD6CE7B3F5406F4B
:1083000048D0B3F5486F4FD0B3F5286F7FF463AF13
:108310002B4BD3F8703203F00303012B49D0022B0F
:108320000CBF1523002300E00523019353E703232B
:10833000FBE70823F9E70223F7E7002001A9FFF78D
:108340000FFD48E7002001A9FFF7B0FB43E74FF01E
:10835000E02302901B695B0705D522F0EDFB0D239E
:108360000393039BE1E703A902A8FFF7D3FBF8E718
:10837000002001A9FFF756FC2DE7002001A9FFF717
:108380003BFD28E701A9FFF76DFB24E701A9FFF7F3
:1083900045FB20E7002001A9FFF7DCFA1BE70020DE
:1083A00001A9FFF7DBFB16E7002001A9FFF708FC96
:1083B00011E7002103A8FFF7ADFB1123B5E700BFCC
:1083C000008000504FF48032074B0849586E03F587
:1083D00080535A664B6A23F001034B62C3035CBFB0
:1083E000034B5A66704700BF0080005000C0075022
:1083F00000A0005008B5FFF7DDFE092811D00A38AB
:10840000012802D94FF6FF7008BD4FF48002064BD9
:108410005A6603F5D8335B6ADB07F3D54FF4FA707D
:10842000F2E7024B1888EFE700900050F624002096
:1084300008B5FFF7BFFE03280ABF024B4FF6FF70D7
:10844000188808BDF424002038B504468020FFF7C2
:10845000B1FE032800F08A804FF48012544B4FF095
:10846000A0615A6645F60E03524AC2F88030524B5C
:1084700099624FF4803103F580539962936DD9036B
:10848000FCD4916D11F08041FBD1D4E900031B05B0
:1084900043EA0063E07B0343207B43EA0043607BC5
:1084A00043EA0033A07B43EA801313619069D4E967
:1084B00004531B0643EA856300F000400343A07E9B
:1084C000E57E0343207E43EA0043607E43EA0023C7
:1084D0009361136AE06923F00F03002843EA000365
:1084E00043EA850314BF0125002543EAC50313624F
:1084F000324D3CD194F82430916A94F82000DB008E
:10850000294043EA40130B4394F8211043EA011336
:1085100043F4803393622A49264A936D31EA030378
:10852000FBD14FF08071244881621369A56823F460
:10853000700343EA055313614FF00043836194F8DD
:1085400022300BB91F4B996294F823303BB94FF49A
:1085500080321C4B9A62174A936D5B00FCD494F8EE
:1085600025301BB1134B184AC3F8802038BD0228B0
:1085700008D11161154891614FF408524FF47F41C1
:1085800017F043FE0B4994F822308A6A94F82000D1
:108590001B062A4043EA4013134394F8242043EA7D
:1085A000C20394F8232043EA02438B62D7E700BF5B
:1085B000009000500040005A0050005AC7FFFEFED5
:1085C000030001000060005AF1A7FFFF3440005A89
:1085D000014B93F900007047A72500204FF40001DC
:1085E0001B4A437810B551664FF4D151022402F56D
:1085F000B832516217494F2B4C604FF0010428BF2D
:108600004F2301F580514C601169C903FCD40178F6
:1086100043EA01235361D0E901131B0143EA01231B
:10862000417B0B43017B43EA41039360C37B817B26
:108630001B0143EA4113417C0B43017C43EA4103A4
:108640005360837C13B16FF4D153536210BD00BFEC
:108650000090005000100250014B1880704700BF7E
:10866000F6240020014B1880704700BFF42400203E
:108670004FF4800208B5184B5A660223174A53601C
:10868000936813F48033FBD1012822D122F06EFAD3
:10869000134B984215D003F5122303F5F863984263
:1086A00013D0104B00EB8002400AB3FBF0F3520AE8
:1086B0000A49CA620B6301234B620022074B5A60CE
:1086C00008BD45F67A13084AF2E745F61A03074A49
:1086D000EEE75362F1E700BF009000500040025007
:1086E00000F0490264666666D8B80500BBCF050095
:1086F000B0F5207F10B50C4657D008D8B0F5007FF4
:1087000048D003D830B3B0F5C07F23D010BDB0F54A
:10871000607FFBD12949013CD1F8FC2012F0807226
:108720001EBFD1F8FC3023F08073C1F8FC3024491F
:10873000D1F8803023F0300343EA0414C1F88040BC
:10874000002AE3D01D4AD2F8FC3043F08073C2F80F
:10875000FC30DBE717F068FD17F074FD4FF4803153
:10876000184B174A1967136F013C23F4704343EA0F
:108770000434146722F0E0F90446FFF7DFF8C0F193
:108780000201204617F058FD00F036F8BDE8104011
:10879000FFF700BD0A4A4C1ED2F8903023F0F85380
:1087A00043EA0464C2F89040B0E7054A4C1E136FD8
:1087B00023F4806343EA84231367A7E700ED00E016
:1087C000008000500090005008B50121022000F008
:1087D00083F94FF42070FFF767FB054B187017F013
:1087E00023FD17F02FFD4FF48032024B1A6708BDAE
:1087F000232000200090005008B54FF4C070FFF710
:10880000C3FBBDE808400449884294BF012102210E
:108810004FF42070FFF76CBF80F0FA0238B50446C1
:1088200022F08AF90546FFF789F8C0F102012846CF
:1088300017F002FD0121002000F08EF92CB1FFF7A6
:10884000DBFFBDE83840FFF7A5BC034B4FF42070B9
:108850001978FFF74DFFF4E7232000204FF4C022E2
:1088600070B50546FFF702FA2F4B04465A6603F52A
:1088700098335A68012A04D12C494A605A689207F1
:10888000FCD48020FFF796FC052807D117F0CCFC1C
:1088900017F0D8FC4FF48032234B1A67244B24F096
:1088A00040749D4235D0234B9D4235D022F01EF9B5
:1088B0008542064603D90121284600F04DF91E4B9A
:1088C000DA6812F0060FFBD199689C609A686240E2
:1088D00012F4F81F23D12846FEF726FE8020FFF76A
:1088E00069FC05280DD122F027F90446FFF726F888
:1088F000C0F10201204617F09FFCFFF77DFFFFF754
:1089000049FCB5420ED8BDE870400121002000F0BE
:1089100023B944F00074C9E744F08074C6E73546D3
:108920009960DBE770BD00BF0090005000E001508F
:1089300040420F0080841E0000000150364B9842D8
:108940004FD01CD8354B984257D00ED8344B984254
:108950004FD008D8334B98422CD0334B984229D073
:10896000324B984226D0002327E0314B984234D036
:10897000304B9842F7D1304BD3F8BC301DE02F4B31
:10898000984232D00FD8A3F53703A3F5D8539842B5
:1089900037D003F5B70303F558639842E3D1264B6C
:1089A000D3F8C83009E0264B9842DCD1224BD3F8EB
:1089B000D03002E0204BD3F8A0304FF40021214A00
:1089C00023F040735166194A90421ED0154A9042D6
:1089D0001ED04FF0B44293607047174BD3F8B830B5
:1089E000EBE7154BD3F8C030E7E7134BD3F8CC30A7
:1089F000E3E7114BD3F8A430DFE70F4BD3F8B030E7
:108A0000DBE70D4BD3F8C430D7E743F00073E0E762
:108A100043F08073DDE700BFC0EA21018096980033
:108A2000404B4C0080841E0000093D0040420F0076
:108A3000405DC6000024F4000080E00F0048E8011B
:108A4000005A620200900050024A536B0342FCD16C
:108A5000704700BF00400950044A4178536F23F427
:108A6000407343EA01235367704700BF0040005042
:108A7000104A10B51369044643F00403136122F051
:108A800041FF17F0E4FB0C4B5B6E5B0142BF0B4BED
:108A90000B4AC3F82024BFF34F8FBFF36F8F30BF53
:108AA00017F0D6FB03F014FA1CB9BDE8104022F011
:108AB00043B810BD00ED00E00080005000E003501E
:108AC0000000FF0F034A0179D36E23F030030B43FC
:108AD000D366704700400050F8B504461C4BD3F8ED
:108AE0008420D106FBD4D3F88430C3F381139C4295
:108AF0002CD022F001F8012C064602D1214617F0B5
:108B00009BFB23F050FA4FF00072124B07465A6657
:108B1000204617F0A0FB4FF480630D4D621E93407A
:108B20002B676B6E9A0103D4D5F884309B060AD567
:108B3000384623F033FA022C08D13046BDE8F8401D
:108B4000002117F079BBD5F88430EAE7F8BD00BF03
:108B5000004000500060005010B50C4608B921F0EC
:108B6000CBFF074B21461B783BB1064B984204D8FC
:108B70000120BDE81040FFF7AFBF0220F9E700BFBA
:108B800024200020005A62020278034B01210020B9
:108B90001A70FFF7E1BF00BF242000204FF0004211
:108BA00038B5244B244C5A664AF6CD33656C0146E1
:108BB00005F00105236430BB0120FFF745FF636822
:108BC000DB0708D4002415B11B4B1C4A1A6421F0A2
:108BD0005EF9204638BD1A4B58600846194B226B87
:108BE000D20705D4984201D10724ECE70130F6E71B
:108BF0009842E7D1F8E70132236B13F0080305D060
:108C00008A42F8D1F0E700220E49F5E78A42EBD01C
:108C100020210B4A91620121A2F580525160064940
:108C2000084A886A800603D49342DDD00133F8E70E
:108C30009342DEE700900050004009503254FFFF9D
:108C40000060095040420F004FF0004238B5164B0B
:108C500001465A664AF6CD33144C154A656C2364B6
:108C600043780B205B0043F00103D363FFF7ECFE76
:108C700063688A7823F4F87343EA02136360CA785E
:108C80004B7943EA0223A3600A798B7943EA0223F2
:108C900023610878FFF782FFEB0744BF054B23648D
:108CA00021F0F5F8012038BD009000500040095037
:108CB000004000503254FFFF4FF00042124B70B59D
:108CC0005D6E03F580535A664AF6CD3304460F496C
:108CD00080204E6C0B64FFF7B7FE0B6A23F00F0386
:108CE0000F2C94BF234343F00F030B62F30744BFE1
:108CF000074B0B64002DA2BF4FF00042054B5A6694
:108D000021F0C5F870BD00BF008000500040095040
:108D10003254FFFF00A000504FF00042104B70B5DE
:108D20005D6E03F580535A664AF6CD3304460D490D
:108D300080204E6C0B64FFF787FE0B6A23F4F85318
:108D400043EA04230B62F30744BF074B0B64002D77
:108D5000A2BF4FF00042054B5A6621F098F870BD53
:108D600000800050004009503254FFFF00A0005026
:108D700010B517F075FA042300F5805100F5005284
:108D80000B6113610B6113610B6113610B61136163
:108D9000202341F2020103610023C360836041612B
:108DA0004FF4A0218361836541620549C361036279
:108DB0008362C36243630365D164036310BD00BF74
:108DC000FF3F0D03F8B505461446084641B9334B3D
:108DD0009D4230D0324B9D4208BF5720FFF7D4F858
:108DE000AB68DE072FD5B0FBF4F46E68013C16F0DB
:108DF000010626D02821284617F02EFAAB6C9907D9
:108E00001BD1AB6CDA071AD4AB6C13F0020F14BF92
:108E100006270027284617F023FA2B6923F07F4303
:108E200043EA04632B61002E37D039462846BDE85B
:108E3000F84017F02FBA5620D0E70527EAE70927B0
:108E4000E8E73746E9E76B68AB6DDB07AB6848BF1F
:108E5000640003F0E003402B1BD014D8002B0CBFA0
:108E60001023082363434101B1FBF3F20D4B203A79
:108E700003EAC2022846012117F0EEF92A63BDE891
:108E8000F84017F0E9B9602B05D0802B05D10123FC
:108E9000E8E70623E6E70423E4E7F8BD0000015B0A
:108EA00000000A50F8FF7F002DE9F0419846436822
:108EB00004460E4617461BB140F6FF7117F0CCF979
:108EC0002046FFF755FFF189737B62690B43318AB6
:108ED00022F44C5222F00F020B4313436361A26849
:108EE00096F818C0337B22F0804222F0E2024CEA6E
:108EF0000303134372691343B268A3601AB9A368EA
:108F000043F00043A360F06904F58053002866D065
:108F1000857A017A6D04D4F808E045EA81556A49FA
:108F20000EEA01010D43818801F4C0410D434178EF
:108F300045EA8105417B45EAC105817B45EA01158A
:108F4000817845EA8125A560D4F80CE0D0E90415C4
:108F500029435E4D0EEA05052943857941EA8521BD
:108F6000C57941EA4521E160017801F0FD05012D57
:108F700008BFE568A1F1020104BF45F00405E56002
:108F80000129534D534976D8AC4272D0524DAC4270
:108F900014BF4FF0FF35012501EB451141F2944517
:108FA0004FF0020E41F805E0417A996219B1E1688B
:108FB00041F40061E160C17A59B1E16841F40041D6
:108FC000E16043498C4265D1017B444D01F00F01C2
:108FD0006967616AC07B21F00301014361622FB1BF
:108FE00097F8201000295FD001211962B8F1000F15
:108FF0002DD0BCF1000F02D04FF4004199653449E7
:10900000B8F822508C4298F821105AD03248844245
:1090100013D10120112934BF4FF0010C4FF0020C85
:109020002F4FB5F5006F07F800C094BF4FF0010C4B
:109030004FF0020C2B4F07F800C0A06D294320F41D
:10904000F95020F01E000143A1650121996501211D
:1090500059601AB120467168FFF7B4FE2046317896
:1090600017F018F9A36CDB4313F4405FFAD1BDE8A5
:10907000F081002590E7AC420AD0174DAC4214BFF6
:109080004FF0FF35012501EB451142F2944587E78A
:109090000025F8E710498C4201BF017B0F4D01F01C
:1090A0000F01C5F8801094E7E06997F8221097F84F
:1090B000215020F009002943014341F00101D96109
:1090C00094E70020A6E700BFE39BBDFFFFF9F08710
:1090D0000000015B00C0035000000A5000900350E4
:1090E00027200020252000202DE9F04105460F46CD
:1090F0001E4690464AB1012330221C4C8B4002FB95
:10910000004416B304F5825423603023072F4FF038
:109110000F0105FB03F3164C1AD8BA00181D1346AD
:1091200008FA02F29940204417F0E1F8B8F1000F74
:1091300009D1012330210D4ABB4001FB052296B124
:1091400002F582521360BDE8F08104F50154DBE7BB
:10915000A7F1080C4FEA8C0C03F10C0008FA0CF292
:1091600001FA0CF1DFE702F50152EBE700C0035012
:1091700030C00350013831289ABF024B185C0020E0
:10918000704700BFA4CC020838B5C2F306250446D8
:1091900002F0070241B942EA052242F440220634B5
:1091A000074B43F8242038BD1146284617F0AEF887
:1091B00002462846FFF7DEFF163442EA0022EFE7B8
:1091C000008003504FF48032064B5A6603F5E623C5
:1091D0009B69C3F38512827003F03F021B0B427040
:1091E0000370704700900050014B986CD96C704729
:1091F0000080E00F10B5044617F0EEF817F0D8F82D
:10920000502117F0AFF817F0BEF8204617F0C2F85B
:1092100017F0ECF817F0F1F8042304F5805104F589
:1092200000520B6113610B6113610B6113610B61E0
:109230001361202341F2020123610023E360A36054
:1092400061614FF4A02161620649E3612362A36179
:10925000A365A362E3622365D1642363636323632D
:1092600010BD00BFFF3F0D0370B504460D46FFF76C
:10927000C1FF23692A7823F0870313436A7A43EAFC
:10928000420343F080032361A368AA7A23F0030317
:1092900043EA420343F00103A36063692A7A23F09F
:1092A0000F031343636123696A6823F07F4343EA32
:1092B00002632361EB68002B6ED02269197922F0DA
:1092C000F80242EAC112197842EA4112D97842EA18
:1092D0000112D97A42EAC102997942EA81122261E5
:1092E000E268987C22F0F04222F4702242EAC062E6
:1092F000D87C597942EA0042987842EA802242EAD0
:10930000C132E260A268987A22F4C04242EA403256
:10931000A2605A7804F5805092028260666ADA7B15
:109320001E4802F0030230400243187B000100F0A7
:1093300070000243587B000200F4E0600243987B17
:10934000000300F4E0400243587A000400F4702067
:10935000024362621A8AA26139B1114A944211D160
:1093600074220021D87917F011F9EB689A799AB133
:109370000B4A94420BD17022BDE870400021187A4C
:1093800017F004B9074A9442EFD18022E9E7054A71
:10939000944201D17C22EFE770BD00BF8C88F0FFC2
:1093A0000000015B00000A500122437801789A40D6
:1093B00030235943014B5A50704700BF40E00350DF
:1093C000034BD3F82424D3F820041040704700BF87
:1093D00000C00350064BDA6E02F03002202A06D09D
:1093E000DA6E22F0300208B142F01002DA667047FD
:1093F000004000502DE9F8431C4B0546D3F81033CC
:109400004B1E0E2B0E46174690F80090447820D93C
:1094100021B34FF000082846EFB121F01BFC3023A8
:109420000F2103FB09F3072C88BF083C104895BFA8
:10943000A400A40004330C3308FA04F2A140184439
:1094400016F0F3FF86B9284657B1BDE8F84321F07E
:1094500001BC8846DFE7FFF7A7FFE0E78846DEE7C5
:10946000BDE8F843FFF7A0BFBDE8F88300C0035094
:1094700030C003502C4B2DE9F0411746D3F8102390
:109480004A1C06460C4605D1D3F82414407816F041
:10949000DBFF0446002C2FDB072C4FF0030532784E
:1094A0002DDC4FEA840805FA08F529461F4802FA20
:1094B00008F216F0BAFF294672781D4802F003023E
:1094C00002FA08F216F0B1FF012317F0050F194A4E
:1094D00018BF194903FA04F30CBFC2F81034C1F8DD
:1094E000103417F0060F18BF134AC2F814340123C2
:1094F000104AA340C2F820342046BDE8F081A4F110
:1095000008084FEA880805FA08F529460B4802FAC8
:1095100008F216F08AFF7278294602F00302084822
:1095200002FA08F2CEE700BF00C0035000C40350A7
:1095300008C4035000E0035000D0035004C403509B
:109540000CC4035038B505460C4C0140D4F83034F7
:1095500023EA0003C4F83034D4F830341943C4F893
:109560003014D4F82C340343C4F82C34012004F50F
:109570000054FFF72FFFC4F8205438BD00C003503B
:10958000124B70B5D3F81033064616F070FF044640
:10959000481C154616D0621C0FD08C420FD10321F7
:1095A000304685F00102FFF725FF012004F110038A
:1095B00005FA03F19840FFF7C5FF204670BD4FF054
:1095C000FF34FAE7631CEAD1F7E700BF00C003509D
:1095D000054B9A689107FCD45A689207F9D4DA6966
:1095E000002AF6D1704700BF00800A5010B5034C26
:1095F000636821F03BFB0223236110BD00800A5009
:1096000008B5FFF7E5FF0122024B03F580514A60E0
:109610001A6108BD00800A50044B10B55C68012C2B
:1096200003D1FFF7E3FF024B5C6010BD00800A50DE
:1096300000A00A5038B5074DFFF7CAFF6B68044613
:10964000012B03D1FFF7E8FFFFF7C2FF2378EB60A0
:1096500038BD00BF00800A5010B521F011FBB8B929
:109660004A680B7812B1127843EAC2034A7843EA97
:1096700042038A6812B1127843EA8213CA7843EA35
:1096800082030A6912B1127843EA4223014A9364C1
:1096900010BD00BF00800A504FF48032084B5A665C
:1096A00003F5E6239B691A0B027003F03F02427038
:1096B0004FF6FF72C3F3851342808380704700BF6B
:1096C00000900050014B986CD96C70470080E00FFF
:1096D0002DE9F04393B08946DDE91A871D4604461B
:1096E000002858D0002956D0B8F1000F53D0002FD1
:1096F00051D013F00F034ED1284829490FAE002A4C
:1097000008BF01466360216048463146A36023627A
:1097100017F01AF800283BD120460F9922F0C5FC1B
:109720002946204622F0C1FC6946484600F0E0FA8E
:1097300070BB6946204617F0BEF9484603A917F0EA
:10974000CCF828BB204603A917F0B5F9CDF8308036
:109750004FF0010845F00055CDF8348006AB0E956A
:109760000CAA07CA83E807001946204617F0A3F998
:109770000F9709ABCDF84080119596E8070083E874
:1097800007002046194622F0B6FC204621F0D8FA00
:1097900013B0BDE8F0832120FAE700BF0001000408
:1097A000000101042DE9F0410C4616461F4605460E
:1097B000A0B0002800F09480002900F09180002AD9
:1097C00000F08E80002B00F08B80036B0F2B75D880
:1097D000444B0DF17408236000234146636030461A
:1097E000A360236216F0B0FF002874D120461D99B3
:1097F00022F05BFC296B20460F2984BF01F00F018A
:10980000103122F052FC304602A900F071FA002813
:1098100061D1204602A917F04EF9304605A917F08C
:109820005CF8002857D1204605A917F044F9012318
:109830002D4AD5F830C0149508AE1593169214AA87
:1098400007CA86E807000CF00F0205F1100E42F07F
:109850000052CDF85CE00BAD1893199217AA07CA15
:1098600085E80700CDF868E01B934CF000531C938B
:109870001AAA0EABBCF10F0F07CA83E807002DD957
:109880000A9B314623F0005320460A9317F013F940
:109890002946204617F00FF901231D971E93124BFE
:1098A0001F9311AB98E8070083E80700204619468C
:1098B00022F021FC204621F043FA0CE000F12003C5
:1098C000019000930122102331462046FFF700FF4C
:1098D00000283FF47DAF20B0BDE8F0811946D8E7FD
:1098E0002120F8E700000404100000202DE9F04FCB
:1098F0000D46914698460646ADB0002800F0D68049
:10990000002900F0D380002A00F0D080002B00F066
:10991000CD80026B369B02F00F07D3181B09B3EB07
:10992000121F00F0BB80624B48460B6000234B6067
:109930000B628B6029A916F007FF0446002840F04F
:10994000A980369B284607EB030B29992BF00F0AB9
:1099500022F0ABFB5146284622F0A7FB484602A95D
:1099600000F0C6F90446002840F09480284602A979
:1099700017F0A1F8484605A916F0AFFF04460028E5
:1099800040F088804FF00109284605A917F093F8A8
:10999000484B1A961AAACDF86C901C9308AB07CACC
:1099A00083E807001946284617F085F806F11003EA
:1099B00047F00052AAEB07071D930DF12C0CCDF8D0
:1099C000789047F000571F921DAA07CA8CE807003D
:1099D000CDF8808020AACDF8849022970EAF07CAD8
:1099E00087E807000D9A614622F00052284601934D
:1099F0000D9217F060F83946284617F05CF8AAF186
:109A0000100242F0005223942A4BCDF8909011AFEF
:109A1000259223AA07CA87E8070006F120022692AA
:109A200014ACCDF89C9026AA289307CA84E80700B6
:109A3000139A394642F080421392139A284622F034
:109A40000052139222F057FB2146284622F053FB86
:109A5000184B299617ACCDF8A8902B9329AB93E817
:109A6000070084E807002146284622F044FB2846E8
:109A700021F066F9369BAAEB0B011944019B0446C1
:109A8000ABEB0A021846414418F00FF9336B369AD3
:109A90001344336320462DB0BDE8F08F10304146AB
:109AA000369A384418F001F90024EFE72124F1E751
:109AB000030200041000002000232DE9F0478EB0BF
:109AC0000E46174604460193002869D00AB10029C2
:109AD00066D037F0030807F0030A28D04FF0E063A0
:109AE0004FF0000923600123C4F80490C4F80890E3
:109AF0000896099348F000530A9308AA02AB07CAD4
:109B0000C4F8209083E807001946204622F0F3FAB3
:109B10004146204622F0C9FA204621F011F90546B7
:109B200028B142464946304618F0B4F803E0BAF18D
:109B3000000F04D1002528460EB0BDE8F0874FF095
:109B4000E0634FF00009236001ABC4F80490C4F84F
:109B500008900B9301230C93124B0EAA0D9305ABA7
:109B600012E90700C4F8209083E807001946204650
:109B700022F0C1FA0421204622F097FA204621F073
:109B8000DFF8054608B13A46CCE7019A4644EB00B7
:109B9000013522FA03F3AA4506F8013BF7D1C9E7DC
:109BA0002125C8E704000020F0B50F4616461D46E3
:109BB000044693B010B9212013B0F0BD0029FAD0AB
:109BC000002AF8D0002BF6D0002331461A4638463A
:109BD00016F059FD0028EFD1304602A916F0EAFC34
:109BE0000028E9D1EB68022B0AD039683F48029A75
:109BF00081426B6902D01830814270D19A42DAD822
:109C00002B68002BD7D14FF060626360384622602A
:109C1000A360236201A916F097FD0028CCD1019919
:109C2000204621F4F061019122F03FFA694628466E
:109C300016F08AFD0028BFD12046009922F035FA9F
:109C4000384609A900F054F80028B5D1204609A9E2
:109C500016F031FF38460CA916F03FFE0028ABD1B4
:109C600020460CA916F027FFEB684BB1284606A941
:109C700000F03EF800289FD1204606A916F01BFFF1
:109C8000304603A916F029FE002895D1B368DA04FE
:109C90000CD59B0427D50621F36932691B6801FBAB
:109CA00003225B0043F0005303920593204603A96F
:109CB00016F001FF28460FA916F00FFE00287FF4CA
:109CC0007BAF20460FA922F016FA0325204621F08B
:109CD00037F801287FF470AF013DF7D16CE7B3EBA3
:109CE000420F8DD267E7292066E700BF200000B051
:109CF00090B189B101234B60C368013B012B08D8A7
:109D00008269064B1AB10A6000208B607047044AD2
:109D1000F9E74FF00053F7E72120704708000020D3
:109D2000D8CC020806289ABF014B185C0020704767
:109D3000E0CC02082DE9F043884614461D46C5B024
:109D4000002839D0002937D0B2B3ABB3038803F46D
:109D50004F42B2F5824F04D06FF0850045B0BDE8A8
:109D6000F083DAB2122AF7D123F0FF03B3F5E24F02
:109D700025D143882B60DBB9E3002B60B3F5807FEE
:109D8000EAD1002318463F4908EB0405214415F8A1
:109D9000012D11F8014D1043121B18BF0023A845D7
:109DA00043EA0203F3D138B1002B05DA0020D5E7EE
:109DB000DA1DB4EBD20FE1D06FF08600CEE7B3F539
:109DC000824F5BD10B78042BF6D12822002118A8F2
:109DD00017F060FF18A822F05EF900284BD14FF071
:109DE000880922AF4A460021384617F053FF012365
:109DF0002022002168468DF8883017F04BFF202282
:109E0000013C08F10103002105940DEB0200E40080
:109E10000493640817F03EFF2022002110A8CDE92A
:109E20000C7917F037FFE02C6E46CDE914792C60E1
:109E300002D0B4F5807FBFD1134B07343360089351
:109E40004FF40053B3604FF48043E4080A93640076
:109E500010AB08A9324618A81194FFF7A5FE2B688D
:109E600004460733DB08590013B1384616F084FE68
:109E7000002C9BD0A0E76FF092006FE76FF0960088
:109E80006CE700BFF4CC020820000080F8B5134650
:109E900042880C460732072A4FEAD20101D0A1427C
:109EA0005AD1D0E90167058820221846002117F011
:109EB000F1FE360A034616B1012E50D1C660002CC1
:109EC0004AD041F20102954205D0B5F5885F02D033
:109ED000B5F5905F08D15C6026B1B90707F00102C3
:109EE00012D4A2B3002011E0B5F5105F07D1182CF1
:109EF00003D0202C01D0102C2ED11C60EBE705F4F0
:109F00004F42B2F5824F02D06FF08500F8BDEAB241
:109F1000122AF9D1202CF7D1124A25F0FF05B5F508
:109F2000E24F1A600CD0B5F5824F15D14FF40052B4
:109F300017F4705F09D017F4864F04D09A60E3E7F6
:109F40004FF48042F4E742F480629A60C4E79A6872
:109F500042F080729A60C5E76FF08600D6E76FF036
:109F60008B00D3E7200000802DE9F0411646002247
:109F70001C4643688CB01B0A80460D46009204D0F4
:109F8000012B56D06FF08B008EE0008820F0FF038D
:109F9000B3F5824F15D1B8F802700737FF08009764
:109FA00016F0C7FD002800F0E6800B78042B05D1E1
:109FB000013EB6EB470F05F1010504D06FF08600B6
:109FC00072E037460096224639464046FFF75EFF6C
:109FD000002869D1F21CC4E9030522F00302626182
:109FE000002F00F0AA802022002101A817F052FEC5
:109FF000394601AA4046FFF749FFDDE90176DDE970
:10A00000072C0399002840F098802368A568BB427C
:10A0100040F093806768B74240F08F808D4240F0F7
:10A020008C80A169914240F08880E26962453BD012
:10A0300083E0032EC2D90B78012B40F09F80497832
:10A0400000294BD0F73908299CD801A353F821F0F7
:10A05000B9A0000875A00008859F0008AFA00008FF
:10A06000859F0008D3A00008859F0008C3A00008B2
:10A07000CBA000084FF41056F825424F1C220021B7
:10A0800002A817F007FE03230197CDE904350396D4
:10A0900001AA09AD134603CBAB42206061601A46AA
:10A0A00004F10804F6D100200CB0BDE8F0811027BF
:10A0B0004FF08076FA25E1E720274FF00076F7256C
:10A0C000DCE7FE252F4F304ED8E7FF252D4F2F4ED2
:10A0D000D4E74FF41056FC252A4FCFE72B2E7FF6FE
:10A0E0006DAF2022204617F0D5FD05F1100315F0C5
:10A0F000030723610DD001AB05F1280C1A4628682F
:10A100006968083503C265451346F7D1286801AD73
:10A1100010606B68103E2360AB686360EB6866613B
:10A12000A3600123E3601FB12C2101A816F024FDD8
:10A130006946204616F03EFA20B12021204616F04E
:10A140001BFD3BE7B8F80030009F03F44F42B2F527
:10A15000824F0ED1DAB2122A0BD123F0FF03B3F5EE
:10A16000824F06D17B0062691C339A42BFF438AF3C
:10A17000E3E73B46F7E76FF0850095E76FF0910066
:10A1800092E700BF2000008000440002004400036A
:10A1900070B50E461446054610B96FF0860070BDC6
:10A1A0000029FAD03822002117F074FD094B24F45D
:10A1B0007E129A420AD13388B3F5105F06D1C4F3F8
:10A1C0000543102BE9D800202C60E8E76FF08500EC
:10A1D000E5E700BF0002C003F0B50E4617461C4677
:10A1E00005468DB060B302B953BB4EB354B12822BB
:10A1F000002102A817F04EFD02A821F04CFF20B16B
:10A200006FF0920420460DB0F0BD2B680F4A23F486
:10A210007E13934217D100943B46324602A9281D73
:10A22000FFF764FB044628B1212814BF6FF09204A5
:10A230006FF0860402A816F0B8F90028E2D0DFE734
:10A240006FF08604DEE76FF08804DBE70002C003EE
:10A250002DE9F0438FB0894690461D460446169F6F
:10A2600000284ED0002A4CD0002B4AD0002F48D0D6
:10A27000002946D02822002104A817F00BFD04A8CD
:10A2800021F009FF064628B16FF0920420460FB076
:10A29000BDE8F0832368102D28BF102513F47C1F20
:10A2A000C3F3054202D0954228BF1546184A23F44D
:10A2B0007E13934228D12822002104A817F0EAFC3B
:10A2C00010220021684617F0E5FC201D6B464A4627
:10A2D00004A9FFF767FA044660B1212814BF6FF0A4
:10A2E00092046FF086043E6004A816F05EF9002820
:10A2F000CCD0C9E72A466946404617F0D6FC2E4620
:10A30000F1E76FF08604C1E76FF08804BEE700BF95
:10A310000002C0032DE9F0410E4617469846044658
:10A3200000B3F9B1F2B19822002117F0B3FC314625
:10A33000069A04F16000FFF72BFF0546A0B92346FB
:10A34000424639463046FFF70FFE054660B972882F
:10A35000D208A2F110011029E26503D80A4BCB40C4
:10A36000DB0704D46FF086052846BDE8F0816369F9
:10A370001C329342F6D304F120031846216917F0EA
:10A3800094FC2061F0E700BF01010100F0B50D462B
:10A390001646044689B030B301B922BB20270021FC
:10A3A0003A46684617F076FC04F13803CDE90437E5
:10A3B0002368104AA06D23F47E139342019003D0CA
:10A3C00002F58072934211D1102803D0182801D0D1
:10A3D00020280BD1009033462A4669462046FFF7D5
:10A3E000FBFE09B0F0BD6FF08600FAE76FF0880061
:10A3F000F7E700BF0001C0032DE9F0410D46164606
:10A400001F4604468AB050B349B342B33BB34FF042
:10A4100020080021424602A817F03CFC04F1380352
:10A42000CDE906382368114AA06D23F47E139342C8
:10A43000039003D002F58072934213D1102803D009
:10A44000182801D020280DD1029033462A462046F4
:10A45000009702A9FFF7FCFE0AB0BDE8F0816FF09B
:10A460008600F9E76FF08800F6E700BF0001C0033F
:10A4700070B504460D4621F09FFD0C2C06460AD807
:10A480000C2C15D8DFE804F0181814181827141825
:10A490002B142E1431000D3CE4B2132C08D80123E8
:10A4A000174AA340134216D1062C26D0DB0721D42D
:10A4B000002321242B8009E08020FDF7B9FF4FF60F
:10A4C000FF7398420CBF0E2400242880304621F0F0
:10A4D0006EFD204670BD00230F242B80F6E74FF45D
:10A4E0008060EAE74FF44060E7E74FF4C060FDF7B3
:10A4F00081FFE4E74FF4F060F9E74FF4E060F6E73E
:10A500001C450D0030B58BB06C46814D814821F063
:10A51000D0FE0FCD0FC42B687F4A2360FF238DF838
:10A520000130D2F84C3113F4802340F0E480D2F8AB
:10A5300050218DF801309DF801306C46FF2B08BF8B
:10A540002C236846754D8DF80130FEF747F8322010
:10A55000FEF782F80FCD0FC40FCD0FC495E80300AE
:10A5600084E803006C4BD3F84C21120300F1BD804A
:10A57000D3F85041E4B28DF81940FEF729F80444AD
:10A5800084F3080466488DF81840FCF7D3FF68464A
:10A59000FDF75AFF3220FEF765F86248FEF75EF9D4
:10A5A0006148FEF7CBF9614C614821F082FE002042
:10A5B000FEF75EF8FEF708F9236F002023F007038B
:10A5C00043F003032367FEF729F9236F594923F466
:10A5D00074432367D1F8FC2012F080721EBFD1F8BB
:10A5E000FC3023F08073C1F8FC300021D4F88030B7
:10A5F00023F0030343F00103C4F880304E4BC3F84B
:10A60000801032B14B4AD2F8FC3043F08073C2F86C
:10A61000FC30464CD4F8203123F0070343F002030A
:10A62000C4F82031D4F8283123F0070343F00203A3
:10A63000C4F82831D4F8803123F0030343F0010338
:10A64000C4F88031D4F8403123F0030343F002030F
:10A65000C4F84031D4F8603123F0030343F002031F
:10A66000C4F86031D4F8403223F0030343F002030E
:10A67000C4F84032D4F8003223F0070343F0020359
:10A68000C4F80032D4F8083223F0070343F0020381
:10A69000C4F80832D4F8703223F0030343F0010306
:10A6A000C4F87032D4F8203223F0070343F00103DA
:10A6B000C4F82032FDF786FE4FF0E0220020136937
:10A6C00043F004031361D4F8603223F0070343F02E
:10A6D0000103C4F86032D4F8943223F0070343F046
:10A6E0000103C4F894320BB030BD144B1C88FF2C0E
:10A6F00088BF52243FE74FF07E6393F89C2093F984
:10A700009C30002BFFF617AF8DF8012013E700BF38
:10A7100014CD020858CD02080080E00F28CD0208B1
:10A72000005A620200B4C404C0EA21010080005053
:10A7300060CD020800ED00E0009000500001E00F45
:10A7400007B5094B186899889B7900906846ADF861
:10A7500004108DF80630FEF777FA0C20FEF7ACFAFD
:10A76000002003B05DF804FB50CD02082DE9F0474E
:10A7700005460E4621B900F049F9064600286DD07D
:10A78000337D1F2B6CD821F017FC0746354B1B6817
:10A79000183B13F1180F0FD1DFF8CC80D8F80090D8
:10A7A000ADBB424629461C2001F0A6F90446C0B1C3
:10A7B000384621F0FCFB05E0AB4206D1384621F0DB
:10A7C000F6FB12242046BDE8F0871A68B24201D099
:10A7D0009B69DDE73846002DF1D021F0E8FB23240A
:10A7E000F0E74FF0010AD8F8005000220421307D34
:10A7F00005F1100301F088F9044680B1BAF1000FA9
:10A8000002D0284621F0A5FEC8F80090D0E7B9F1A3
:10A81000000F01D1C8F800504FF0000AE5E70246EA
:10A820000421307D05F1140301F06EF9044618B1DE
:10A83000286921F08EFEE1E7294668602873A86048
:10A8400041F8186B074815F092FB304600F0BEF84F
:10A8500008213046297316F0E6FBA9E72D24B1E75D
:10A860000F24AFE7640F0020600F002020B1034BDE
:10A870001B6803600020704722207047600F002093
:10A880002DE9F0470F469046054608B9314B1D6843
:10A8900021F092FB01232E68696896F814E06FEAB4
:10A8A000010C03FA0EF3013B23EA010494FAA4F429
:10A8B000B4FA84F4A64504D821F079FB1A20BDE847
:10A8C000F0877A0707D54FF00109326909FA04F9D0
:10A8D00019EA020FF0D03A0710D50122F668A2401B
:10A8E0003242E9D0BA070BD40123A3400B436B607B
:10A8F00088F8004021F05BFB0020E0E7002FF1D159
:10A900002A7B9645F0D0AEEB020A0AF1FF395FFAD6
:10A9100089F9A145E8D301269640013EBF0706FA12
:10A920000AF609D542B10CEA060292FAA2F2B2FA8C
:10A9300082F2964588BF14464C45D5D223EA0603D9
:10A9400013EA0C0314BFB3FA83F32023C3F11F03EC
:10A95000DCB2C9E7600F002070B50E46044608B9A6
:10A960000D4B1C6823681B7DB34212D921F024FBD8
:10A97000012200256368B24023EA02036360236971
:10A9800043F82650636943F8265021F010FB28460F
:10A9900070BD2120FCE700BF600F002070B50D46A0
:10A9A0001646044608B9084B1C6823681B7DAB4259
:10A9B00008D921F001FB236943F8256021F0F7FA5B
:10A9C000002070BD2120FCE7600F002013B5046853
:10A9D000806821F06EFC0C4821F06BFC152000F023
:10A9E000BBF9152000F09CF91E23ADF804300023BC
:10A9F000204601A98DF8063015F06BFD012304F502
:10AA00008054636002B010BD64CD020800487047F6
:10AA100078CD0208F8B5134D6B6D2A6D1340124ABC
:10AA2000002B13659EB202DB01276EB9F8BD01232E
:10AA3000E9680E4AC1F304218B40284642F82130D0
:10AA4000BDE8F84020F070BBB6FA86F4C4F11F04EC
:10AA5000E4B22146284607FA04F420F065FB26EA12
:10AA60000406E2E70000045000200450680F0020B4
:10AA700070B501F05FFA0446E8B901F0E5FA21F09B
:10AA8000E9F84FF4167343430C4A03F5742303F2B9
:10AA90003F23B3FBF2F30A490A480B600A2302681A
:10AAA000094D0E68013B45F8046B0E6813F0FF0377
:10AAB0003244F6D10260204670BD00BF40420F0014
:10AAC000BC0F00208C0F0020900F0020012208B541
:10AAD000034B1A7021F08EFD024B186008BD00BFB9
:10AAE0002A200020880F002010B521F0B3F804467A
:10AAF00021F06BFA844207D921F088FD20B10122B0
:10AB0000024B1860024B1A7010BD00BF880F002066
:10AB10002A200020F8B51F4C2378E3B121F06AFD0C
:10AB20001D4B1E4D1B68C01A28602B68A3B12B68F3
:10AB30002B6021F08FF84FF416725043184A00F53D
:10AB4000742000F23F20B0FBF2F02B682B688342A8
:10AB500004D900232370F8BD0123E9E71148124E00
:10AB60000378296856F82320104F511A3A68521A70
:10AB700029683A6046F823100A210932B2FBF1F243
:10AB80000B4D0133DBB22A60B3FBF1F201FB123350
:10AB90000370DEE72A200020880F0020B80F002075
:10ABA00040420F002B200020900F00208C0F00202F
:10ABB000BC0F0020014B1868704700BFBC0F00207D
:10ABC000F8B503212C2016F03EFA04264FF480122B
:10ABD0000D4C0E4B0E4F04F500555A662C206F6736
:10ABE0006E672F672E6700F0B7F82C2000F098F8FA
:10ABF0004FF0007204F580535F675E67AA624FF4FE
:10AC000080529A62F8BD00BF0040005A0090005088
:10AC1000010000A0064B074A996D11F0050F01D005
:10AC2000117811B10028F7D170470120704700BF9B
:10AC30000040005A2C200020164B10B51C6F6007F6
:10AC400012D50421144A1167082191629B6DD9071E
:10AC500001D4FFF749FF01F0AFF801F08FF80120B0
:10AC600021F05EF821F0D4FCE20706D501220A4B60
:10AC70001A67FFF74FFF01F081F8A30042BF4FF0C2
:10AC80000052054B1A67002CBEBF4FF00042024B2A
:10AC90001A6710BD0040005A0060005A0028ACBF7F
:10ACA00000F16040064B4FEA0111C9B2ABBF00F59D
:10ACB000614000F00F0080F800131954704700BF86
:10ACC00014ED00E008B521F077F90B4B1A7872B952
:10ACD00001221A7021F06BF96FF004021046013264
:10ACE000052152B2FFF7DAFF4C2AF7D108BDBDE8C3
:10ACF000084021F05CB900BF2D20002000280CDBAB
:10AD000001220649430900F01F008240203341F828
:10AD10002320BFF34F8FBFF36F8F704700E100E038
:10AD2000002807DB01234109034A00F01F0083408C
:10AD300042F82130704700BF00E100E0054B4211AE
:10AD400053F8223000F01F0023FA00F0C04300F057
:10AD50000100704700E100E0002808DB0122430900
:10AD6000034900F01F008240603341F82320704700
:10AD700000E100E010B5044621F01EF9024B1C6012
:10AD800021F015F9002010BDC00F002010B521F0F2
:10AD900013F9034B1C6821F00AF9204610BD00BFCF
:10ADA000C00F002038B5104B05461B78ABB1B0B1D1
:10ADB00000202946286016F032F9044688B921F0AF
:10ADC000FBF82B680125094A190102EB03131D73D7
:10ADD000545021F0ECF8204638BD1124FBE7212423
:10ADE000F9E71A24F7E700BF2E200020C810002042
:10ADF00010B521F0E1F80023084A147B54B901335F
:10AE0000082B02F11002F8D1054B1C7021F0CFF88D
:10AE1000204602E021F0CBF8042010BDC81000202D
:10AE20002E2000200D4B10B51B7804468BB107284F
:10AE300011D80B4BC1B21868FFF78EFD21F0BCF89A
:10AE4000084B03EB041300241C7321F0B0F82046D8
:10AE500010BD1120FCE72120FAE700BF2E200020C2
:10AE6000C40F0020C810002010B521F0A5F8124B27
:10AE70001C781CB121F09BF8122010BD01221A7021
:10AE800021F095F80D4B0E481C731C7783F82C406D
:10AE900083F83C4083F84C4083F85C4083F86C4076
:10AEA00083F87C4021F005FA064821F002FA0648B2
:10AEB000FFF7DCFC2046E0E72E200020C810002031
:10AEC00068CD020864CD0208C40F0020F8B504461E
:10AED0001648007820B3072C24D8154D260105EB21
:10AEE0000410077B07B3AB510025069B85604360C8
:10AEF000134610480A46214615F0FEFA01230E4A71
:10AF0000A34053650D4BE1B253F824200C4B186855
:10AF1000FFF744FD0748214615F02CFB2846F8BDF5
:10AF20001120FCE72120FAE72520F8E72E20002059
:10AF3000C81000200000045000100450D4CD0208B6
:10AF4000C40F00202DE9F04F87B098469DF840309F
:10AF5000044600933D4B8B461B789146002B6FD0E7
:10AF600007286FD8002A6DD0B8F1000F6AD0119B66
:10AF7000B3F5006F66D8DFF8F0A003010AEB00120A
:10AF8000127B0193002A5FD00021314D102205EB86
:10AF9000401647013046CDE90311059116F07AFEBF
:10AFA0004FF444727280DDE900231AB9F27842F05E
:10AFB0003002F270DBF80020E9190292119AC1E91F
:10AFC0000189501E9DF84820C0F30A0002F00302D8
:10AFD000920642EA001CEA591E4810404CEA000260
:10AFE000EA51139A52B38A78C2F300123D44A97809
:10AFF00062F30411A970002513990AEB03024AF8C1
:10B000000310149B95605360134BE1B253F8242056
:10B01000124B1868FFF7C2FC334602AA21461048BB
:10B0200015F06AFA0E48214615F0A4FA01232846C5
:10B030000C4AA340536507B0BDE8F08F139AD5E7DB
:10B040001120F8E72120F6E72520F4E72E20002044
:10B05000C80F00200F80FFF3D4CD0208C40F0020DA
:10B060000000045000100450C81000200A4B1B7848
:10B0700063B107280CD8094B03EB00131B7B4BB1C2
:10B080000123074A83401364002070471120704752
:10B0900021207047252070472E200020C810002056
:10B0A000001004500A4B1B7863B107280CD8094BD9
:10B0B00003EB00131B7B4BB10123074A834013644E
:10B0C00000207047112070472120704725207047CD
:10B0D0002E200020C81000200020045038B504465F
:10B0E000D0F8A4301D68AB6C5906FCD5002394F849
:10B0F000AD101A4694F8AC00FDF7F6FF002394F863
:10B10000AF101A4694F8AE00FDF7EEFF94F8B43095
:10B11000DA0707D5002394F8B1101A4694F8B00066
:10B12000FDF7E2FF94F8B4309B0707D5002394F8AD
:10B13000B3101A4694F8B200FDF7D6FF012205F5C8
:10B1400000531A65042200211A652846094D15F09E
:10B15000A1F8D4F8A80021F0AFF8284604F1B8010E
:10B1600014F018FF2B6813B9034800F083FD00208A
:10B1700038BD00BF481100204C110020012910B536
:10B1800002D9022913D010BD124B1C68B83C14F12F
:10B19000B80FF8D0D4F8A80021F08BF8D4F8A43078
:10B1A0000521186815F076F8D4F8B840EEE7094B99
:10B1B0001C68B83C14F1B80FE5D094F8973033B957
:10B1C00094F895301BB9D4F8A80021F075F8D4F89C
:10B1D000B840EEE7481100202DE9F0471D461368FE
:10B1E0008EB01F6891F8313081468846144606AE0D
:10B1F000002B00F0F180DFF820C2BCE80F000FC682
:10B200009CE80F0086E80F0018220021684616F01F
:10B2100041FDA26803460892227B012A00F0DF80EC
:10B22000022A0CBF4FF440720022ADF82620627B48
:10B230000D93032A8CBF4FF480526C49A37B98BFB7
:10B2400031F812204FF0010AADF828205A1E022AC8
:10B2500088BF0023664A8DF80030D8F838308DF862
:10B2600006A01A60634A29465A60634A48469A60B3
:10B27000624ADA60424600F019FB0646002840F0B8
:10B28000A78023695E48C5F8A830237E85F8AF30D3
:10B29000E37D85F8AE30A37D85F8AD30637D85F81C
:10B2A000AC30A37E85F8B130637E85F8B030237F63
:10B2B00085F8B330E37E85F8B2302368C5F8A43052
:10B2C00020F0F7FF53460422A17D607DFDF70CFFBF
:10B2D0005346217E0222E07DFDF706FF85F8B4602B
:10B2E000206920F0E6FF98F83130384606A9002B97
:10B2F00078D014F0F6FF95F8B43043F0040385F8E5
:10B30000B4301421227D3F4B03EB4210C0F894145B
:10B3100094F816C0617D253241EA0C41C0F8AC14A6
:10B32000207EE17D03EB421341EA00415960A37B9B
:10B3300003F0FD03012B0BD195F8B430022243F04A
:10B34000010385F8B430A17E0023607EFDF7CCFEBA
:10B35000A37B023B012B0BD895F8B430042243F0B9
:10B36000020385F8B430217F0023E07EFDF7BCFEA8
:10B3700095F8B430DB0717D5A17E627E237D42EAC3
:10B38000014241F29C415B0103F1A04303F570339C
:10B390005A5041F2944202219950217FE27E03F5F6
:10B3A000A55342EA01421A60174B1B681BB91749A3
:10B3B000174800F04DFC144805F1B80114F0D7FD12
:10B3C000144A07F5005305213846DA6414F062FF89
:10B3D00030460EB0BDE8F087DFF840C00DE74FF40F
:10B3E000007222E714F081FF8BE700BFF4CD020862
:10B3F000FB1002082D11020811110208DDB000082F
:10B400006CCD020800C003504811002054230020D6
:10B410004C110020FF3F0D03FCCD02081CCE02089A
:10B42000034B0222186800238068194601F0E8BD2A
:10B43000C4230020302337B5007D0DF107014343BD
:10B4400003F1A04303F58023DD6E1C6F1FF0D2FED5
:10B450009DF8070040B9054B9D4203D1C4F3400459
:10B4600084F0010003B030BD0120FBE72F20002055
:10B470003021037D02464B4303F1A04303F58023B3
:10B48000D86E07491B6F884208D113F0020006D01E
:10B49000106A136D1B1A58425841704700207047BC
:10B4A0002F20002070B5044608B9012070BD057D2D
:10B4B0002846FFF7DBFD30236B4303F1A04303F580
:10B4C00080232846DE6EFFF7EDFD0A4B9E421CBF2F
:10B4D000042384F8A13094F8953094F8A1002BB19E
:10B4E000022803D1012384F8A130DFE70428DCD14E
:10B4F000F8E700BF2F2000202DE9F04F04464FF45D
:10B5000044764FF030093F4D00F1380710220021FA
:10B5100085B0384616F0BEFB6687C4E90F55207D1E
:10B52000FFF7A4FD10220021384616F0B3FB668712
:10B53000207D354EC4E90F5509FB0063DB6EAB423D
:10B5400004D105B0BDE8F04FFFF7ACBD0DF10B0124
:10B550001FF050FE9DF80B50002D4CD1204615F0E9
:10B5600028FE804603A9207D1FF064FE039B294628
:10B57000013B1FFA83FB04F118031D4610221846F5
:10B58000D4F810A016F086FBA169204ACBF30A0379
:10B590001B010A4043F040731343C4E9063A237D7C
:10B5A000C4F8208009FB0366336F94F824205B08FD
:10B5B00063F3410284F82420326F94F8243025F09C
:10B5C000030562F3000384F82430336F626A9B083A
:10B5D00063F39F0245F002056262656400943A4697
:10B5E00021460B4B207DFFF771FC207DFFF75AFDB4
:10B5F00005B0BDE8F08F94F8443023F0020384F8DE
:10B600004430EBE72F200020000004500F80FFFCA7
:10B61000DF1102082DE9F7434469064694F8953096
:10B6200063B194F898304BB1002384F8953020F042
:10B63000C2FE236E012120469B689847336904F1BE
:10B640007C07013B102200213846D6F80C90D4F834
:10B6500074809DB216F01EFB0B4BC5F30A0543EA3E
:10B660000513C4E91F39012394F8780084F88C305D
:10B67000C4F884803A46054B009604F16401FFF754
:10B6800025FC03B0BDE8F0830000103095120208DD
:10B690002DE9F04F0026044698468BB0089106929B
:10B6A0001E60069BB3EB060900F09F80089B9E1965
:10B6B00000F09B80207DFFF7D9FC2046FFF7D8FEE5
:10B6C0000746207DFFF7EEFC002F40F08E802046DD
:10B6D00015F06FFD216D94F89AB088429BBFD4E9B4
:10B6E0001253ED18451A6D1A4D4528BF4D46BBF152
:10B6F000000F00F09F8020F05FFCD4F8509007907E
:10B700002046FFF797FE4B46A946824658199842B5
:10B71000D4F89C2072D1D4E912130B449A420798B2
:10B7200008BFC4F89C1020F042FCD346207DFFF7F0
:10B730009DFC2046FFF77EFE0646204615F039FDAB
:10B74000236D8246984240F28380A26CAEB293424F
:10B7500076D1099304F12807236910223846002185
:10B76000079316F097FA3022079B013EE362099B8C
:10B77000C6F30A062363237D3601534327F00307EC
:10B7800003F1A04346F0407647F0020703F580231B
:10B79000A6621F67236DD4E912122B440A44934218
:10B7A00008BF0B469A45236505D10123204684F83E
:10B7B0005430FFF7A1FE207DFFF774FC94F89A3017
:10B7C0003BB1BBF1000F04D0236E112120465B6812
:10B7D0009847D8F80060B9F1000F06D0069B4E4498
:10B7E0009E42C8F80060FFF45CAFD8F80030002B30
:10B7F00014BF00201B200BB0BDE8F08F934203F173
:10B80000010108BFC4F89C101B7808BF5F4603F015
:10B81000FD0CBCF1110F03D006F8013B0B4676E797
:10B820002FB1A3F111025342534184F8A03009F122
:10B83000FF39F3E72A46304616F037FAA94675E78E
:10B84000238DC3F30A12164466F30E132385A1E772
:10B85000207D86B93023584300F1A04000F58020B8
:10B86000426E436EC2F30A122A446FF30E1343EA88
:10B87000021343668EE70C4B049403930023CDE937
:10B88000015301230093524623692146FFF75AFBD7
:10B890003022237D534303F1A04303F580235A6EE6
:10B8A00022F480125A6675E7DF110208F0B50C46E3
:10B8B00015460646A422002189B0204616F0EAF972
:10B8C0002746AC46BCE80F000FC7DCF8003005F196
:10B8D000140C3B6004F16407BCE80F000FC7DCF8F0
:10B8E0000030EA6A3B60AB6AC4E9132395F8302064
:10B8F000A36484F8992095F83320C4F89C30012380
:10B9000084F89A2084F8A03084F85430AB6B236616
:10B9100095F8343084F8943095F8313084F89830C4
:10B920003E4B346073603E4BB3603E4BF3603E4B26
:10B9300073613E4BB3613E4B3361FFF795FA08B13B
:10B9400012280CD107A8FFF72DFA40B9079B07A8CA
:10B950002375FFF727FA28B1207DFFF763FA10203F
:10B9600009B0F0BD0127079B84F87830314B736232
:10B97000314B84F8A170F361304B95F8321033628B
:10B9800084F8960084F89570204615F026FDAB6B80
:10B9900093F91100FFF7E0F9AB6B93F91100FFF792
:10B9A000BFF9207DFFF762FB0028D8D1244B049417
:10B9B000CDE90203E36C2146CDE900732369A26C53
:10B9C000207DFFF7BFFA0028C9D13022237D4FF434
:10B9D0008011534342F2640203F1A04303F5802334
:10B9E0009950AB6B93F91000FFF7B6F9AB6B93F975
:10B9F0001000FFF795F904F1900014F0B5FA304605
:10BA0000FFF7B8F92046FFF777FD207DFFF74AFBE7
:10BA1000003818BF01200001A2E700BFBD120208D4
:10BA20004F12020891B60008A1110208A7110208DE
:10BA300043140208A5B40008DB130208AD11020884
:10BA4000DF11020870B50568144E2C7D2046FFF703
:10BA50000DFB302303FB0463DA6E114B9A420FD1C6
:10BA60002846FFF7E7FC80B120F0A6FA01230D4A33
:10BA7000A3405365A2F580529362536320F097FA76
:10BA80002046BDE87040FFF70DBB2846FFF7F0FCED
:10BA90000028F5D10123A340B364F1E7000004506E
:10BAA0002F2000200020045013B50A4C23787BB9C6
:10BAB00000F040F8684600F035F8DDE900010222A8
:10BAC000054B15F02DFF08B90123237002B010BDFE
:10BAD0001220FBE7302000205411002007B500930E
:10BAE00013460A460146034815F05AFD03B05DF8B7
:10BAF00004FB00BF5411002013460A4601460148CA
:10BB000015F03DBE5411002007B5009313460A46B8
:10BB10000146034815F03DFE03B05DF804FB00BF8D
:10BB200054110020024AD2E90021C0E900217047E7
:10BB30007C1100200349044B044A5B1A11605360D6
:10BB4000704700BFC0250020000004207C110020A9
:10BB5000BFF35F8F074B5A6A22F480325A62D3F8E0
:10BB6000942022F00102C3F89420BFF34F8FBFF35B
:10BB70006F8F704700ED00E070B5FFF7E9FF234AD3
:10BB8000234CD2F8C030234D23F0FF0343F0A00331
:10BB9000AC422149C2F8C03028D025F01F03203B19
:10BBA000B3F1005F23D21D4B0A68184823F01F032E
:10BBB00043F00303C0F89820C0F89C30184B0132C2
:10BBC000C0F8A0300A60BFF35F8F05220F4BC3F8A7
:10BBD00094205A6A42F480325A62BFF34F8FBFF307
:10BBE0006F8FBFF34F8FBFF36F8F70BD0D4B086822
:10BBF0000D4EC2F8980043F001030130AC42C2F888
:10BC00009C60C2F8A0300860DDD0CCE700ED00E019
:10BC10004023002080210020841100205F23002089
:10BC2000E1FF03200000042003000020BFF34F8F3A
:10BC30000549064BCA6802F4E0621343CB60BFF3C8
:10BC40004F8F00BFFDE700BF00ED00E00400FA05E4
:10BC500038B54160044620F0A6F90546214604485F
:10BC600014F085F92846BDE8384020F097B900BFA8
:10BC70008811002038B5054620F095F9044629467C
:10BC8000034814F087F92046BDE8384020F086B913
:10BC900088110020014814F067B900BF8811002006
:10BCA00070B520F080F9134D0446134820F001FBD5
:10BCB0002E7896B900F0AEF9FFF7ECFF20F0BBFC50
:10BCC0000E4B1E601FF0C6FF0D4B0E4A1860536FDF
:10BCD00043F00103536715F045FE00F09DF815F0A1
:10BCE00057FE094B1860012320462B7020F056F9AF
:10BCF000002070BD3D2000206CCD02088C1100207A
:10BD0000B4110020004000509011002038B50446C6
:10BD100020F049F90F4D02462B78FF2B04D1B4B126
:10BD2000BDE8384020F03AB91BB9002CF8D0012109
:10BD300003E0002C14BF0121FF210B44DBB22B7068
:10BD4000B3FA83F304495B0910460B70E8E7194620
:10BD5000F3E700BF3A20002039200020054B1B6884
:10BD60005843054B00F5742000F23F20B0FBF3F080
:10BD7000704700BFB411002040420F0010B5094BBE
:10BD80001B786BB1084C237853B11FF071FD002371
:10BD9000064A237013700123054A1370054A137075
:10BDA00010BD00BF3C20002037200020362000209E
:10BDB0003220002031200020034B1B7813B10122D8
:10BDC000024B1A70704700BF3C2000203720002033
:10BDD00073B50F4E04463378834211D000238DF89B
:10BDE0000430430001A88DF805300A4DFCF734FEFD
:10BDF00040203CB1FFF7B2FF2B68181A286034705E
:10BE000002B070BDFFF7AAFF2B681844F6E700BF29
:10BE1000A8250020B811002073B5002401A88DF8D2
:10BE20000440FCF7B1FE2046224CFFF7D1FFD4F8C6
:10BE30000031214A03F0030313604FF480121F4BBB
:10BE40001F4D5A664FF400325A661FF03DFC1D4BE1
:10BE50001B780BB3D4F8003103F00303022B23D07B
:10BE6000032B24D0012B17D11EF080FE024698B17F
:10BE7000154B164EDC6800231946C4F30B0401343D
:10BE800004EB84040138E4FB060100F0E7FEFFF751
:10BE900065FF2B6803442B601F20FFF75FFF2B68B3
:10BEA00003442B6002B070BD1EF0BEFEDEE71EF044
:10BEB00063FEDBE700800050C411002000900050BA
:10BEC000B81100204020002000C0015040420F0067
:10BED0000122114B10B55A67104B114C1B78A3B1BE
:10BEE000022020F097FB80B11FF004FF68B1A36D22
:10BEF000D90302D5E36D9A0703D4094B9B6DDB0789
:10BF000004D54FF48032044B9A6210BD0122054BD8
:10BF10001A70FEF7DBFDF4E70050005A41200020C4
:10BF20000040005A3E2000200122014B1A70704749
:10BF30004120002070B520F03FF8144E05463478BB
:10BF4000FCB9134B1C60134B1C60134B1C6000F0BE
:10BF50002BF8012020F074FB1FF0B2FF0F4B0246BC
:10BF6000186020B9284620F022F8232070BD23460F
:10BF700040F2E7310A4800F071FE0A4B18600123D5
:10BF80003370284620F013F80020EFE7442000200B
:10BF9000D8110020D4110020E0110020DC11002075
:10BFA00018FCFFFFD011002010B5002486B0142229
:10BFB000214601A88DF8004015F06CFE01231348BE
:10BFC0008DF8043020F075F9BFF34F8F6846FDF708
:10BFD00031FB204601A98DF80440FDF73DFB2046CA
:10BFE0000F211EF05FFE0F2120461EF061FEFDF7BF
:10BFF00007FB1EF03BFE064B43209C61FEF7ACFEA8
:10C000004320FEF78DFE06B010BD00BF58CD0208DC
:10C0100000800A5008B50A4820F04BF940F601525A
:10C0200000210120FDF7B0F84FF4967200210120A5
:10C0300014F08CF94FF48072024B9A6408BD00BF73
:10C040005CCD020800900A5008B5094820F031F98B
:10C0500040F6016200210220FDF796F84FF492723B
:10C060000021022014F072F90022024B9A6408BDEC
:10C070005CCD020800900A5010B504461EF05CFD2D
:10C080000C4BA0F57A729A4212D84FF47A73B0FB37
:10C09000F3F05C43084BB3FBF0F3B4FBF3F002287E
:10C0A00006D9BDE810400323B0FBF3F0FAF748B916
:10C0B00010BD00BFFFC99A3B40420F001FB56B4641
:10C0C000084ACDF80CD01068516803C3022302A9B6
:10C0D0004FF0FF308DF808301DF0E8FF05B05DF837
:10C0E00004FB00BF40CE02084FF0FF3001491DF0B5
:10C0F000DBBF00BF48CE020838B508460C461DF02D
:10C10000D5FE034620B994E80700024D85E80700F4
:10C11000184638BDE411002070B5042915461C46A8
:10C12000049E01D9212070BD02D11DF0B9FE014647
:10C130000B4B9A7A8A42F5D918680C2303FB01014C
:10C1400015B1B1F904302B8014B1B1F90630238058
:10C150000EB90020E7E7B1F908303380F9E700BFF6
:10C16000E41100202DE9F0432A48DDF81C80847A90
:10C1700094424BD90C246243D0F800E01EEB020439
:10C1800046D06089002843D0B4F90450B4F9066061
:10C190008D42B4F908701DDCB142A8BF3146002FB2
:10C1A00036D000F1FF3C1FFA8CFC07FB0C594C1BEE
:10C1B00094FBF7F44E45D8BF6046A4B2A04202D328
:10C1C000B14218BF20465EF802C05CF820200CEB9C
:10C1D000800403E02946E2E7013880B218B154F840
:10C1E00004ED7245F8D0B1421EBF17FB00F14919AA
:10C1F00009B2994203DD10B1013880B2E5E70020B1
:10C20000C8F80020A8F80410BDE8F0830E20FBE772
:10C210000220F9E7E411002008B506494FF0FF308D
:10C22000FFF76AFFBDE8084001214FF0FF301DF025
:10C230003FBE00BFA8E202087FB50222084B0949B1
:10C24000CDE901234FF00073CDE90313072301A9C2
:10C250004FF0FF3005931DF04EFE07B05DF804FB74
:10C26000006A18000002060030B585B00DF10B051C
:10C27000012200211D20009503AB08F057FB044666
:10C28000A8B92A4601211D2008F096FB044670B982
:10C29000084D0949286814F023FF13F029FE13F014
:10C2A00028FE9DF80B200549286814F019FF204648
:10C2B00005B030BD540E002028C902082DC902085F
:10C2C000014B186813F090BEAC23002037B500F086
:10C2D000D3FA00283ED0204B204C186813F07BFE88
:10C2E00008B1012834D18DF80700012200211D205A
:10C2F0000DF1070308F04AFB054688B91849206884
:10C3000014F0EEFE13F0F4FD13F0F3FD9DF807209A
:10C310001449206814F0E4FEFFF7A6FF0546C8B1F3
:10C320001149206814F0DCFE13F0E2FD13F0E1FD8A
:10C330002B460E4A0E49206814F0D2FE2846FBF721
:10C3400037F80C49206803B0BDE8304014F0C8BE8F
:10C350000125E5E703B030BDAC230020540E0020DA
:10C3600028C9020848C9020863C9020868C9020846
:10C370006BC90208A3CC02087FB503689E4923F469
:10C380007F4323F007038B42024600F0FD8009D86B
:10C390009A4A934232D002F5A022934200F0E980FB
:10C3A00004B070BD96498B4200F0AE8101F180610E
:10C3B0008B42F5D1B0F805001B28F1D10DF10B032C
:10C3C00000930122002103AB08F0B0FA8D4C054622
:10C3D000002840F064819DF80B30002B40F07581FF
:10C3E000894B186813F0C7FE8849206814F078FE5E
:10C3F00013F07EFD13F07DFD854962E1854E814C91
:10C4000030460BF05FF8054610B38349206814F0FE
:10C4100067FE8249206814F063FE13F069FD13F093
:10C4200068FD7F4B7F4A00937F496823206814F0A2
:10C4300057FE7E492B467E4A206814F051FE28465E
:10C44000FAF7B6FF7B49206814F04AFE00BEFDE70C
:10C45000022130780BF070F8054610B36E49206861
:10C4600014F03EFE6D49206814F03AFE13F040FDD2
:10C4700013F03FFD6A4B6B4A00936B496D232068B4
:10C4800014F02EFE69492B46694A206814F028FEF4
:10C490002846FAF78DFF6749206814F021FE00BE98
:10C4A000FDE7A02200900346114630780BF024F8F7
:10C4B000054610B35849206814F012FE5749206809
:10C4C00014F00EFE13F014FD13F013FD544B554AF7
:10C4D000009355497623206814F002FE53492B46F9
:10C4E000534A206814F0FCFD2846FAF761FF5149D1
:10C4F000206814F0F5FD00BEFDE7022130780BF056
:10C500002FF8054610B34449206814F0E9FD43496B
:10C51000206814F0E5FD13F0EBFC13F0EAFC404B4F
:10C52000404A009340497B23206814F0D9FD3F49DD
:10C530002B463F4A206814F0D3FD2846FAF738FF0F
:10C540003C49206814F0CCFD00BEFDE73A4B18686A
:10C5500013F046FD2D49206814F0C2FD13F0C8FC0D
:10C5600013F0C7FC3549206804B0BDE8704014F0F2
:10C57000B7BD244C2549206814F0B2FD13F0B8FC77
:10C5800013F0B7FC2E49EEE71E4C20492068214EDF
:10C5900014F0A6FD13F0ACFC13F0ABFC29492068A5
:10C5A00014F09EFD022130780AF0C6FF05460028EF
:10C5B0004AD01949206814F093FD1849206814F0F6
:10C5C0008FFD13F095FC13F094FC154B154A009366
:10C5D00015499223206814F083FD14492B46144A10
:10C5E000206814F07DFD2846FAF7E2FE1149206824
:10C5F00014F076FD00BEFDE7A0000601A0000100DA
:10C60000A0000A03540E0020B423002028C9020809
:10C610002DCA0208AB25002076CA020880C902088C
:10C6200058E3020885C90208CBC902086BC9020891
:10C6300068C90208D7C90208AC230020E8C902086B
:10C6400005CA020819CA0208022130780AF088FFD8
:10C65000054600283FF4A4AE4649206814F040FD8A
:10C660004549206814F03CFD13F042FC13F041FCF6
:10C67000424B434A009343499723206814F030FD0E
:10C6800041492B46414A206814F02AFD2846FAF712
:10C690008FFE3F49206814F023FD00BEFDE73D49B1
:10C6A000206814F01DFD13F023FC13F022FC364922
:10C6B0002B46364A206814F013FD2846FAF778FE18
:10C6C0003549206814F00CFD6AE6012B0DD1334B7F
:10C6D000186813F04DFD3249206814F001FD13F085
:10C6E00007FC13F006FC2F49EBE72A49206814F0F9
:10C6F000F7FC13F0FDFB13F0FCFB9DF80B202A491F
:10C70000206814F0EDFC4BE6B0F805301D2B7FF4EB
:10C7100047AE1389254CDB072068214922D514F048
:10C72000DFFC13F0E5FB13F0E4FB2149206814F073
:10C73000D7FCFFF799FD054600283FF431AE1549B7
:10C74000206814F0CDFC13F0D3FB13F0D2FB0E499C
:10C750002B460E4A206814F0C3FC2846FAF728FE40
:10C760000D4900E714F0BCFC13F0C2FB13F0C1FB51
:10C770001049F8E676CA020880C9020858E30208A0
:10C7800085C90208CBC902086BC9020868C902083A
:10C79000D7C9020863C90208A3CC0208B423002049
:10C7A00028C9020837CA020840CA0208540E0020ED
:10C7B00061CA020878CA020838B51D4D04462B68C4
:10C7C000834201D100F046F86B68A3422FD1194C87
:10C7D0001949206814F084FC13F08AFB13F089FBDC
:10C7E00002221649206814F07BFC022012F08EFF12
:10C7F00005461149206814F073FC13F079FB13F01F
:10C8000078FB2A460E49206814F06AFC7DB10A497B
:10C81000206814F065FC13F06BFB13F06AFB2068D2
:10C82000084914F05DFCBDE8384014F00ABC38BD7E
:10C83000AC230020540E002028C9020890CA020828
:10C84000AECA0208CCCA02080022014B1A80704707
:10C85000DC1F002008B51FF0A6FB4FF6FF71054A4C
:10C8600013888B421CBF01331380BDE808401FF0C2
:10C8700095BB00BFDC1F002010B51FF094FB054ADC
:10C88000148814B1631E012413801FF087FB204617
:10C8900010BD00BFDC1F002010B50B4CC2B00AF069
:10C8A000C3FF206801F0E0F860B115F0FAF848B174
:10C8B0004FF48271206801AA15F03EFC10B901A85E
:10C8C00015F0E7F842B010BDE81B0020014902480E
:10C8D000FDF74CBF78CD0208F0110020064B1B6815
:10C8E0001A7A022A01D81AB97047032A00D0704771
:10C8F0001B68024A13607047782300200C12002046
:10C9000030B5204DA3B00BAC0FCD0FC495E80F0090
:10C9100084E80F000023CDE90233CDE90733CDE9E8
:10C920001F3304930993184B13AC1B6801AD01939B
:10C930000FCD0FC4154B06AD2360154B18AC1B680B
:10C9400006930FCD0FC4134B13A92360124B0BAAF0
:10C950001D9320231E9301238DF87D300F4B10482B
:10C960002193104BFEF738FC04469DF87F304FF4BE
:10C97000E130002B0CBF0321002113F0E7FA204621
:10C9800023B030BDD4E50208D0CD02083C00015BE5
:10C99000CCCD02084400015B452000208C23002000
:10C9A000CC1200201012002029B9074B1868036828
:10C9B0004BB1FFF747B8012905D1034B186803684D
:10C9C0000BB114F077BD7047A023002008B50449CF
:10C9D0000448FFF73DF9BDE80840FFF791BF00BFED
:10C9E000A4230020F4120020014814F0A7BB00BFCC
:10C9F000CC120020014B5A6A18681047CC12002054
:10CA000008B5044813F0E2FABDE80840024813F004
:10CA1000DDBA00BF0CE60208F4E50208014813F095
:10CA2000A4BB00BF24E6020830B503687E4A23F4A5
:10CA30007F4323F00703934289B040F0F38006223E
:10CA400000211620794B07F0A1FF044618B3784D5A
:10CA50007849286814F044FB7749286814F040FBB3
:10CA600013F046FA13F045FA744B754A0093754972
:10CA70006C23286814F034FB73492346734A2868F2
:10CA800014F02EFB2046FAF793FC7149286814F045
:10CA900027FB00BEFDE70146082212206D4B07F080
:10CAA00075FF044618B3624D6249286814F018FBFC
:10CAB0006149286814F014FB13F01AFA13F019FAFC
:10CAC0005E4B5F4A00935F497823286814F008FBA7
:10CAD0005D4923465D4A286814F002FB2046FAF7B8
:10CAE00067FC5B49286814F0FBFA00BEFDE70146CD
:10CAF00003221420584B07F049FF054618B34C4C4D
:10CB00004C49206814F0ECFA4B49206814F0E8FA1C
:10CB100013F0EEF913F0EDF9484B494A00934949F7
:10CB20008623206814F0DCFA47492B46474A2068E0
:10CB300014F0D6FA2846FAF73BFC4549206814F071
:10CB4000CFFA00BEFDE70DF10F0104A80AF01CFDAD
:10CB5000044618B3364D3749286814F0C1FA3649EF
:10CB6000286814F0BDFA13F0C3F913F0C2F9334B7F
:10CB7000334A009333499523286814F0B1FA3249B7
:10CB80002346324A286814F0ABFA2046FAF710FC24
:10CB90002F49286814F0A4FA00BEFDE7BDF8143050
:10CBA00001465BBAADF818309DF8133008228DF8B5
:10CBB0001A30FF238DF81B30FE238DF81C309DF8B2
:10CBC000123018208DF81D30BDF810305BBAADF86A
:10CBD0001E3006AB07F0DAFE054618B3144C1549B3
:10CBE000206814F07DFA1449206814F079FA13F0E3
:10CBF0007FF913F07EF9114B114A00931149A523D7
:10CC0000206814F06DFA10492B46104A206814F081
:10CC100067FA2846FAF7CCFB0D49206814F060FA51
:10CC200000BEFDE709B030BDA00001007EE60208AD
:10CC3000540E002076CA020880C902083CE60208A9
:10CC4000E3CA0208CBC902086BC9020868C9020816
:10CC5000D7C9020875E6020871E6020853B94AB955
:10CC6000002908BF00281CBF4FF0FF314FF0FF30F4
:10CC700000F0B2B9ADF1080C6DE904CE00F006F891
:10CC8000DDF804E0DDE9022304B070472DE9F04F40
:10CC90008C46099E04460F46002B48D18A42154611
:10CCA0005ED9B2FA82F33BB1C3F120029F409D40AE
:10CCB0009C4020FA02F217434FEA154E1FFA85FCFA
:10CCC000220CB7FBFEF10EFB117701FB0CF042EAE0
:10CCD0000742904207D9AA1801F1FF3702D29042C9
:10CCE00000F258813946121AA4B2B2FBFEF00EFBD4
:10CCF000102200FB0CFC44EA0244A4450BD92C1979
:10CD000000F1FF322CBF01270027A44502D9002FD4
:10CD100000F04381104640EA0140A4EB0C040021DE
:10CD20001EB1DC400023C6E90043BDE8F08F8B4212
:10CD300006D90EB1C6E9000100210846BDE8F08F12
:10CD4000B3FA83F1002951D16345C0F016818242C4
:10CD500040F213810846002EE7D0C6E90047E4E719
:10CD6000002A00F0AF80B2FA82F3002B40F0C280BC
:10CD70008A1A4FEA154EAFB20121200CB2FBFEFC1D
:10CD80000EFB1C2240EA024207FB0CF090420ED937
:10CD9000AA180CF1FF382CBF4FF001094FF0000921
:10CDA000904203D9B9F1000F00F0F080C446121A86
:10CDB000A4B2B2FBFEF00EFB102200FB07F744EA20
:10CDC0000244A7420ED92C1900F1FF322CBF4FF0BC
:10CDD000010E4FF0000EA74203D9BEF1000F00F084
:10CDE000D2801046E41B40EA0C4099E7C1F12005CF
:10CDF0008B400CFA01F400FA01F922FA05F72CFA3B
:10CE000005FC8A401F4320FA05F3380C23431FFA20
:10CE100087FE1C0CBCFBF0F800FB18CC44EA0C4469
:10CE200008FB0EFCA4450ED93C1908F1FF3A2CBFB3
:10CE30004FF0010B4FF0000BA44503D9BBF1000FDD
:10CE400000F0B880D046A4EB0C041FFA83FCB4FBBE
:10CE5000F0F300FB134403FB0EFE4CEA0444A6452A
:10CE60000ED93C1903F1FF302CBF4FF0010C4FF0ED
:10CE7000000CA64503D9BCF1000F00F09F800346CB
:10CE800043EA0840A4EB0E04A0FB02EC64457346A1
:10CE9000E04602D307D1F14505D2BEEB02036CEBAD
:10CEA000070C0138E0465EB1B9EB030264EB0804FD
:10CEB00004FA05F522FA01F3CC401D43C6E90054FB
:10CEC000002132E742082F464B08AC4642EAC172C5
:10CED000AE46C407110C92B241EA034142EA014254
:10CEE000B1FBF5F1B3FBF5F01F23A2EB0C0241EA15
:10CEF000004142E79D40C3F1200299409C402CFA3A
:10CF000002FC4FEA154E20FA02F2AFB2BCFBFEF86B
:10CF10000A430EFB18CC110C41EA0C4108FB07FC3C
:10CF20008C4550D9691808F1FF302CBF4FF001092A
:10CF30004FF000098C4502D9B9F1000F30D0A1EBB8
:10CF40000C01B1FBFEF808FB07FC0EFB181192B2B6
:10CF500042EA0142624534D2AA1808F1FF312CBFDF
:10CF60004FF001094FF000096245BED2B9F1000F40
:10CF7000BBD1A8F102012A44B7E7841A6CEB030283
:10CF800001201746E7E62C4402382BE7ACF1020CEF
:10CF90002A440CE702392A44A5E62C440238BAE6B2
:10CFA000A5EB0C0CA8F102006144B1FBFEF808FBF4
:10CFB00007FCCAE7A8F102083C4444E7023B3C44B2
:10CFC0005EE7414691E7A1EB0C014046B1FBFEF85C
:10CFD00008FB07FCB9E700BF704700BF08B5064B68
:10CFE000044613B10021AFF30080044B1B6803B16A
:10CFF0009847204614F0B5F80000000034140020D3
:10D000002DE9F7431D46574B04460E461F689046D0
:10D0100027B13B6A13B9384600F034F9B8F1020F72
:10D0200006D0B8F1010F00F29980002DC0F2968071
:10D03000636ED90705D4A3899A0502D4A06D14F0B4
:10D0400032FE2146384614F0D8FE616B41B104F13E
:10D050004403994202D0384614F0C4FB00236363B2
:10D060000023A3616360A3891B0603D521693846A9
:10D0700014F0B8FBA389B8F1020F23F44A6323F03C
:10D080000303A38160D001AB6A462146384614F001
:10D090008BFDA3891843A0812DBB009D284600F07D
:10D0A00071FA0646002851D1DDF80090A9453FD11C
:10D0B0004FF0FF35B4F90C3043F00202A281002298
:10D0C000A26004F147022260226101226261626E65
:10D0D000D60704D4980502D4A06D14F0E5FD2846C7
:10D0E00003B0BDE8F083002ED8D03B6A13B93846B0
:10D0F00000F0C8F8B8F1010F266002BFA38943F021
:10D100000103A381B4F90C3013F00802C4E90465EB
:10D110001ED0D90745BF00226D42A560A26048BF5E
:10D12000A561626ED20701D49B0513D50025D6E711
:10D13000484600F027FA06460028B9D0A3894D4694
:10D1400043F08003A381D0E70025B3E7A946F5E7C4
:10D15000A260E6E7A06D14F0A7FDE7E74FF0FF350A
:10D16000BDE700BFC4230020002310B50446836040
:10D17000818119464366C28108228361C0E9003378
:10D18000C0E904335C3014F085FD0D4B246263620A
:10D190000C4BA3620C4BE3620C4B23630C4B9C4285
:10D1A00006D003F16802944202D0D0339C4205D1EC
:10D1B00004F15800BDE8104014F074BD10BD00BF6C
:10D1C0004B1E02086D1E0208A51E0208CB1E020897
:10D1D000FC120020024A0349034814F0C7BC00BFF8
:10D1E000B8230020FB1D0208C823002041680C4B17
:10D1F000994210B5044601D014F0FFFDA168094B17
:10D20000994202D0204614F0F8FDE168064B99429D
:10D2100004D02046BDE8104014F0EFBD10BD00BFA3
:10D22000FC12002064130020CC1300200C4B0421BE
:10D230000C4A0D4810B51A600022FFF795FF0A4B03
:10D24000012209211C4603F16800FFF78DFF02222D
:10D2500004F1D0001221BDE81040FFF785BF00BFE8
:10D2600034140020D5D10008FC120020014814F02D
:10D270001ABD00BF65200020014814F015BD00BF95
:10D280006520002010B50446FFF7F0FF236A1BB1AC
:10D29000BDE81040FFF7F0BF044B2362044B1B684E
:10D2A000002BF5D1FFF7C2FFF2E700BFEDD1000878
:10D2B000341400200B46034902460868816800F0D8
:10D2C00049B800BFC423002038B50023054D0446EB
:10D2D00008462B6013F04BFF431C02D12B6803B1AF
:10D2E000236038BD3814002070B50D4B00260D4D5D
:10D2F0005B1B9C10A64209D10B4D1FF021FA0B4B72
:10D3000000265B1B9C10A64205D170BD55F8043B5E
:10D3100001369847EEE755F8043B01369847F2E7A7
:10D32000B8250020B8250020B8250020BC25002005
:10D3300038B50023064D0446084611462B6013F00D
:10D3400011FF431C02D12B6803B1236038BD00BF1D
:10D35000381400202DE9F04F0D469DB01446984634
:10D36000064618B1036A0BB9FFF78CFF6B6ED9073D
:10D3700005D4AB899A0502D4A86D14F094FCAB894E
:10D380001B0701D52B699BB92946304600F0A2FA4C
:10D3900070B16B6EDC0704D54FF0FF301DB0BDE8F7
:10D3A000F08FAB899805F7D4A86D14F07DFCF3E7F6
:10D3B0000023CDF80C804FF00109DFF8B481099308
:10D3C00020238DF8293030238DF82A3023469A46C1
:10D3D00013F8012B0AB1252AF9D1BAEB040B0BD0B3
:10D3E0005B4622462946304614F083FC013000F0AB
:10D3F000A780099A5A4409929AF80030002B00F04D
:10D400009F8000234FF0FF320AF1010A0493079333
:10D410008DF853301A93CDE905235446052254481C
:10D4200014F8011B14F093FD049AD8B9D10644BF37
:10D4300020238DF85330130744BF2B238DF853302E
:10D440009AF800302A2B15D0079A544600204FF046
:10D450000A0C214611F8013B303B092B4BD9B0B1E6
:10D46000079214E0A0EB0803A24609FA03F3134362
:10D470000493D2E7039B191D1B68002B0391BBBFCC
:10D480005B4242F0020207930793B8BF04922378ED
:10D490002E2B0AD163782A2B32D1039B02341A1D1A
:10D4A0001B6843EAE37303920593DFF8D4A00322D9
:10D4B0002178504614F04BFD38B1A0EB0A00402211
:10D4C000049B013482401343049314F8011B062289
:10D4D00028488DF8281014F03AFD00283FD0264B3C
:10D4E0001BBB039B073323F0070308330393099BFC
:10D4F0003B4409936AE70CFB02320C460120A8E783
:10D50000002301344FF00A0C19460593204610F809
:10D51000012B303A092A03D9002BC6D00591C4E764
:10D520000CFB012104460123F0E703AB2A4604A9C2
:10D5300030460093114BAFF300800746781CD6D1DC
:10D540006B6ED90705D4AB899A0502D4A86D14F087
:10D55000ABFBAB895B063FF51FAF09981EE703AB3A
:10D560002A4604A930460093044B00F013F8E4E780
:10D5700051CB02085BCB020800000000F31C02083C
:10D5800057CB0208024B0146186814F028B900BFB7
:10D59000C42300202DE9FF470F7E914680460C46AC
:10D5A000782F9A460C9E01F1430207D8622F0AD8C1
:10D5B000002F00F0D280582F00F0B78004F142060F
:10D5C00084F842703AE0A7F16303152BF6D801A165
:10D5D00051F823F02DD6000841D60008BDD500082B
:10D5E000BDD50008BDD50008BDD5000841D600084E
:10D5F000BDD50008BDD50008BDD50008BDD50008C3
:10D6000041D700086BD60008F7D60008BDD5000842
:10D61000BDD5000863D70008BDD500086BD600084B
:10D62000BDD50008BDD50008FFD6000833681A1D17
:10D630001B68326004F1420684F8423001239DE009
:10D6400033682068191D3160060601D51D6803E0A6
:10D650004506FBD5B3F90050002D03DA2D236D42AA
:10D6600084F8433059480A2310E0216833680806DB
:10D6700053F8045B02D4490648BFADB26F2F53483C
:10D68000336059D10823002184F843106668002EC6
:10D69000A66005DB21682E4321F0040121604DD0F6
:10D6A0001646B5FBF3F103FB1157C75D06F8017D84
:10D6B0002F460D46BB42F4D9082B0BD12368DF0758
:10D6C00008D5236961689942DEBF302306F8013C22
:10D6D00006F1FF36921B22614B4603AA21464046C3
:10D6E000CDF800A014F017FB01304CD14FF0FF3003
:10D6F00004B0BDE8F087236843F020032360782757
:10D700003348236884F845701F06316851F8045B7C
:10D7100002D45F0648BFADB23160D90744BF43F0C1
:10D72000200323601DB11023ADE72848E9E72368F3
:10D7300023F020032360F6E70A23A4E71646BBE79D
:10D7400033682568181D616930602E061B6801D595
:10D75000196002E06806FBD5198000231646236194
:10D76000BAE7336800211A1D32601E6862683046CD
:10D7700014F0EDFB08B1801B606063682361002337
:10D7800084F84330A8E72369324649464046D047EB
:10D790000130ABD023689B0713D4E068039B984209
:10D7A000B8BF1846A4E70123324649464046D04751
:10D7B00001309BD00135E36803995B1AAB42F2DC80
:10D7C000EBE7002504F11906F5E700BF62CB02087C
:10D7D00073CB0208B1F90C202DE9F041160705467C
:10D7E0000C4651D44B68002B02DC0B6C002B49DD3E
:10D7F000E66A002E46D0002312F480522F682B6078
:10D8000031D0626DA389590705D56368D21A636B5D
:10D810000BB1236CD21A0023E66A216A2846B0476E
:10D82000421CB4F90C3006D129681D2945D8284A74
:10D83000CA40D60741D50022D9046260226922601D
:10D8400004D5421C01D12B6803B96065616B2F6060
:10D85000C1B104F14403994202D0284613F0C2FF3B
:10D86000002363630EE00123216A2846B047024685
:10D87000501CC7D12B68002BC4D01D2B01D0162BF8
:10D8800019D12F6000201DE00F69002FFAD09307F7
:10D890000E680F600CBF4B690023A6EB07088B6076
:10D8A000B8F1000FEEDD43463A46216A2846A66AE3
:10D8B000B047002808DCB4F90C3043F040034FF0C7
:10D8C000FF30A381BDE8F0810744A8EB0008E7E73B
:10D8D0000100402038B5284B05460C46186818B1A1
:10D8E000036A0BB9FFF7CEFCB4F90C301A0721D448
:10D8F000D80607D409222A6043F040034FF0FF30D6
:10D90000A38130E0590712D5616B41B104F14403A2
:10D91000994202D0284613F065FF0023636300227A
:10D92000B4F90C30626023F024032269226043F0D2
:10D930000803A38122693AB99A0501D5180603D5CF
:10D940002146284614F054F9B4F90C3013F00102C2
:10D950000AD00022A26062695242A261226942B9E1
:10D9600013F08000C8D138BD990758BF6269A26022
:10D97000F4E70020F7E700BFC423002038B50446D1
:10D98000064D0846114600222A601A4613F0F1FBA4
:10D99000431C02D12B6803B1236038BD381400202A
:10D9A00038B50446064D0846114600222A601A463C
:10D9B00013F0E1FB431C02D12B6803B1236038BD97
:10D9C0003814002038B50446064D0846114600229A
:10D9D0002A601A4613F0DDFB431C02D12B6803B109
:10D9E000236038BD3814002038B50023054D0446A7
:10D9F00008462B6013F0B3FB431C02D12B6803B124
:10DA0000236038BD3814002030B5837985B001908B
:10DA10001844C0680D4600F0380011F0EDFA0446D5
:10DA200028B901A814F070FC022005B030BD2946C9
:10DA3000019814F073FC46220A490DF10F0014F00E
:10DA4000B2FB019904F10C0014F0F8FC48220549DE
:10DA50000DF10F0014F0A8FB20461CF002F9002085
:10DA6000E3E700BF84CB020813B5044678B1DC229B
:10DA700008490DF1070014F096FBE06814F07FFCF4
:10DA8000DE22044603490DF1070014F08DFB204609
:10DA900002B010BD84CB020813B5044690B140F229
:10DAA0009E220A490DF1070014F07DFB04F10C00E1
:10DAB00014F049FC4FF42872044604490DF10700A4
:10DAC00014F072FB204602B010BD00BF84CB0208E8
:10DAD000054B10B553F8204004B910BD20466368CB
:10DAE00098472468F8E700BF541400200020134B27
:10DAF00010B51870124B134CC3E90000124B206094
:10DB000018706060A06000F043FA80B2A0F10E03CC
:10DB10006380A0F11403013060810C49201DE38073
:10DB200013F0F0FC20460A4913F0ECFC04F1080065
:10DB30000849BDE8104013F0E5BC00BF6720002095
:10DB400054140020DE1F002066200020D0CB0208E5
:10DB5000D9CB0208E3CB020870B5044648B31EF0E7
:10DB60002BFA002363712379054613F0100605D0C4
:10DB700010232371BDE870401EF019BA0D4903F05F
:10DB8000030331F823203046013A21F823202146AF
:10DB9000094C00F0EFF923781BB13046FFF798FFEE
:10DBA0002670064B5B6813B10120FFF791FF2846F2
:10DBB000E0E770BDDE1F0020672000205414002025
:10DBC00038B50446057A1EF0F7F9054B53F82520C1
:10DBD000226043F82540BDE838401EF0E8B900BF98
:10DBE0005414002010B5064B00F0E0001A78541CC5
:10DBF0001C70044B03F8320003EBC203596010BDE4
:10DC0000662000203C1400200023F0B50E4D0F4983
:10DC10002C789C420FD951F833705E1C87424FEA32
:10DC2000C3020ED10A490A440133A34202F1080299
:10DC300002D3013C2C70F0BD92E8030002E903001E
:10DC4000F2E73346E5E700BF6620002040140020DD
:10DC50003C1400202DE9F04F04468BB0059242079A
:10DC600048BF00F0F70402911EF0A6F9DFF894A176
:10DC700004F003060AEB86033AF826205B88804608
:10DC80009A4204F0EF094FEA860739D2002000F0EB
:10DC900053F90546A0B33AF8263001332AF8263066
:10DCA00040461EF084F9002D40F0828023071DD5E8
:10DCB0001F2C1BD904F0E003574403931EF07CF99A
:10DCC0003AF82620AA467B88DFF838819A422CBF92
:10DCD0004FF0000B4FF0010B464F1EF068F908EBB8
:10DCE00086030693444B1B789A450ED3C4F38000F9
:10DCF00080F00100494600F0010000F09FF86EE05E
:10DD000001223E4B00251A70CAE73B78039A1A425B
:10DD100004D07B680193019B1B681BB90AF1010ABF
:10DD20000837DFE709935A79D00709D51A795107DF
:10DD300006D5BBF1000F0CD189EA0202920708D088
:10DD400001931B68002BEED1E5E701212B4A1170EE
:10DD500026E0019814F0F7FA90F804B0099009A8A9
:10DD600014F0D2FA5946002000F068F81EF024F9A9
:10DD7000069B38F826205B8804909A4234BF4FF007
:10DD8000010B4FF0000B03D2002000F0D5F80990F2
:10DD9000099B002BD9D038F82620013228F82620FC
:10DDA000049807931EF003F9079B002BB3D01D4680
:10DDB000284614F014FC029B029AAB71059B85F86F
:10DDC00004901344EB710E4B5B6843B11EF0F4F802
:10DDD00004460120FFF77CFE20461EF0E8F80948C3
:10DDE000452200EB8600294613F091FB28460BB034
:10DDF000BDE8F08F3C140020662000206720002042
:10DE000054140020DE1F00200022014B1A607047CE
:10DE10005C14002010B504461EF0CEF8064B1A68BC
:10DE20002AB91C602260BDE810401EF0C0B81B6813
:10DE3000A342F4D110BD00BF5C14002070B50546AC
:10DE40000E46054B1C6804B970BD63683146284610
:10DE500098472468F7E700BF5C1400202DE9F047DD
:10DE60004FF6FC7700251646DFF8748003311A4B15
:10DE700008EB00140F404FEA001A1B6862808146CD
:10DE800028F80A7002FB07F0E560984717FB06F3D5
:10DE90009BB2024660602381E0B11049204651F8F0
:10DEA000291013F031FB29462289606813F0F2FE35
:10DEB00029462B469E4205DC0020D044A8F802608B
:10DEC000BDE8F0876268E068551850500133E5609E
:10DED0003944EFE71A20F3E76014002088E60208CF
:10DEE0006814002010B5094C04EB001463682BB1D2
:10DEF000204613F00BFB606814F010FD2046BDE8CF
:10DF000010401022002113F0C5BE00BF681400208D
:10DF1000034B0201C3E900100021024813F0BABE0E
:10DF200060140020681400200022024BC3E9002284
:10DF3000704700BF6014002038B5094B020103EBA5
:10DF40000014E568204629469A5A13F0E0FA25B1F4
:10DF50002B68E3606388013B6380284638BD00BFBF
:10DF600068140020024B03EB00139878704700BF41
:10DF700068140020054B03EB0010C3680B60438856
:10DF8000C1600133438013F0C3BA00BF681400209E
:10DF9000044A010102EB0013505A10B11B89B3FB74
:10DFA000F0F070476814002038B5124D2B78FBB99B
:10DFB000114B002808BF1846046804B91C680D20DE
:10DFC0000E49FFF7A5FF5423B4FBF3F200235121C0
:10DFD000184692B2FFF742FF044620B1FFF7A4FFB4
:10DFE0001924204638BDFFF781FD01232B70F8E787
:10DFF0001224F6E76820002068C702080DE0000838
:10E000000149084613F07EBABCE60208012838BF71
:10E01000012038B5C41C24F00304204613F0A3FBF0
:10E02000054601462246084813F071FA2DB92146EB
:10E030000220FFF703FF284638BD2246002128466C
:10E0400013F028FEF7E700BFBCE6020830B5427EB9
:10E05000037E0446B2EB931F4FF0000589B03CD21B
:10E060005200214821491341CDE9040103F0030383
:10E07000E17D253304A88DF81930CDF81A50ADF89C
:10E080001E508DF8181000F015FD627ECDE9015587
:10E09000A38A03950AB9DA071CD5012223F00103EC
:10E0A0009BB2A3828DF8082003F00C03003B18BF3D
:10E0B0000123A27D5B0001A88DF80A308DF80920AC
:10E0C00014F08AFE206A16F0C6FF637E0133637681
:10E0D00009B030BD22680192E6E74577312009B0EA
:10E0E000BDE8304003F0D0BFD6BE898E55555500EF
:10E0F000212810B50C460ED18B8A9B0707D40848FF
:10E1000003F05CFF2046BDE81040FFF79FBFBDE86D
:10E11000104004F053BCBDE8104014F03EBC00BFFA
:10E1200025E10008F0B553280C4685B00FD05528DE
:10E1300074D0512878D18B8A03F00C03002B6DD05A
:10E140000120897D05B0BDE8F04000F067BA0027E6
:10E15000204603A9039714F0E3FB054600285BD093
:10E16000037803F00F03032B2BD1206A16F06EFF08
:10E17000A18A0646C1F38001284617F018F8002846
:10E180004AD1294680233246204616F0DAFF05465A
:10E19000002841D1274803F011FF294604F124004B
:10E1A00016F070FE0646A17D284600F021FA3046A2
:10E1B00016F051FF2046039905B0BDE8F04014F079
:10E1C000DFBB052B28D1206A16F040FFA18A04F19D
:10E1D00048030193C1F3801306460093C1F3001274
:10E1E0003B462846C1F3C00116F0E9FFA0B9294615
:10E1F0004FF480733246204616F0A3FF054658B907
:10E20000039816F06FFE00F083FB3120657705B0B0
:10E21000BDE8F04003F038BF00F07AFB204605B0BF
:10E22000BDE8F040FFF712BF05B0BDE8F04014F0C4
:10E23000B4BB00BF39E20008512810B50C4607D125
:10E24000054803F0BBFE2046BDE81040FFF7FEBEC8
:10E25000BDE8104014F0A1BB25E1000801200149F0
:10E2600003F09ABEF1E0000821281FB50C4634D116
:10E270001C4803F0A3FE04F1100000F01BFC94F80E
:10E28000240016F0D8FD94F82030626813F00103E2
:10E2900094F8221012D00023CDE90233A368684617
:10E2A00013440193012300928DF80A308DF80B106E
:10E2B0008DF80C3000F0D4F904B010BDCDE9013375
:10E2C0000223684600928DF805108DF8063014F090
:10E2D00083FD204614F0E6FBEEE704B0BDE81040F5
:10E2E00014F063BB112B02080320014903F054BE54
:10E2F00069E2000837B5174D0446EB6993F87D20B5
:10E3000012B9002003B030BD01281AD002280CBF7A
:10E31000022201228DF8042001228DF805209A6F37
:10E32000286922F044029A6701A91BF054FD0028D5
:10E33000E8D1012C07D1EA69936F43F0400393675A
:10E34000DFE70422E6E7022CDBD1EA69936F43F0B2
:10E350000403F4E7C80A002037B5184D0446EA69FB
:10E3600092F87D3013B9002003B030BD01281CD0D5
:10E3700002280CBF022301238DF8043001238DF8FD
:10E380000530936F286923F4805323F002039367C9
:10E3900001A91BF036FD0028E6D1012C07D1EA695E
:10E3A000936F43F002039367DDE70423E4E7022C55
:10E3B000D9D1EA69936F43F48053F4E7C80A002087
:10E3C0000422F0B51D4E0546F36985B083F87C2024
:10E3D000407914F0EFFC2C79074694B1A879FFF747
:10E3E00089FF044638BB01466A79012014F0C0FC5D
:10E3F0003B4622467179306905B0BDE8F0401BF01C
:10E400008BBC2B6868790394029314F0D3FC0090C2
:10E4100022467179306902AB1BF080FC044650B98A
:10E42000A879FFF767FF044628B9024601216B79F6
:10E43000286814F09EFC204605B0F0BDC80A0020F4
:10E44000014B18691BF0D0BDC80A0020014B1869A8
:10E450001BF0CCBDC80A0020F8B51DF0ADFD064686
:10E46000164FFB6993F86F4093F86E300434E41A4A
:10E47000E4B20CB9042507E0012014F0BAF8014613
:10E4800088B9C4F10405EDB230461DF090FD44B1E9
:10E49000FA694FF00060936F43F01003936703F045
:10E4A0000FFF2846F8BD064813F0D2FFFA69013C79
:10E4B00092F86E30013382F86E30D9E7C80A002036
:10E4C000DC0A00202DE9F843DFF86C800546D8F817
:10E4D0001C3093F86E4093F86F30E41AE4B298B1B0
:10E4E0001DF06AFD2E460746306820B1042C0ED17F
:10E4F000304613F009FF29680E4813F09FFF384695
:10E500001DF055FD00232B602046BDE8F883D0F8B0
:10E51000009014F064F83368D8F81C20C3F8009019
:10E5200092F86E30013401333668E4B282F86E300E
:10E53000DAE700BFDC0A0020C80A00202DE9F0411C
:10E540004FF0000882B00546CDF8048038B3154F6F
:10E5500001AC0AE023601B687B612368C3F800807C
:10E560002668453D002D344610DD7B69002BF1D136
:10E57000012014F03EF8064620600028F1D101A8E1
:10E58000FFF7A0FF304602B0BDE8F081019E3046A3
:10E59000737943F00103737102B0BDE8F081064660
:10E5A000F5E700BFC80A002008B504F031F8024BB7
:10E5B0001030D86108BD00BFC80A002038B5044635
:10E5C0000A4DFFF7F1FFEB692A689A6764B1A088EA
:10E5D00003F078FC03F092FC0122EB6983F87C20C5
:10E5E000FFF73AFF002038BD0120F3E7C80A0020FA
:10E5F000042238B5084B0D46DB6983F87C20FFF711
:10E6000079FE044608B100F0B7FB2A46002101203C
:10E6100014F0AEFB204638BDC80A0020022238B5EF
:10E62000094B0D46DB6983F87C20FFF795FE044615
:10E6300008B100F0A1FB2A460021012014F098FB4C
:10E6400014F0B5FB204638BDC80A0020034A136801
:10E6500023F40043136000F065BD00BFC80A00202A
:10E660007FB52D4E0446F569102295F87C300021C7
:10E67000022B14BF02230823684685F87C3013F070
:10E6800009FB237A002B3DD001238DF80430636809
:10E690000293A37A53B195F87D0003F0FDFB029B32
:10E6A00002881344029301238DF80D30637A207B96
:10E6B0008DF80E30FFF750FE0546C0B9E07A14F031
:10E6C00079FB6A460346717930691BF029FB0546E0
:10E6D00068B9F369227AB3F87A10E37A01F001019C
:10E6E0009AB11A46012014F043FB14F060FBF26962
:10E6F000936F23F48033936715B1284600F03CFBF9
:10E7000004B070BD23680093C1E70A462068012168
:10E7100014F02FFBE9E700BFC80A0020F0B51B4B3F
:10E7200087B0DD6995F86C4004EBC404A600AF59CE
:10E7300005EB840417B1204607B0F0BD1A79A77322
:10E740006273032101AA1869A7601BF0B8FBA851E6
:10E750002046039A049B1036AA513544BDF8082080
:10E760009DF804106B60BDF806300729A3EB020387
:10E77000638308BFA368228308BF43F00103A78314
:10E78000276208BFA36007B0F0BD00BFC80A002021
:10E7900083689B0700D5704730B5154D87B0044698
:10E7A00001686A4628691BF08CFB50B9238B628B89
:10E7B0006946134403332869ADF804301BF083FB2A
:10E7C00008B107B030BD009B9DF90E00636000F0FA
:10E7D00099FC2073EB699DF8111093F87D0003F00C
:10E7E0004FFBA368A07343F00203A36007B030BDE2
:10E7F000C80A0020F8B54FF6FF741E46A142038BED
:10E80000B0F81AC008BF818B9C4418BF8183614552
:10E81000054636DA4FF6FF708242ACEB010C02D0AF
:10E820009445A8BF94468B421FFA8CF407D8002762
:10E83000A74216D3AB8B38463B44AB83F8BD5B1A7B
:10E84000A342A8BF23462A69304611449AB217460C
:10E8500013F0D7FF80B2B84218D1298BA7420B46DC
:10E86000E8D23046C91AE61B6B69B6B2324613FAD3
:10E8700081F113F0C6FF80B2361AB6B226B9274628
:10E88000D8E700273846F8BD384480B20746AB8B3E
:10E890001844A8833846F8BDF8B524260F4FFC6904
:10E8A00094F86D3006FB0344214614F09EFA0546A9
:10E8B0001DF082FB0022F969226291F86D305E43FF
:10E8C0008A5103220133B3FBF2F202EB42029B1A9C
:10E8D00081F86D301DF06BFB2846F8BDC80A00209A
:10E8E0002421044BDB6993F86C2001FB023114F006
:10E8F0007CBA00BFC80A0020044BDA69926F920507
:10E9000003D5002118691BF0F4BA7047C80A00202B
:10E9100010B5154CE36993F87C30012B08D0002228
:10E920001146104614F024FA0122E36983F87C2092
:10E930000122032120691BF0EAF90022012120694C
:10E940001BF0C3FAFFF7D8FF002014F037FA14F0D9
:10E9500037FA002014F035FAE269936F23F48473D8
:10E9600043F4C043936710BDC80A002010B51DF0E2
:10E9700023FB0446FFF7CCFF074B5620DA69B2F8B9
:10E9800076300133A2F8763003F0C6FB2046BDE8AE
:10E9900010401DF00CBB00BFC80A002010B5114C80
:10E9A000E269936F190704D523F008039367FFF713
:10E9B000DDFFE269936FD80604D523F01003936757
:10E9C000FFF74AFDE269936F990609D523F020030A
:10E9D000936704F029F818B1BDE81040FFF7C6BFEF
:10E9E00010BD00BFC80A002008B5FFF791FF00F076
:10E9F00099FB094A1368D16923F4004313605369F2
:10EA00000022501C23B981F86E2081F86F3008BDB8
:10EA100002461B68F5E700BFC80A0020014B1869D1
:10EA20001BF077BAC80A0020002208B5104611462C
:10EA300014F09EF9034B186909F0FEF914F0BDF9C2
:10EA400008BD00BFC80A0020024B5878C0F3800000
:10EA5000704700BFC80A002038B5154C0546E36969
:10EA600093F87D3083420ED0431E042B08D8DFE894
:10EA700003F0030B0F141600206909F00FFE10B904
:10EA8000E36983F87D5038BD206914F09CF9F6E7FE
:10EA90000021206914F099F9F1E70221F9E7FFF765
:10EAA000D3FF0028ECD0206914F091F9E7E700BF0C
:10EAB000C80A00207FB50446114E407A0025307107
:10EAC00014F037F97071207AFFF7C6FF6368694662
:10EAD0000093236830690193637A8DF80A50ADF88A
:10EAE0000830ADF80C501BF0D3FA2A4629462846C8
:10EAF00014F05CF9206814F062F904B070BD00BF36
:10EB0000C80A002038B50B4C05462368206923F459
:10EB1000806323601BF06CFA38B10DB9002038BD5A
:10EB2000236843F480632360F8E7002DF6D00C20BF
:10EB3000F5E700BFC80A0020F0B53B4C0746216846
:10EB400089B011F0010165D12022204613F0A2F80E
:10EB500036481BF0EFF8064610B1102009B0F0BDA2
:10EB6000334D344B01A82B6003F056FD029B204629
:10EB7000AB82019B32462B622F4B29461B886B824E
:10EB80002E4B1B68EB612E4B1B882B822D4B1B6879
:10EB9000AB614FF0FF3340F8103F09F0F1F8002867
:10EBA000DBD1BB68DB0237D4012000F0F1FA00288A
:10EBB000D3D102224FF0FF3120691BF051F9002818
:10EBC000CBD10120FFF79EFF20691BF036FA002809
:10EBD000C3D11D4E01AD0FCE0FC596E8070085E8E5
:10EBE0000700206901A909F0D5F90028B5D1012154
:10EBF000206909F02BF90028AFD1144A1449206983
:10EC000014F0B8F800F002FA0028A6D1236843F007
:10EC1000010323600020A1E70E49206909F0EEF806
:10EC20000028C1D099E700BFC80A0020690345EC5D
:10EC300038150020A1ED000884E9020888E90208DF
:10EC400086E902088CE90208CCE602082F2D0208AA
:10EC50005D2D0208C6E6020870B505460E4614464C
:10EC60000AB114F0A5F80448234632462946BDE807
:10EC7000704000691BF021B9C80A0020024BDB6913
:10EC800093F87D00704700BFC80A0020044BDA6982
:10EC9000936F034393674FF0006016F097B900BF7E
:10ECA000C80A002038B500F003FE324C28B3857D39
:10ECB00025BBE36993F87C20022A10D1B3F87220B7
:10ECC00053200132A3F8722003F026FA012014F039
:10ECD00078F82421E26992F86C304B43D550E26910
:10ECE00092F86E3092F86F209B1ADBB2032B40D85B
:10ECF000BDE838401020FFF7C9BFFF25284603F0C4
:10ED000053F9002831D0E36993F87C20022AE6D138
:10ED1000B3F8722053200132A3F8722003F0FCF9FB
:10ED2000012014F04EF823681D0407D5E36993F819
:10ED30007C30012B02D0522003F0EEF92422E1694D
:10ED400091F86C305A4388188068C0F380054007FA
:10ED500041BF03220133B3FBF2F202EB420246BF92
:10ED60009B1A81F86C308D50B9E7322003F0D4F94A
:10ED7000B5E738BDC80A002038B505461DF013F9BF
:10ED80000446064B0820DB6983F87E50FFF77EFFC0
:10ED90002046BDE838401DF001B900BFC80A002078
:10EDA000F8B515461C4606461946104614F004F8F8
:10EDB0002A462346304614F060F84E4ED6E9022328
:10EDC00000EA020401EA03050D2C75F100034DD29F
:10EDD0000D2C75F1000318D3474B23402BB124F0C1
:10EDE000011323F4A0432B4376D004F17F432B433C
:10EDF00065D0610152D5F369996FCA054ED521F4EA
:10EE0000807193F87C20996726E00C2CE4D801A34C
:10EE100053F824F06BEE0008D9ED0008D9ED000896
:10EE2000D9ED0008B9EE0008D9ED0008D9ED0008C9
:10EE3000D9ED00084FEE0008D9ED0008D9ED000823
:10EE4000D9ED000849EE0008002013F0BAFFFFF7E3
:10EE500029FFF36993F87C20082A04BF022283F873
:10EE60007C202046294613F086FFF8BDA4F5804398
:10EE7000083B2B43B0D1FFF715FFF36993F87C20D3
:10EE8000022AE9D140F60201986F814318BF01229E
:10EE9000552083F87C2003F03FF9DAE71DF083F872
:10EEA00064220746F369082083F87E20FFF7EEFE10
:10EEB00038461DF073F8CCE713F084FFC9E7F26918
:10EEC0005120B2F870300133A2F8703003F024F909
:10EED000012013F076FFBCE7F36993F87C20012A48
:10EEE000BFD040F60202996F8A4314BF012202226A
:10EEF000CEE700BFC80A00200150010030B50C4623
:10EF00000021054685B009480091006903AB0DF169
:10EF10000E02FDF701F915B1BDF80E302B8014B1CA
:10EF2000BDF80C30238005B030BD00BFC80A0020FA
:10EF300013B504460DF106010020FFF7DFFFBDF910
:10EF40000600074BC828A8BFC820A042A8BF20467B
:10EF5000B3F904209042B8BF1046588002B010BDEB
:10EF6000EA1F002070B586B0ADF80C20ADF80E3069
:10EF70004FF0C8124FF08213ADF80800ADF80A1038
:10EF800000200DF10601CDE90423FFF7B7FF02A829
:10EF900004220346BDF9066004ACB0F9001034F950
:10EFA000025BB142A8BF3146A942A8BF2946013A37
:10EFB00012F0FF0220F8021BEFD103CB034AC2F884
:10EFC0000600C2F80A1006B070BD00BFEA1F00209C
:10EFD00013B5044600210DF10600FFF78FFFBDF9C0
:10EFE0000600084A084B9042B8BF1046A042B8BF7E
:10EFF0002046B3F902209042A8BF1046988002B084
:10F0000010BD00BFD4FEFFFFEA1F002038B5144B2F
:10F010000021186912F02BFD0446E8B947F6FF738A
:10F0200010498D1E086048608860881C21F8023CE9
:10F03000FFF764FFB5F90420B5F902309A420DDC00
:10F04000C820FFF775FF0848FFF7C2FF64231A4680
:10F0500019461846FFF786FF204638BD1024FBE707
:10F06000C80A0020EC1F0020D4FEFFFF084B10B59B
:10F07000B3F9024030B903EB4103B3F904309C42C9
:10F08000A8BF1C46A242A8BF2246104610BD00BF22
:10F09000EA1F00200346044AB2F904001BB1034BE7
:10F0A0001B8BC01A00B27047EA1F0020C80A00205C
:10F0B000C82838B50EDC084B084D1A8B801AB5F9F4
:10F0C000002004B2A24205D02146186909F0FEF8DA
:10F0D00000B92C8038BD00BFC80A0020EA1F0020FC
:10F0E0008BB200294FF00A01B4BF053B05339BB238
:10F0F0001BB293FBF1F3024A10835383704700BFA6
:10F10000C80A0020024B5B8BC01A40B2704700BF98
:10F11000C80A0020024B1B8BC01A00B2704700BF08
:10F12000C80A00200022044BDB691A605A629A6404
:10F13000A3F86C20704700BFC80A00200A4B418B1F
:10F14000DA6992F86E3092F86F209B1A5BB203EB8B
:10F15000031203EB8203028B50180A30834234BF40
:10F1600000200120704700BFC80A0020074B418BD8
:10F17000DA69038B0B4445214E33B3FBF1F392F86C
:10F180006F100B4482F86F30704700BFC80A002030
:10F1900007B50A490A4AD1E90203024343F02003B2
:10F1A000C1E90223CDE900234FF0FF324FF0FF33D6
:10F1B00008691AF028FE03B05DF804FBC80A0020B5
:10F1C0000DD50155054A08B59268824205D04279AD
:10F1D00042F00302427108F01FFC08BD5C150020DC
:10F1E00010B5074813F090F8054B1C46181D13F096
:10F1F0008BF804F10800BDE8104013F085B800BF9B
:10F200005C15002010B5022013F0F3F9034C606088
:10F21000022013F0EEF9A06010BD00BF5C150020C5
:10F2200008B5FFF7DDFF0022024BDA60BDE80840B9
:10F23000FFF7E8BF5C150020014B5868704700BF1E
:10F240005C150020014B9868704700BF5C150020DA
:10F2500038B5104DEB681BB1EB6898470023EB60A5
:10F260002B688BB10B4813F06EF8044660B12B6825
:10F270001BB14FF0004015F0A9FE204613F06AFEC6
:10F2800018B1204613F068FE38BD204617F073FA17
:10F29000FAE700BF5C15002010B5084CE0604FF0A5
:10F2A000004015F093FE00BF00BF00BF00BFE36841
:10F2B0001BB1E36898470023E36010BD5C15002094
:10F2C00038B5827943790244527B044612F0300FFC
:10F2D00006BF23F0020343F0010303F0FC03437174
:10F2E0001CF06AFE05462146054813F0A7F84FF0CA
:10F2F000004015F06BFE2846BDE838401CF057BEB4
:10F300005C1500202DE9F041244E00217468FE2098
:10F31000A57900F09DFC074613F0EAFD50B141F2DB
:10F320000C00C2B20023B06842F20501BDE8F04112
:10F3300013F013BE13F0DEFD0028F0D10C352C4481
:10F34000237AE51C9B09022BE9D0012B18D9237ADB
:10F35000A11C03F03F02073443F0C00311F8010F72
:10F360008C4242EA000203EA0003F7D1002AD6D019
:10F37000FF2BD4D057B9284615F0D0FD0020D0E798
:10F38000294615F0DEFD0028E1D0C8E729463846B9
:10F3900014F002FB0028EED0C3E700BF5C1500208C
:10F3A00010B5084C6068837918440F3002F0DCFE19
:10F3B0000023A0681A46BDE810404FF6284113F01C
:10F3C000CCBD00BF5C150020F8B507460D461646BB
:10F3D0001C4623B9012013F00CF90446C8B10622DB
:10F3E0000C21204613F0D4FD691EC9B2032988BF41
:10F3F0000022A37998BF074A03F10C0398BF525C1F
:10F40000234420469F80DE70DA719A71FFF7DAFE9E
:10F410000120F8BDE8E60208F8B5FFF70DFF837993
:10F420001844B0F80F60B0B201F006FC0446C0B159
:10F4300015F082FA0138C0B2032814D800270B4B0C
:10F440001C5CFFF7FFFE054604233A4642F23001FA
:10F4500013F083FDAB790C33E818C6800472447254
:10F46000F8BD0227EDE700242746EAE7E8E60208B0
:10F470002DE9F0411D46134307460C461646BDF8DC
:10F48000188006D12046BDE8F0411A46194613F00F
:10F49000DDBE4146204617F07BFA78B1214638465A
:10F4A00014F0BCFF40238674C57421460693384689
:10F4B0004346BDE8F041024A17F090BABDE8F0813A
:10F4C00029330208F7B50E46054615F032FAB3792E
:10F4D00000780C3333445F789B7800EA10101F40AB
:10F4E000384013F07BFE044668B9284613F07FFECF
:10F4F000384013F073FE044628B9284615F01CFA6C
:10F5000002F0B4FC04462846002115F0A5F81721A6
:10F51000304617F019FA304617F007FA31464470B2
:10F520008470284617F0F6F90321284614F0CDFF21
:10F5300040220346009229460020024A17F04EFA64
:10F5400003B0F0BDDD32020810B5074C2368DA06BF
:10F5500007D523F01003236018B90220A16813F027
:10F560000BFC0023A36010BD6C150020F8B5002330
:10F57000027D0446950703600CD550F8081FC90C9E
:10F5800001F4FC7141F0050116F0E7FD227D02F067
:10F59000FD022275A06813F09DFF0546100703D5F4
:10F5A000FFF73CFA28446060194F62683E4656F8FF
:10F5B000041FAD1A79B921603460BB68E3B1607D86
:10F5C000597D884219D2217D09070FD5BDE8F84041
:10F5D0000020FFF7B9BF886813F07CFF4B682B440D
:10F5E0001B1A002BE7DA0E460968E3E759681B6926
:10F5F0000B449B1A002BE9DAF8BDD3E9011013F094
:10F6000069FFE3681A44521AC242F5D5DEE700BF2B
:10F610006C150020014610B50446032013F0ACFB26
:10F62000054B1B68D90305D4237D5A075CBF43F003
:10F630000203237510BD00BF6C150020014BD86874
:10F64000DC3870476C15002018220021014812F0A8
:10F6500021BB00BF6C150020034B1B6803EA004070
:10F66000003818BF012070476C15002030B5B8B1C4
:10F670004468ACB1104D2B691A4692B943B19A68EF
:10F680008A1A41BF5242B2FBF4F202FB0444091948
:10F690000A4C81604BB9036020602B7D01332B75D0
:10F6A00030BD8242FCD01268E7E79A68521A002AFD
:10F6B000F1DA1C461B68EDE76C1500207C15002074
:10F6C00040B1436833B1084B1A7D013A1A7553F8BB
:10F6D000102F02B970471A68904202D102681A606E
:10F6E000704713461268F4E76C15002038B50446DD
:10F6F000094D0846AB68A34201D1FFF725FF6A68B0
:10F70000064B22B11A68A24202D122681A6038BDA3
:10F7100013461268F5E700BF6C1500207015002035
:10F720002DE9F3475C4E33685A0700F1B280B368A5
:10F73000002B40F0AE8056E8003F43F0040346E85B
:10F740000032002AF7D17468B4B1FFF767F901AA53
:10F75000074601462046256913F0C4FE08B9204635
:10F7600021E0019BA5EB03082568ADB9636808F1AA
:10F77000DC084344C6E9024356E8003F23F0040393
:10F7800046E80032002AF7D1B468002C4DD102B00F
:10F79000BDE8F047FFF748B93946284601AA13F0FB
:10F7A000A1FE18B92846FFF735FFCCE7D5E901A03F
:10F7B00013F090FE2B7DAAEB0000DB0705D4019A25
:10F7C0002B699B1AEA689B1A1844626802EB0803CB
:10F7D0001B1A002B25DD984504D9E368801ADC3319
:10F7E00083421DD994F8149019F0010F0DD1A0682F
:10F7F00013F070FE2369E9681A44A2EB0A02E36879
:10F80000521A121ADC339A420DDC6A7D637D9A42E9
:10F8100007D219F0080FA2D0D5F80C802C4600E0D2
:10F8200080462D68A1E78846F8E7A36813F4601FB7
:10F83000C3F3C24526D100253368214643F01003A7
:10F840000120336013F098FA1DB3A36804F1080592
:10F8500013F4601F4FEAD341C3F3C24407D0013C05
:10F86000E4B201F4FC712846214316F076FC032132
:10F87000284603F09BFC64B9284602B0BDE8F04777
:10F8800003F07ABC04F1080003F02EFC0028D2D16A
:10F89000D2E702B0BDE8F0876C15002008B5034B35
:10F8A000996809B113F068FA08BD00BF6C15002013
:10F8B000014B9868704700BF6C1500200C4B70B569
:10F8C0009C68844212D12146022013F055FAD4E9F3
:10F8D000016013F0FFFD0546FFF7A0F8801BE8422A
:10F8E00021464CBF0120032013F046FA70BD00BF33
:10F8F0006C150020114B70B59D682C692E6816B9E7
:10F900006868204470BD727D6B7D9A420FD8B068E4
:10F9100013F0E0FD6FF0DB036A6871689B1A0B441B
:10F9200029691B1A8B42D4BFD0185018EAE7304619
:10F9300013F025FE0028EAD13668E0E76C150020B8
:10F94000014B1878704700BF69200020437D0F4AA3
:10F950001B01DBB282F81E3382F81F3382F8213399
:10F9600082F8203382F8223382F8233382F824335A
:10F9700082F8253382F8273382F82633037E23B9B1
:10F98000037D1B01DBB282F8223C704700E100E0FE
:10F9900037B5054602F0B6FC044698B92846FFF78D
:10F9A000D5FF2B8A0DF10601ADF804306B8A01A852
:10F9B000ADF8063013F0F2FD0122034B1A70204619
:10F9C00003B030BD0224FAE769200020982238B540
:10F9D0000546164B00211C6B2D0202FB00442046FD
:10F9E00012F058F9124B45F001051B6804F10800AC
:10F9F000DB7800216375E58216F0A9FB4FF0082340
:10FA000063651323A4F858304FF60773A4F86030E9
:10FA1000FF23084A84F86230074B2046C4E91E32AF
:10FA2000C4E92232BDE8384014F09DBB84150020A3
:10FA30001016002055555500D6BE898E10B50A4BBC
:10FA400098241A6B93F834000023803AD9B2884284
:10FA500001D8002010BD013304FB03F151580029E7
:10FA6000F4D00120F6E700BF84150020034B1B6B88
:10FA7000C01A034BC0105843C0B270478415002011
:10FA80001BCA6B28F8B580F85E2000221E1E0D46AA
:10FA90000CBF4FF48C718C2180F85F20026A00F15A
:10FAA000080722F480720262C2680446026101F211
:10FAB0006311384616F04BFB0120FFF7CDFD28B946
:10FAC000237D5A075CBF43F002032375A1683846C3
:10FAD000C1F3C84141F0A00116F03FFB5DB140F217
:10FAE0007123B4F85620C2EB05125A43236A6262AE
:10FAF00043F4807323621EB1236A43F4002323621C
:10FB00000C4B1B68DB7863751CF056FA237D0646A8
:10FB100043F00803237525B1FEF780FF636A0344B1
:10FB20006362204613F003FD30461CF040FA0020CB
:10FB3000F8BD00BF10160020F8B51F4683690446C3
:10FB4000164613B1C9B1002515E00029FBD013F00A
:10FB50003CFF054678B9B4F858309B0710D5E36BE5
:10FB600073B912F046FDE06350B92946204614F0FF
:10FB70008FFA41F207052846F8BD14F089FAE2E74A
:10FB8000044B3A46A361314601232046FFF77AFF32
:10FB9000D9E700BF7108010838B5044600284CD0E9
:10FBA000083003F0E9FA0025FF2304F1380084F857
:10FBB0006130A56112F0A8FB04F1400012F0A4FB33
:10FBC00004F1340012F0A0FB04F12C0012F09CFBB5
:10FBD00004F13C0012F098FB04F1300012F094FBA9
:10FBE00004F1440012F090FB154B186B154B201AD2
:10FBF000C0105843C0B213F0D0F80146284613F0A5
:10FC0000C7F8A06C10B101F0D9FAA564E06C18B186
:10FC100013F05CF90023E364206D13F099F90023DD
:10FC20002365FFF70BFF08B1002038BD064812F02E
:10FC30006BFB064812F068FBF6E741F24200F4E77E
:10FC4000841500201BCA6B28A8150020AC150020C5
:10FC5000F0B5104B02461E6B93F834C035464FF09A
:10FC6000FF3400239C4508DC91B1631C10D098231D
:10FC700003FB046080F86120F0BD95F861702846B0
:10FC80009742F9D0FF2F08BF1C4698350133E9E7AA
:10FC90000020F1E784150020014BD86A704700BFAF
:10FCA0008415002070B500249826074D95F834304F
:10FCB000A34201DC002070BD286B06FB0400FFF7A7
:10FCC0006BFF0134F2E700BF8415002038B50A4D00
:10FCD000FFF7E8FFEB6A13B100221A60DA8016F032
:10FCE00042FA002495F83430A34200DC38BD2046A7
:10FCF000FFF76CFE0134F5E784150020F8B50546E2
:10FD000000249827074E96F83420E3B29A4201D88F
:10FD10000020F8BD306B297807FB030013F071FE5B
:10FD20000134F0E78415002070B52D4C0646E06ADA
:10FD300018B1FDF711FF0023E3620025294812F0F6
:10FD4000E3FAA562FFF7C2FF284613F02AF87EB94E
:10FD50000025032084F834602563E586FEF7C2F8A9
:10FD6000AE4217DC94F8340013F01BF830B970BDC4
:10FD7000022012F03EFCE0620028E9D10025E06A92
:10FD800084F83450256338BB002013F00AF841F2A0
:10FD90000700ECE706EBC60106EB4101C9002B4664
:10FDA0000122032089B2FEF759F805460028E5D163
:10FDB0000320FEF7C1F820630028DFD098222946EF
:10FDC000724311F067FF94F83430AB42CADD284625
:10FDD000FFF7FCFD0135F6E7FDF7BEFEE562D3E770
:10FDE00084150020AC1500202DE9F04300268BB0CF
:10FDF000DFF8E08008AF98F83430B34202DC0BB093
:10FE0000BDE8F0839823D8F8304003FB064494F80B
:10FE10006130FF2B0DD0236A980306D504F1440905
:10FE2000484612F0F8FA054628B9226A12F4A02FC3
:10FE30001DD10136DFE7AB7939460C332B44D86846
:10FE40009A7A1B8AC2F38012BB8000238DF81F2090
:10FE500038601A460DF11F0013F059F83B4628464A
:10FE60009DF81F2094F8611013F0D6F8D8E7B4F885
:10FE7000583003F01D031D2B17D13C23FF21002018
:10FE8000CDE90431CDE902000121CDE9000004F102
:10FE90006903C2F3800216F009FBA8B94FF0805045
:10FEA0000BB0BDE8F04302F00BBA12F4803F08BF7C
:10FEB0003C214FF0000218BF432194F85F3094F8C2
:10FEC000610016F000FAE8E7236A23F4A023236216
:10FED000AFE700BF841500202DE9F74F99465A4B34
:10FEE00088461B681646019305469DF830B00D9C68
:10FEF000FFF7BCFD12F051FF98F8007082461EBB60
:10FF000000260021384602F055FFC7F38002C2EBFD
:10FF1000C202024493B216FA82F2FF2A1CD9C3F13C
:10FF2000FC039EB247F0100712F001FF2523B0FB3F
:10FF3000F3F202FB13010020C9B202F0EBFF4FF015
:10FF4000010985F891000CE0304612F06CFA484542
:10FF5000D6D9A0EB0906D4E7FB06B6B2C7F3001961
:10FF6000E2D4BBF1000F01D095F858B000235A46F7
:10FF70003946204615F0DBF9204615F00DFA2946E2
:10FF8000204615F016FA5146204615F03BFA204659
:10FF900005F1730115F091FAB9F1000F48D095F809
:10FFA000902095F89110204602F0DAFE294620466E
:10FFB00015F092FA90B1019B6968DB68E279194407
:10FFC000A379286DD21A0C3353FA82F22244A0B3DB
:10FFD00012F0B6FF0146204612F06DF9B9F1000F9C
:10FFE0002FD0B5F99410204615F079FA51462046E5
:10FFF00015F04AFA2946204615F06EFA20B1286D10
:020000040801F1
:1000000010B1214612F09FFF3146204615F07BFAD1
:10001000B9F1000F06D0284613F03EFD01462046F8
:1000200002F0E6FE304688F8007003B0BDE8F08FBD
:1000300095F8802095F88110B5E7E86C12F03FFF45
:10004000C8E7B5F98410CEE7541600202DE9F04F2B
:1000500001280C468DB007D0312800F09E810DB0EC
:10006000BDE8F04F00F004BCDFF8E882002640460F
:10007000B74B40F8246B1D6812F046F9D8F82830C9
:1000800003B1DE80204600F0FDFA218D2046276A6C
:1000900013F034FD84F86F00204600F00BFAAB8AB1
:1000A000204643F00203AB8294F8903005F1240916
:1000B000AB76FF23EB76FFF7D9FCA877B4F85A307C
:1000C000204603F5FA73AB6013F0E6FC2B7EAA68BA
:1000D0009B09534303F59673EB602861204614F0A7
:1000E0005FF8002194F8810015F0E0FB14F0ADFFFB
:1000F000484614F0AEFEFFF7CFFD94F86F100646A9
:10010000204613F011FD0123009300234FF0000A55
:100110001A468DF8200008A920460196FFF7DCFE5C
:10012000B07921460C30304415F0A9FA3046C6F8B3
:1001300000A014F08FFFB4F858302862D807C7F336
:10014000405726D5236AD8F828009904C3F34032D3
:10015000C3F3400658BF1146CDE900264FF0000218
:1001600048BF04F16301C3F30033CDE90213114624
:1001700008ABCDF820A0ADF824A015F027FB002394
:10018000D8F82800036014F065FF0146484614F0D3
:100190006AFE636B214693F806A005930AF10C0AE8
:1001A00003EB0A06304615F06AFA2046D4F804B08C
:1001B000D5F80C8013F0A4FD08B3059B13F80A30A2
:1001C00003F00F03072B1AD1B3789A0617D000213A
:1001D00008AAB01C15F069FA9DF829307BB1089A7D
:1001E000206DD84402EB030A002875D012F0A6FE59
:1001F000002871D052464146206D12F0A1FE206DBC
:1002000028B312F09BFE10B3B37803F03F03012B29
:100210001DD90121F07802F0CDFDB3780138ADF899
:100220001C003221F01C03F03F0307AA15F016F959
:10023000064660B10378092B09D1206D08A912F098
:1002400081FE08AB03CBC6F80200C6F80610002FEB
:100250004FD02046FFF70AFC12F09FFD8046002396
:100260004FF0250BB4F858A00893CAF3800A606BCE
:1002700008A912F023FB064600283CD1B4F85830F8
:100280009B0714D507A9204613F0EDFB4FF0250A74
:100290008046E06B214683790C33184415F0EFF962
:1002A0000896E06B08A912F009FB002854D1AB8A2C
:1002B000C3F3C0032B772FB1A87F12F06EFD8388A4
:1002C000013383802120237D43F0010323750DB08A
:1002D000BDE8F04F01F0D8BEE06C00288FD012F0DE
:1002E000F0FD00288BD052464146E06C12F0E7FD4D
:1002F00085E7B846B3E7089EB3790C331E44BAF1DC
:10030000000F03D02146304615F03BFA12F00FFDE6
:10031000B0FBFBF303FB1B010020C9B202F0FAFDA6
:100320000146304615F02AF9B8F1000F08D04146D1
:10033000304615F017FA3046B8F8041015F0F5F805
:10034000089814F087FE0146484614F08CFD8EE7AD
:100350005416002084150020089EB3790C331E44E7
:10036000B8F1000F03D0304607A915F01BF912F0C1
:10037000DEFCB0FBFAF303FB1A010020C9B202F065
:10038000C9FD0146304615F0F9F8089814F062FEF0
:100390000146484614F067FD83E7194B08461D687F
:1003A0000B7D23F008030B7500F03CFA20B3154BCE
:1003B000687F1A68637DD17A28B992780B4493429A
:1003C00005DCDAB203E0D2785B1A9342F9DA204610
:1003D000218D627513F077FB20B1002194F8910014
:1003E00015F064FA697F2046B1FA81F149090DB030
:1003F000BDE8F04F13F0FFBE0DB0BDE8F08F00BFB9
:1004000054160020101600202DE9F043002685B078
:100410000E6000284AD089460546CDE90166284687
:1004200002A912F04BFA00283DD0029883790344C8
:1004300093F80E80039608F03F0808F103070CE0DC
:10044000A7422AD201983944E41BD0B1224612F0C7
:10045000D8F9A04223D10027029803A912F03CFA50
:100460000028DCD003998B79CC7903F10C02E41AD3
:10047000E4B21144002FE3D1002CECD00198002805
:10048000E4D10A462346014612F0F6F9019000280D
:10049000E1D1192005B0BDE8F0833F1BDCE701A8DE
:1004A00011F032FFF5E7019BC9F80030002005B0DC
:1004B000BDE8F08338B50546B0F858201F4BD1078A
:1004C0001C68C2F340034FEA830348BF43F00803AC
:1004D000A382530742BFA38A43F01003A382036A97
:1004E000D80642BFA28A42F02002A282590742BF28
:1004F000A28A42F04002A2829A0642BFA28A42F039
:100500008002A2825B0642BFA38A43F48073A38267
:1005100095F88030E37595F8600013F0C0FE002375
:10052000207663766B682360FF232377D5F86930E4
:10053000A364B5F86D30A4F84C3038BD54160020D3
:1005400000232DE9F347054601A80193FEF7A4F91E
:1005500068B9019F97F8069009F10C0907EB0906A5
:10056000B37A03F00F03032B04D0052B10D002B095
:10057000BDE8F08705F14400394611F05FFF2B6AB2
:100580004FF0805043F400332B6214F01FFDEEE770
:10059000DFF89480012241460DF1030012F0C6FC01
:1005A000AB6CA8F1100448F8103CB5F858308246FE
:1005B000C3F3001384F821303189F07957F809909A
:1005C00014F05DFE174B48441B68A0605B7906F190
:1005D00018026B750123E260237106F10C03BAF176
:1005E000000F14D09DF80330C4F81880237794F8D6
:1005F000212095F86130637701236AB9A37795F8D4
:100600009030E3777379676284F82030AFE7A361B5
:10061000B37AC3F38013E9E7B27AC2F34012A27748
:10062000EFE700BF101600209415002037B51346E1
:1006300005466A460C4612490868496803C295F89F
:10064000602008326A4412F8081CB5F85820D00619
:1006500007D42246284617F043F800F5FA7003B095
:1006600030BD920704F10A044FEAC4041CBF03F52D
:100670000C73E418E823481E584304FB0100ECE720
:10068000ECE602082DE9F04104461BF095FC236AD4
:100690005B4A0646134203D1BDE8F0411BF087BC1C
:1006A0009F05C3F3402572D5E06A11F0BCFE002718
:1006B00004F134082085404611F026FEA56BA7639F
:1006C00065634DB104F12C0011F01EFEE762236A50
:1006D00023F40023236205E0B4F85830D806C3F3AE
:1006E000001747D40027236A590560D43D46B4F863
:1006F0005830C3F30017DB061BD5E36A5BB104F186
:10070000340011F001FE0023E06AE362606311F03F
:100710008AFE3D462085236B5BB104F1400011F059
:10072000F3FD0023206B2363206411F07CFE3D4623
:100730006085236A304623F4002323F4C0632362D8
:100740001BF035FC204613F00EFD8DB194F874209B
:1007500094F8733002F00F0143EA0123013384F867
:10076000733022F00F02C3F303231A4384F874207A
:10077000BDE8F081E36A002BB4D0404611F0C4FD1F
:10078000E06AE562606311F04EFE2085ABE7A36B83
:10079000002BA7D004F1340011F0B6FDA36B04F1D7
:1007A0002C00C4E90D3511F0AFFDE5628FE7206B39
:1007B00011F039FEB4F858306085DA06C3F300153D
:1007C0000ED5236B002B91D004F1400011F09CFD5D
:1007D0000023206B2363206411F025FE608586E7EB
:1007E00004F13C0011F090FD236CC4E90F35002B9F
:1007F0003FF47CAF04F1300011F086FD256375E70E
:1008000000060800064B1B68D97ADA78437D5B1A2C
:100810009342A8BFDAB20021427513F0ECBC00BFCE
:100820001016002070B50F4E0546B36A0BB10022BA
:10083000DA803368A3B10C4B1B685C7F74B909483C
:1008400000F02AFD01212846AC6413F021FC0023AE
:100850000648336011F058FD204670BD0124F6E7CC
:100860000124F9E78415002054160020A815002063
:1008700003282DE9F7430C4600F0198107D8012819
:1008800010D0022800F0FC8003B0BDE8F0833128CE
:1008900000F0FC803228F7D1084603B0BDE8F043F1
:1008A000FFF74EBE4FF000098E4B8F481E6840F890
:1008B000249B11F029FD2046FFF7FCFD06F12407DB
:1008C0002046FFF7DFFE14F0C0FB384614F0C1FAF3
:1008D000FFF7E2F90622037BB4F8288003F04F0308
:1008E000A0F806900373B4F858300546103BC0F8E2
:1008F000009042730D2B31D8DFE803F05C305807CD
:10090000300C303030303030300C037B23F00F03AC
:100910002B7323E00123027B04F1690163F30302DB
:1009200002730C224273206A05F1140210F0080FC2
:100930000CD001924FF0FF32C0F3800000921A46B3
:1009400012F0ECFA2B7B43F08003E1E7D4F8693036
:100950006B618B889380236A5B07F3D4B4F85820CB
:100960002B7B05F10E0162F345132B73204614F027
:100970005DFE2B7B697B60F3861302312B73284667
:10098000C9B211F098FCB4F8583003F01403142BDA
:1009900013D0B8F1000F13D06B7B43446B7300236B
:1009A00042462846616B11F0CDFE09E0037B62F3FD
:1009B0000303ADE70222037BF9E7B8F1000FEED1A4
:1009C000284614F047FBB38A3062580730D54FF001
:1009D0000009E56BB4F82A8008212846C5F8009084
:1009E000A5F8069011F067FC0623297B6B7301F0D4
:1009F000400141F004012973204605F10E0114F075
:100A000015FE2B7B60F386132B7308F106036B73C3
:100A1000B8F1000F05D0D4E90F014B46424611F062
:100A200091FEE06B14F016FB0146384614F01BFAF9
:100A300040F27121B4F85430B4F856202046D21A4E
:100A4000E36803F59C53083301FB0233236113F081
:100A5000A7FB237D2120190742BFB38A43F001037E
:100A6000B38201F011FB236A1A037FF50DAF204614
:100A700023F40023236203B0BDE8F04313F073BBFB
:100A8000084603B0BDE8F04313F0F6BA0B7D084604
:100A900023F008030B75FFF7C5FE00283FF4F4AE02
:100AA000104B1B685B7F43B1012B7FF4EDAE2046FA
:100AB00003B0BDE8F043FFF7A5BE0C4B617D1A689B
:100AC000D37A92780B449342D8BFDAB2A3696275A5
:100AD000002B3FF4D9AE0121204603B0BDE8F0431E
:100AE00013F089BB54160020841500201016002036
:100AF00038B50446D0F8A400D0B194F8305111F0C4
:100B00003EFC81B20631284614F0B9FB83B240F2B4
:100B100071200849B4F87C20098C424341438A4241
:100B2000B8BF0A4603F548709042B8BF104638BDBA
:100B30000346ECE7BC15002030B5174B826A1B68F2
:100B4000D206597926D5828F1C79836B1203B2FBAA
:100B5000F3F2631AB2FBF3F2B0F8A03003B1013B39
:100B6000D0F8A45005B15B101B02B3FBF2F35B1885
:100B70000CD090F899200F2A08D91209B3EB820FF4
:100B8000B8BF00234FEA8201A8BF5B1A9C42A8BFEE
:100B90001C46E1B2417530BD1016002010B5044668
:100BA000FEF786FEA0420AD1054B1B6893F8203061
:100BB00080F83430BDE81040222001F065BA10BD45
:100BC000541600202DE9F0411A4C06462368A3B9BB
:100BD0002EB100254FF4A478EFB2B74211DB00200C
:100BE000BDE8F0812068013507FB030012F0C8F86A
:100BF000A27BEBB29A42F5D8EAE700254FF4A4773E
:100C0000F6E72068013508FB070012F0B7F8002866
:100C1000E2D000254FF4A476EBB2BB4202D341F2FE
:100C20000700DDE7206806FB050012F0A9F8013592
:100C3000F2E700BFBC1500200A4B9A7B82420ED916
:100C40004FF4A4721B6802FB0030836A5B0707D471
:100C500090F8383113F0100F08BF002070470020C3
:100C6000704700BFBC150020084A09491368C31A21
:100C7000D810002B01FB00F005DB937B8342D8BF2B
:100C80004FF0FF3070474FF0FF307047BC15002029
:100C9000199C8FC170B504460E461BF08DF90546B0
:100CA00004F1300252E8003F334342E800310029AA
:100CB000F8D12046FFF7D8FF01230B4A03FA00F0D2
:100CC00002F11C0353E8003F034302F11C0444E813
:100CD00000310029F4D14FF4807014F077F92846E0
:100CE000BDE870401BF063B9BC15002070B5054627
:100CF0000C46C2B90126204613F04FFBB5F8401050
:100D0000441C284615F016FF14FB06F40028A4B274
:100D100007DD844205DB84B2012C1CBF04F1FF34E3
:100D2000A4B2204670BD836ADE07E3D5C28F002AD5
:100D3000E0D0D906DED5DA05DCD4D0F8A430002B1B
:100D4000D8D10C4B1B6893F8213013F00C0FD1D184
:100D500003F01202122ACDD15B06CBD5FFF784FF38
:100D600080B213F01CFB0028C4D1EE8F0136B6B25E
:100D7000C1E700BF541600202DE9F04789466D49B0
:100D80000446CB8A63B9826812F4601F4FEAD243EB
:100D900001BFC3F3C40303EB830302EB8302CA82E4
:100DA000B9F1000F02D1204613F036FBB4F8A05081
:100DB000002D40F0B280A36A082113F0100F0CBF81
:100DC0003E230823204684F87B3002F033FC204683
:100DD000FFF7B2FEFFF748FF86B20746304613F032
:100DE000E6FA8246304613F0E0FA30B1304613F0AE
:100DF000D2FA0021304613F0D7FA236B590409D5F3
:100E00004FF4804104F1300013F088FA00212046AD
:100E1000FFF740FFFFB24A4639462046B4F840800B
:100E2000FFF764FFB4F84030A4F880001844A4F839
:100E300040005DB1204612F063F8204611F0A1FF9A
:100E40002046B4F8401015F02AFD0546304613F050
:100E5000AEFA504510D0A36ADA070DD44A46394697
:100E60002046A4F84080FFF741FFB4F84030A4F8D2
:100E700080001844A4F84000B4F84030434502D242
:100E8000304613F090FA304613F086FAB4F880201A
:100E9000B4F8A03094F874109B1AA4F8A03094F819
:100EA0007330204602FB01332522B3FBF2F102FB33
:100EB0001133202184F8733002F0BCFB7DB3A36AA8
:100EC000DB0714D5A26BB4F880302046534340F2C0
:100ED000712204F14401534394F8422002F020FBB4
:100EE000606C85082046FFF703FE2844E06040F26E
:100EF0007125A16B20460139694313F018FAA36BE1
:100F0000B4F8802020465A436368012105FB023370
:100F10006360BDE8F04712F027BB012557E7204684
:100F20000221FFF7B7FE29462046BDE8F04712F040
:100F30000ABB00BFBC15002008B501F05DFAFB221A
:100F40000F4B10F0020FDA7344F290221A820CBF9A
:100F5000012203224107197B48BF42F0040262F3D9
:100F600003011973197B62F30711032219731A76AF
:100F70000421002219755A82DA61DA8208BD00BFA5
:100F8000BC1500202DE9F843564C0546A06818B161
:100F9000FCF7E2FD0023A360EEB2304614F0AAFD98
:100FA0008046002841D1304613F00AFA00283CD18F
:100FB000FFF708FE07460220FCF794FF75B105EB2A
:100FC000850105EBC101C90043460122022089B217
:100FD000FCF744FF074638B141F207070023C4E994
:100FE0000033A373EFB120E002204FF4A479A6737D
:100FF000FCF7A2FF394609FB05F2206010F04AFE1B
:101000002368681EF9B2814209FB01F207F101076A
:101010002DDB0021284699506360FFF7D3FD00289F
:10102000DAD1304613F0B3F930B30025002014F0C4
:1010300061FD002013F0C4F90020FFF7C3FD02207A
:10104000FCF750FF2846C4E90055A57313F09FF93B
:10105000284611F053FF284613F096F9284611F060
:101060009EFE0220FCF73EFF4FF0070837E002F536
:10107000A47119449950C5E7304611F03FFF00288C
:10108000D3D1284611F08BFE0028CED1304613F084
:101090007BF90028C9D1304613F08CF906460028A8
:1010A000C3D1002D1BDD022011F0A3FA0221A060A4
:1010B000C68011F000F9A06831468379C279D21A4E
:1010C0000C33D2B2184410F0E5FD0121A3689A79DF
:1010D00013441A7B61F301021A73FFF72DFF404698
:1010E000BDE8F883BC150020014B987B704700BF1A
:1010F000BC15002030B50A4B4FF4A4751A689C7BD0
:10110000002318462832D9B28C4200D830BD05FBE6
:1011100003F151580133C1F340110844C0B2F2E762
:10112000BC150020F8B51AF047FF234D06466C6841
:101130005CB123684FF4A47200212046E7696B601C
:1011400010F0A8FD2023E761A36230461AF02FFFBC
:1011500084B30123237584F83031A3F10113E367CD
:10116000EB7BAA8984F842312B8A0021A4F8403114
:10117000072384F889304FF4A473A4F88A3003F16C
:10118000A473C4F88C3003F1CE5303F59813C4F85C
:10119000903041F61B33A4F894301B2304F108006F
:1011A000A4F8442184F8963014F0D1FF1021204691
:1011B00002F040FA2046F8BDBC15002070B5044688
:1011C00013F0A9F904F1080001F0D6FF1AF0F4FEBB
:1011D0004FF4A472054600212046E66910F05AFD3E
:1011E000064BE66153F8042F2AB928461C60BDE877
:1011F00070401AF0DCBE1B681A68F5E7BC150020C9
:101200002DE9F04106464FF480400F4601F068F8A2
:10121000044630B90E4B1D6893F80E807535A04515
:1012200002D80020BDE8F08155F84D3C5A0709D599
:10123000C3F34003BB4205D106222946304619F0CC
:101240006AFA18B1013405F5A475E8E70B20E9E75F
:10125000BC15002010B5044610B9084B198410BD08
:10126000A0F87C10A0F87E20FFF742FC2169E06026
:101270002046BDE8104013F05AB800BFBC1500204E
:10128000014BD87319827047BC150020014BD87BE5
:10129000704700BFBC1500202DE9F04FD0E9029542
:1012A00090F9201087B0027F029190F821100192EE
:1012B000046807798369427F90F81EA090F81F8028
:1012C000002940F0FD80A8F10301012994BF032605
:1012D00002260393B5F808B084F89F202A4652F8F6
:1012E000101BBAF1000018BF0120C4F8281104F146
:1012F000480101F0CBFD204615F005FB204613F018
:1013000061F814F0D9FA41460246204614F001FC77
:10131000C8220DF116012046ADF8162013F04CF846
:1013200043F6FF7104F5947011F0AAFDAA88039B9F
:10133000A4F82C21AA7984F82E211A68C4F8752003
:101340009B88A4F87930019B1BB1A36A43F0020388
:10135000A362BAF1000F03D0A36A43F40073A3623F
:101360004FF4607000F0BCFFC0F3C01AC3054FEA31
:101370008A1A48BF4AF0800A810548BF4AF4807A39
:101380001AF01AFEA36A43F00403A362E36A43EA75
:101390000A03E3621AF00BFE94F8343043F01003B2
:1013A00084F83430BB1E012B00F28C80A36A43F416
:1013B0008043A36201212046FFF76CFC04212046F4
:1013C00002F038F96B7D2046C3F3040384F87430CF
:1013D0006A8907F0FD075200A263697B2A7B42EA13
:1013E0000122E287E97BAA7B42EA0122A2876A7D89
:1013F00084F87330C2F3421284F84220002205239D
:10140000A4F840200122A4F8A030A4F8802002997A
:1014100012F0DDFF00F0EAFF20F40060C4E90801EB
:101420002046FFF789FB424BB3F816A0BAF1000F34
:1014300005D1002F40F2C71A18BF4FF4D77A2046C3
:10144000FFF712FCC0B23B4B000240F00300E08209
:10145000C4F80490A361002F3AD12046FFF748FB5F
:10146000B8F1010FE06005D04146204684F8308194
:1014700013F0F2F804F108063046514614F067FE06
:101480000120FEF7E9F828B9237D5A075CBF43F035
:1014900002032375A1683046C1F3C84141F08801B9
:1014A00014F05BFE40F271216B892046013B5943E9
:1014B00012F03DFF204612F03AF807B0BDE8F08F79
:1014C000012606E7012F7FF475AF40F2014172E774
:1014D00040F27127760006EB4B067E4309EB0603CC
:1014E0006360A36A04F1440943F00103A36294F822
:1014F0003430494643F00103204684F8343015F077
:101500008BF933464946204694F8422002F008F809
:10151000EB7901225B00494620467B4315F082F9B6
:10152000636C20469E08FFF7E3FA304498E700BF5B
:10153000BC1500204D1A010810B4C46A14F0080F3D
:1015400011D144F0080423F41053C46223F01003B3
:10155000064C1B0414401B0CC0E9084340215DF8F5
:10156000044BFFF797BB5DF8044B70472FCF87F70D
:1015700000232DE9F341ADF804304B799DF80420A8
:101580009E074EBF032303F00103013363F30102FF
:10159000054608468DF804200C4611F0F3FB06467C
:1015A00016F01F0318BF01239DF8042018BF4FF049
:1015B000030863F34512EB6A08BF4FF00208980571
:1015C0008DF8042004D521462846019A14F020FA0B
:1015D000204610F028FF07464146204610F0DEFE68
:1015E000A3798DF80570BDF804100C33E152E218B0
:1015F0009DF80430990648BF9670637943F0010363
:1016000063711AF0D9FC2146074605F1A40010F0D9
:1016100015FF95F84631013385F84631AB6ADA0794
:101620000ED52846FFF720FB80B212F0B2FE30B391
:101630004388B5F880209A4202D9284613F07FF9F2
:10164000FEF736F9854214D10E4B20461E6813F082
:1016500001FD2C360146304613F005FCAB6ADB0772
:1016600007D4304613F0F8FB022802D8232000F0FC
:101670000BFD384602B0BDE8F0411AF098BC0123DA
:10168000D7E700BF541600202DE9F04F85B004467F
:101690000191084661B34B799A071AD410F0C3FE42
:1016A000019A60B9537901A8DB0742BFA36A43F4EA
:1016B0000063A36210F028FE05B0BDE8F08FA36AB6
:1016C0001F0506D523F40063A362537943F0010399
:1016D0005371019E1AF070FC737931469E070546DE
:1016E0001ED504F1AC0010F0B8FE28461AF05FFCDD
:1016F000DFF89C911AF060FCA36A80465D0614D561
:10170000D4F8AC3043B19A7913441B7B3A2B03D8FD
:1017100029FA03F3D80711D440461AF048FCCBE766
:1017200004F1A80010F08AFEDFE794F94631022B9D
:10173000F2DCD4E92A6376B9002BEDD004F1AC00D9
:1017400010F001FE054640461AF031FC29462046BD
:10175000FFF70EFFCEE7002BF0D194F896700393BD
:1017600004F1A80B96F807A0B379AAEB030A5FFA75
:101770008AFABA4527DC584610F04DFE0546A7EB1D
:101780000A076B79294623F008036B7103A810F050
:1017900055FED4F8A86036B17379DA0703D49B07F5
:1017A00001D4002FDED1039B002BB5D09B79022BF7
:1017B00046D8002010F01DFF039980BB04F1A8005B
:1017C00010F04BFEA8E7002010F013FF054630B9DB
:1017D000039904F1A80010F040FE03959CE780797E
:1017E000B1790C300C313A463144FFB2284410F044
:1017F0005CFA3946284610F05EFDB37972791F44D1
:10180000B7716B79D1074CBF43F0010303F0FE03BE
:101810006B717379002723F001037371B1E74A7983
:101820004379D5074CBF43F0010303F0FE03437136
:101830004B7923F001034B71014603A810F008FE19
:10184000E36A9A0513D50398034600680028FBD184
:10185000DB79C3F14503DBB2032B08D810F0C9FED6
:10186000014608B90399A9E703A810F0E7FDD4F8E9
:10187000A83013B15B79DB0704D5039A537943F0A1
:101880000803537140461AF092FB03995FE700BFCB
:101890007C2C020000232DE9F0411B4E06F11C02B6
:1018A00052E8007F42E80034002CF7D14FF00108E5
:1018B0008FB934B306F11C0353E8003F234306F10C
:1018C0001C0141E80032002AF4D1BDE8F0414FF498
:1018D000807000F0F5BC97FAA7F080B1B0FA80F301
:1018E00008FA03F5184627EA0507FFF7A5F90028C7
:1018F000DED013F05FF80028DAD12C43D8E720239C
:10190000EEE7BDE8F08100BFBC1500202DE9F74FE0
:1019100004460190002867D04FF00009C5794E4673
:101920000C3505441AF048FB4F46DFF8C0800090A4
:1019300098F80E205FFA89FA52451AD94FF4A47329
:1019400003FB0AFBD8F800105944886A430748D5BE
:10195000B1F89810C1F30B01002942D0E179C1F12F
:101960004501C9B2032916D8022010F042FE0446F0
:1019700048B900230098A8F812301AF018FB304636
:1019800003B0BDE8F08F0027014601A810F056FD16
:10199000E5790C3525440123002039B203EB81039E
:1019A00005F821A0E854D8F8003005EB810C5B4421
:1019B000B3F8983001378CF80230032303EB81032E
:1019C000E854D8F8003004215B44B3F8982001367D
:1019D00060F30B02A3F89820204610F06CFCFFB2D5
:1019E000F6B209F10109A3E70646C8E7BC150020D5
:1019F000F7B5684601F03EFA00254FF4A477124E81
:101A0000B37BAB4201DC03B0F0BD346807FB054497
:101A1000A36A03F00503042B13D10522694604F1E0
:101A2000490018F078FE60B10121204615F02BF92D
:101A300038B9012010F0DDFD014610B1204602F05A
:101A4000ADF90135DCE700BFBC1500202DE9F04FF2
:101A500031280C4685B000F091810AD8022800F0A8
:101A6000E280032800F0E580012847D005B0BDE8FA
:101A7000F08F322800F0ED803328F7D101F1A40077
:101A800010F061FC94F846310390013B84F8463134
:101A900043799D0722D4180720D5B4F89830042044
:101AA0005A1C62F30B03A4F8983000F019FCA8B19B
:101AB0002046FFF7D9F880B212F06BFC002800F046
:101AC00055814188AA4A937C0B44DBB29374127D02
:101AD0009A4203D84FF0806013F078FA03A810F010
:101AE00013FCD4F8A8301BB9D4F8AC30002BBDD00F
:101AF0004FF480512046FFF7CDF8B7E791F89930C1
:101B0000084623F0F00381F8993012F02CFC84F899
:101B10003101204614F055F8B4F93401FDF7C8FA44
:101B2000944B20461D68FFF79FF885F8240094F831
:101B300034304FF4003085F82030002385F8213010
:101B400085F8233063686B60A36ADA0742BF636C71
:101B50009B08AB6000F0C4FB002859D0FDF7CAFE1B
:101B6000D4F82831E8602B6194F83131804E6B76DF
:101B7000D4F82C3105F12C076B6194F830312B76B9
:101B8000637D85F8223094F8953085F82530E26A37
:101B900002F4C062B2F5C06F04BF043385F825308B
:101BA00013F053FA384613F054F9B06813F052FAB0
:101BB0000023A8620393D4F8A40003A910F07EFECA
:101BC00048BB212000F060FAD4F8A83013B9D4F84B
:101BD000AC3023B14FF480512046FFF75BF804206E
:101BE00000F07EFB00283FF441AFB37C002B3FF4B4
:101BF0003DAFF37C327E0133DBB29A42F3743FF6A1
:101C000035AF4FF0806005B0BDE8F04F13F0DEB99E
:101C1000FDF714FDA4E7039813F01CFA01463846BB
:101C200013F021F9C7E7084605B0BDE8F04FFEF70D
:101C3000B5BF91F89930C3F30312013262F3071371
:101C400081F899300021204605B0BDE8F04FFFF73C
:101C500093B8002603A80396FCF71EFE2046FFF764
:101C600003F8C0B211F095F805462046FEF7FCFFD8
:101C7000039B29460193B4F8403082B200930220BE
:101C8000334611F082F803998B7903F10C050D446A
:101C9000AA7A0A3312F0200F14BF0322022213443F
:101CA0008B71E36A5B050FD5AB7AEA7A204643EA8B
:101CB000022213F0C6FE38B903A810F025FB3D211F
:101CC000204613F068F8D1E6A26AAB7A17060399AA
:101CD00003F0030312D5032BEED18B790B441A7B4F
:101CE0003A2AE9D8244BD340DE07E5D54B79204684
:101CF00043F002034B7101F06BFDB7E6032B4A7909
:101D0000F4D022F002034B71084695F8068095F94D
:101D1000059095F80AB010F086FB06210646039858
:101D200010F03CFB2046FEF79FFF039D0BF0030BDA
:101D300095F806A0C0F303230AF10C0A05EB0A0785
:101D400043EA0B13FB702B46F6B2B870BE8005F861
:101D50000A9087F801805A7922F002025A711B68B2
:101D6000002BF8D1284611F092F97FE60121A9E66F
:101D7000BC150020541600207C2C0200344B8E8FA2
:101D80001D68360195F8203081F834308B6BE08F78
:101D9000B6FBF3F6B1F8A010B3B21B1A994295F84E
:101DA00021204CDCD1064CBF0021022194F83101E6
:101DB00013F07CFD95F82130DB071BD5A36ADF0704
:101DC00006D52B682046636004F1440114F024FD1D
:101DD00095F82130D80602D4A36AD90606D4A4F80F
:101DE000A060204695F9271012F0F1FAA36A43F09B
:101DF0001003A36295F82020E36A92064CBF43F0DB
:101E0000010323F00103E36295F821309B0606D518
:101E10002046FEF729FF012180B212F0C5FA95F89D
:101E20002130204603F01203122B0ED112F0F5FAE6
:101E300095F82610204612F0EEFA012103E79207EA
:101E4000B8D5032194F83101B2E712F0E5FAEFE7D3
:101E500054160020012838BF0120012938BF012174
:101E6000014B187519767047BC1500200138C0B2B7
:101E700003289ABF014B185C00207047F7E6020860
:101E8000431E012B05D9022902D8024B585C70472A
:101E900000207047F4E60208431E042B054A07D8C9
:101EA000052808BF03200621431E01FB03207047BD
:101EB0001046704720E70208014B53F82000704796
:101EC000FCE6020810B560B10022074CD3B2013322
:101ED00054F823101346814202F10102F6D2D8B21F
:101EE00010BD0120FCE700BFFCE60208024BDB69E5
:101EF00093F87F00704700BFC80A0020024BDB69DF
:101F000083F87F00704700BFC80A002070B51646EE
:101F1000028B04468A420D461DD2438B23B90EB173
:101F2000D5B23570206970BD0C4B216918460FF091
:101F3000BCFE0346208B61692D1A1844638B9D42B9
:101F4000A8BF1D46EAB20FF0B0FE16B1238B1D44A8
:101F50003570024870BD002EE3D1E3E76A2000200F
:101F60000022024BC3E90022704700BF0416002084
:101F700010B52422002106480FF08CFE0623044CE5
:101F80002384044BE36100F043FB9430206010BDD8
:101F9000E01500201F500208024B03EB800359603C
:101FA000704700BFE0150020034B03EB8003586827
:101FB000003818BF01207047E015002010B5044616
:101FC00019F0F1FF0022044BDC61044BBDE8104026
:101FD0005A6019F0E3BF00BFE0150020041600208E
:101FE00070B5C6B2212E0446144D10D1FCF72EFB5D
:101FF000230CC4F3074405EB84042B846368EB6172
:10200000EB69CBB130462968BDE870401847222EF5
:10201000F6D119F0D1FFEB69044633B10020FFF788
:10202000CDFFFF232B84FCF7DFFC00F025FA2046D0
:10203000BDE8704019F0BBBF70BD00BFE0150020C7
:1020400038B5104B04461A7812B100221A7038BD08
:10205000C5B2FDF72DFC68B1C38AB3EB144F0BD1A9
:10206000312D02D1012010F028FF2846BDE838406C
:10207000FDF714BCFF23F0E72846BDE8384012F016
:10208000ADBF00BF0416002038B5A0F121030E2B10
:10209000044612D8FDF70CFC68B3C58AFF2D2AD080
:1020A000212C02D1002010F008FF222C44EA054028
:1020B00025D1BDE8384012F0A4BFA0F131031E2B9A
:1020C0000ED8134B188C44EA004000F073FA312C00
:1020D00011D10020FFF772FFBDE8384010F07BBE41
:1020E000A0F111030E2B06D8132C40F4C02003D00E
:1020F00009D9142C03D038BD0122064B1A70BDE853
:10210000384000F03BBABDE8384000F053BA00BF99
:10211000E0150020041600200B4A10B5D3690446D0
:102120001BB11168BDE810401847084B5B6813B13C
:10213000BDE810401847FDF7BBFB014618B18369A5
:102140000BB12046EEE710BDE0150020041600207C
:1021500008B500F05DFA034B1A6802609B88838023
:1021600008BD00BFAD20002037B5054600F050FA8D
:10217000044600F055F90D4B002808BF1C462DB150
:102180002B682360AB88A38003B030BD10F021FE24
:102190000322CDE900010DF105010DEB02000FF066
:1021A00060FD0098BDF804302060ECE7AD20002011
:1021B000024B186908B105F0D7BB7047E80A002048
:1021C0000D4B37B51C6804B10C340C4B68461D68C8
:1021D00000232B6000F020FA009B20466B60FCF788
:1021E000EDF9FFF7B5FF044810F08EF80122044B1B
:1021F00083F8202003B030BD0C16002054160020B8
:10220000E80A0020002310B52C4A02F1100151E821
:10221000001F02F1100C4CE80034002CF5D140EA0C
:102220000104A00201D5FDF77BFA210101D5FCF7DD
:10223000B5FBE20301D500F055F9002C01DAFDF7FA
:1022400007F8630001D510F057FEE00001D5FDF757
:10225000CBFD610101D512F043FDA20107D513F0BA
:1022600024FBFFF7C5FB10F06FFE10F031FEE30119
:1022700001D510F046FE600201D502F019FA2102E4
:1022800001D510F084FDE20201D512F07FF8A3051C
:1022900001D501F041FAE00501D5FFF7FBFA610530
:1022A00003D510F017FE10F016FE220501D510F030
:1022B0001FFFA30301D510F00FFE10BDE80A002098
:1022C000064A02F1100353E8003F034302F1100CE9
:1022D0004CE800310029F4D1704700BFE80A002023
:1022E000014B1B6818407047E80A002010B5044BEA
:1022F000D3E9064204430A43C3E9064210BD00BFC6
:10230000E80A002038B50546FDF79EF9002128228D
:1023100033480FF0BFFC4CF20C000021FFF7E6FF42
:10232000CDB1AB682E4A00201360E98A4FF6FF72E8
:10233000FEF790FF022010F05CF92A4B186000288D
:102340004BD02B460C3005F11C0253F8041B934272
:1023500040F8041BF9D1224A234B101D936000233F
:102360001373FBF72DFC00F09BFE2846FCF7E4FB03
:10237000044668BBFCF764F820B14FF4807000217C
:10238000FFF7B4FFFCF762F820B14FF400600021C2
:10239000FFF7ACFF2DB1B5F90E10B5F90C00FCF745
:1023A0009FFE13F08DFA0020FFF7DEFE00F0A8FC80
:1023B00002F01EF8044658B9FCF732FFFFF7D0FDD3
:1023C00000F078F830B900F07BF8044612F03DFEDA
:1023D000204638BDFFF7F4FEF8E70124F8E700BF18
:1023E000E80A00200C160020B1210108014BD3E9B6
:1023F00006017047E80A0020054B9B69DA054CBFCF
:10240000032001201B0548BF40F00400704700BFB7
:10241000E80A0020014B1860704700BF101600202A
:10242000014B93F820007047E80A00202022034B5C
:10243000C3E900229A6000221A76704738160020FD
:1024400010B50024094B1C2221460948C3E9004469
:102450000FF020FCFFF7EAFF3023054AC2E90333FF
:10246000536154760122034B1A7010BD14160020DC
:1024700038160020AF25002008B519F09DFDFFF7A4
:10248000D5FF3023084A0949D36013615361CB60FB
:102490000B614B610023537601224B76044B1A707B
:1024A000BDE8084019F083BD1C1600203816002036
:1024B000AF250020014B1878704700BFB3200020E3
:1024C00010B5044C23781BB912F09DFD0123237035
:1024D000002010BDB3200020014B1868704700BFDA
:1024E000141600202DE9F04119F066FDDFF8888010
:1024F000074698F8003043B94FF4803012F066FD7B
:102500003846BDE8F04119F052BD184E184C35461A
:102510000FCD0FC495E8070084E80700FFF786FF9A
:102520003023C6E90333736100233846737688F895
:102530000030032519F03BFD0E4E103CE0683028BA
:1025400004D07368C6E90030FFF77AFD54F8040B35
:10255000202801D0FFF744FD013D15F0FF05EDD126
:10256000012388F80030BDE8F08100BF3816002054
:102570001C16002014160020AF25002038B50C4C86
:102580000546237E022B12D854F82330202B0ED17F
:1025900019F012FD237E44F823500133237619F0FD
:1025A00006FDBDE838404FF4803012F00FBD38BD55
:1025B0003816002038B50D4C0546637E022B14D822
:1025C00004EB8303DB68302B0FD119F0F5FC637E3D
:1025D00004EB83020133D560637619F0E8FCBDE8B3
:1025E00038404FF4803012F0F1BC38BD381600206E
:1025F0004FF48272002101480FF04CBB58160020A6
:10260000014B024A1A60704754160020EC16002055
:102610000048704758160020024A02604FF40072CA
:10262000426070475C17002070B504460025314AAF
:10263000314B88B0CDE90423438B04A8CDF81A5060
:10264000ADF81E50ADF81830FCF734FAE268236894
:10265000CDE9025513440193A37D01A88DF80930FB
:10266000A38A13F00C020FBF1346C3F3802383F039
:1026700001035B0018BFDBB28DF80A3010F0ACFB31
:10268000217F04F1240012F0FDFB064612F0DEFC6F
:10269000054612F0F8FCA38A28B3D4E903210A44C2
:1026A000E260027843F40063C2F30502E276A3829B
:1026B0002B7803F00F03072B19D1A97811F03F01F4
:1026C00000D0E9782046C1F3800115F012F83046B9
:1026D00012F0C1FCA38A43F48063A382237F0133F9
:1026E000237708B070BD23F400639BB2DFE70021BD
:1026F000E8E700BFD6BE898E5555550070B5427EBD
:10270000037E0446B2EB931F88B05BD200255200D3
:10271000344835491341CDE9040103F00303E17D59
:10272000253304A88DF818108DF81930CDF81A50FB
:10273000ADF81E50FCF7BEF914F0D4FF627EA1681C
:102740002368206A01FB02330193A37DCDE9025582
:102750008DF8093012F07AFC12F095FCA28A68B369
:10276000D4E90263617E06FB113320498B4293BF9B
:102770001E214FF496710125B3FBF1F388BFB3FB23
:10278000F1F30178437065F3C7118578C3F304232F
:1027900025F01F0501702B4301F03F018370E176A6
:1027A00042F40063A38201A810F016FB206A12F025
:1027B00052FC637E0133637608B070BD22F400637F
:1027C0009BB2EFE7838AC3F3C0211B0504D508B091
:1027D000BDE87040FFF728BF08B0BDE8704010F0BA
:1027E000D8B800BFD6BE898E55555500C3BF03006B
:1027F00053282DE9FF410C4619D0552800F0CE8012
:10280000512840F0D1808B8A13F00C0F00F0C68065
:102810005B0540F1C3800B7F013B012B00F2BE80C2
:102820000120897D04B0BDE8F041FBF7F7BE00232D
:10283000204603A9039310F073F80546002800F022
:10284000A780037803F00F03032B59D1A18A04F169
:102850002408C1F3C001404612F014FB12F0F6FB4D
:10286000A18A0646C1F38001284612F0A0FC002888
:1028700040F08E80802332462946204612F061FCCB
:10288000002840F085804B48FFF798FB0121404627
:10289000039F12F0F7FA01232377054612F0D6FBC7
:1028A00012F0F1FB06463846FBF772FF0E21B87BAB
:1028B00012F002FBA28AFEB17B6842F4006231781A
:1028C000A2822269963313442268C1F305019B1A40
:1028D0000344E176E360237FA17D01332377002069
:1028E000FBF786FE284612F0B6FB2046039910F04F
:1028F00047F804B0BDE8F08122F40062A282EAE762
:10290000052B45D1A18A04F12407C1F3C001384643
:1029100012F0B8FA12F09AFBA18A04F1480301936D
:10292000C1F3801306460093C1F300120123284629
:10293000C1F3C00112F043FC50BB32464FF4807328
:102940002946204612F0FDFB064608BB1A48FFF751
:1029500035FB3146384612F095FA074612F076FB01
:10296000D5F802300278C0F80A30EB88C3812B78A2
:10297000C3F3801363F3C7120270A17D3046FBF7E7
:1029800037FE384612F067FB039810F000F8B0E706
:10299000FBF7BEFF2046FFF7B1FEAAE7204604B0D2
:1029A000BDE8F041FFF7AABE04B0BDE8F0410FF06A
:1029B000F4BF00BFD9500208B9500208212810B551
:1029C0000C4607D10548FFF7F9FA2046BDE810404C
:1029D000FFF794BEBDE810400FF0DFBFF1270108FC
:1029E000034637B50C4C6A462068A5880090A0794C
:1029F000ADF804508DF8060013B9481C03B030BD83
:102A00000220D90748BF117802F1010244BF4018E3
:102A100080B25B08F5D1F1E79CCC0208014B186E3F
:102A200080B2704700C001B80B4BD86800F07060EE
:102A3000B0F1106F0ED008D8B0F1E06F18BFB0F150
:102A4000006F0CBF01200020704700F17443584212
:102A50005841704701207047000002B82DE9F04F3F
:102A600089B0074691469A46ADF814100FF0DBFC8A
:102A7000051E46DD19F0A0FA9DF814B003900BF086
:102A800023030493002F3FD03C464FF00008254E0F
:102A9000A079E27900F10C01121A5FFA82FB21445D
:102AA00006EB08005A460FF000F92468D844002CC1
:102AB000EED1049B1C480093C0F808900DF11C094E
:102AC00053462A461749CDF80490A24619F0DAFB7E
:102AD0003C46A379E57903F10C00ED1AEDB206EB63
:102AE0000A0120442A460FF0E0F82468AA44002C8A
:102AF000EFD1039819F05BFA0422494638460FF0EB
:102B000080FE09B0BDE8F08F07480093C0F8089038
:102B10000DF11C0953462A460249CDF8049019F0DC
:102B2000B1FBE6E75C190020142400202DE9F047F2
:102B300084B0904699460390ADF808100FF073FCEE
:102B4000071F002F25DD039D002D40D04FF0000A08
:102B5000204EAB79EC7903F10C01E41AE4B229447C
:102B600006EB0A0022460FF0A0F82D68A244002DC3
:102B7000EFD11948F119C0F8088001919DF80810AB
:102B80004B4601F0230100913A46124919F06EFBC1
:102B900018B1002004B0BDE8F087039D7DB1074661
:102BA000AB79EC7903F10C00E41AE4B2F119284492
:102BB00022460FF07AF82D682744002DF0D103A8A3
:102BC00004210FF07BFC012004B0BDE8F087014E2A
:102BD000CFE700BF5C1900201424002030B5144654
:102BE0000D460246064883B0019580218360234646
:102BF000009419F053FBB0FA80F0400903B030BDE7
:102C000014240020002370B50D46D1688AB009BA9B
:102C10000291C17890F800C061F30703817802AE99
:102C200061F30F23417806AC61F317436CF31F6324
:102C30000993936851681BBA0393836809BA1BBA56
:102C40000793136842681BBA05930F4B12BA9E6034
:102C5000C36804911BBA0892069323468022012080
:102C60000949009419F01DFB0028F6D1DDE9081090
:102C7000DDE9063200BA09BA12BA1BBA28606960E7
:102C8000AA60EB600AB070BD142400202DE9F84F53
:102C9000DFF868808246D8F800B00F461646BBF1D0
:102CA000000F28D0002498F804904C4507D13470C8
:102CB00098F80400A04214BF0120022017E004EBA2
:102CC00009056910C1EBC10159448879C5F347056D
:102CD00000F00100381A03D10622504617F01BFD00
:102CE000002806DB02D06C1CE4B2DEE73570BDE8DC
:102CF000F88FA946D9E70320F9E700BF6C1A002036
:102D00000022024B1A7113F02DBA00BF6C1A00207A
:102D1000F8B5054619F050F9104C85F307056379AD
:102D20000646AB4205D10024304619F040F9204652
:102D3000F8BD002720686571277110B10FF0EEFD16
:102D400027606379002BEED0C5EBC500FBF75EF979
:102D500020600028E7D160710724E5E76C1A0020A5
:102D60007FB50E4610210546144612F0D3FAE8B19D
:102D70000F4B01A918681B7902908DF80C300023C5
:102D8000ADF8043066F305038DF8043004F1100348
:102D90000DEB03044FF0000314F8082C284662F3EF
:102DA000471303228DF806300FF091FA04B070BD7E
:102DB00038E70208034637B50C4C6A462068A588F8
:102DC0000090A079ADF804508DF8060013B9481CA6
:102DD00003B030BD0220D90748BF117802F10102CB
:102DE00048BF40185B08F6D1F2E700BF9CCC020850
:102DF00038B583790C460C33C518C35C03F00F0358
:102E0000072B25D1AB789A0622D0E878C3061FD5C8
:102E1000012100F00F00FFF7CDFF0E4B02359C4261
:102E200095BF1E234FF496730021012194BFB4FB7C
:102E3000F3F4B4FBF3F42B5C2A1861F3C7132B549F
:102E40009378547023F01F03C4F304242343937036
:102E500038BD00BFC3BF03004840704700EB0010FF
:102E6000084480B2704700BF90FAA0F000BA80B268
:102E7000704700BF044BD3F8012002605B7903F078
:102E80001F030371704700BFB4200020204BF0B532
:102E9000002914BF0C461C46002506461746136839
:102EA0008BB0C4F80130137925706371EAB2114612
:102EB000384612F0EFFC38B1237803F12801694459
:102EC000013301F8282C23700135252DEED122780D
:102ED0002EB16946A01D0EF0E8FE0BB0F0BD002A31
:102EE000FBD00534F5B22946384612F0D3FC40B980
:102EF000B5FBF2F302FB13550AAB53FA85F515F84F
:102F0000285C0136252E04F8015FEBD1E5E700BF10
:102F1000B4200020034B002818BF03460B449879C7
:102F2000704700BFB420002070B50E4682EA1242FE
:102F300094B2214603463046FFF78EFFFFF794FF19
:102F4000FFF78CFFFFF790FFFFF788FFFFF78CFF7D
:102F5000FFF784FF174D002B14BF1E462E46054673
:102F6000FFF77AFF0246144B701CA3FB0213D11A21
:102F700003EB51035B0903EBC30103EB8103D21A9B
:102F8000D2B2114612F086FC40B933786C40A4B23C
:102F900004FB03F306EB1346B07970BD731D2A36AC
:102FA00001E09E4204D013F8010F8242F9D1F4E708
:102FB000104670BDB42000204D91CFBA70B50446C4
:102FC00018F0FAFF0B4E0546306818B10FF0A6FC5A
:102FD000002333602CB1222060430FF09DFC30B100
:102FE00030600024284618F0E2FF204670BD1A2405
:102FF000F8E700BF741A002008B5FDF735FE431C42
:103000001BBF2222034B00201B6818BF02FB0030AD
:1030100008BD00BF741A00202DE9F0410F46164686
:1030200011F019FA002239464FFA80F80446174881
:1030300012F01FFD054601223946144812F019FD11
:10304000454501DB804512DA054405EBD575C4EB37
:10305000650040B20E4A92F90030834209DAC01A84
:1030600000EBD07003EB600358B2BDE8F0810020A4
:10307000F0E792F901308342F7DDB2F90230B34252
:10308000DCBF00EBD07040F34700EEE7DF2000200C
:10309000F81F0020014B1878704700BFE82000207F
:1030A000104B1A7842F0F0021A701A7C42F0F002CB
:1030B0001A7493F8202042F0F00283F8202093F84D
:1030C000302042F0F00283F8302093F8402042F0A4
:1030D000F00283F8402093F8502042F0F00283F889
:1030E00050207047781A00204288F8B502F0070295
:1030F000072A05461E4F2AD118F05EFF0022110153
:103100007B5C07EB021C1B090F2B0AD00132062A3D
:10311000F5D1184A13880133138018F048FF19209D
:10312000F8BD2B681446ACF8023011237B5496B2DC
:1031300018F03DFFFBF772FC07EB0413D8602B6817
:10314000002023F4E02343EA06432B60E8E7130161
:10315000F95C1446C1F30312013202F00F02052A92
:1031600028BF002262F307112646F954E2E700BFA8
:10317000781A0020FC1F002038B54488054604F06A
:103180000704072C0FD018F017FF074A2401135D1E
:1031900043F0F00313552B6843F4E0232B60BDE8A4
:1031A000384018F004BF38BD781A00202DE9F047E8
:1031B000B0F80280074608F00708B8F1070F894603
:1031C00032D01A4D4FEA08142E5DFBF727FC05EBB1
:1031D000081ADAF80C30360906EBC806C01A05EBF7
:1031E000460670802B5D03F00F02042A9EBF013259
:1031F00062F303032B55B9F1030F12D1295D023499
:10320000281901F00F0113F0CBFF044618F0D4FE8B
:103210003A68074B134023433B60BDE8F04718F082
:10322000C6BE4FF6FF74F1E7BDE8F087781A0020BC
:103230000000FF7F242816D80F2805D802280CD8B4
:10324000B0FA80F040097047084B103880B2C34094
:1032500003F0010383F0010070470538012894BF93
:103260000020012070470120704700BF2D20110071
:103270002DE9F04F95B0FBF7DFFF42F23603867978
:1032800005460C3630F80680841998450ED1FBF7B8
:10329000D3FF02210FF00FF87F22A3780233A3702F
:1032A000AA55002320222377627063770121E078FA
:1032B000FCF7CEFC00230546ADF84630002800F0B0
:1032C000C280CDE91233237AE2888DF84A30E37A5E
:1032D000ADF848208DF84E30E378B4F80920FE2B85
:1032E000A388ADF84C2003F01C014FF6FF7208BF15
:1032F0004FF480421C2922D0DDE91201884201D816
:103300001F281AD841F21105FBF79CFF0446EAB2C8
:10331000012341460FF021FEA3791C44BDF946303C
:10332000002BACBF05226FF0040213440A2293FB6A
:10333000F2F3A37415B0BDE8F08F9142E2D813F018
:103340001003E67D677E04D0012E0AD041F21205FB
:10335000DAE706F0FD02012AD4D17A1ED2B2022A9F
:10336000D0D8227B013A062ACCD87BB9FFF744F8A3
:10337000032E08BF04260640F6B2002EC2D0032F4B
:1033800008BF04273840C0B20028BBD0E07814F052
:1033900087F920B1A088FFF74DFF0028D6D02B4A2F
:1033A000237F1278002A47D0042BCFD8677F042FC1
:1033B000CCD8E07D94F91620032808BF04207F2A8A
:1033C00008BFC822667B1CBF02EB820252000E9629
:1033D000A67B18BF92B2B4F804C0E18894F80C90B0
:1033E00094F815A094F818B00F96ADF84620667EB4
:1033F000B4F80920CDE90B37E37E032E08BF04267D
:10340000003B18BF01230A93A37E04F10F0ECDE900
:1034100008630DF14603CDE904A30F9BCDE9060B2C
:1034200001930E9B284600935FFA8CF3CDE902E9E5
:1034300010F0DFF8054667E7002B7FF463AF677F86
:10344000002FB6D05EE741F207055DE7E9200020D6
:103450002DE9F047FBF7F0FE83790C33C418267989
:10346000E7787EB14FF000080534B0452FDB00252A
:10347000FBF7E8FEEAB20023BDE8F04742F239016B
:103480000FF06BBD012F42D035464FF09809DFF8A1
:103490008C8098F834309D42E4DAD8F8300009FB8B
:1034A000050090F86130FF2B0AD0B0F85820C2F325
:1034B0000013D20606D500231A461946FCF73CFB3A
:1034C0000135E6E71A46194600F0CEFFF8E7207806
:1034D000B4F80150A0F1FE035942594194F8039009
:1034E0000434FCF7B5FBA8B1B0F858302A4613F005
:1034F000100F39464B4607D0FCF71EFB0546002847
:10350000B6D108F10108B0E700F0AEFFF6E741F2EE
:103510001205ADE741F24205AAE700BF841500207D
:103520002DE9F0411D4690460E460746FEF7DEFCAB
:10353000FEF7C2FC04464046FEF7BEFC194B0444AD
:103540009D4225D9184B9D4215D9184B013D93FB3F
:10355000F4F3002BB8BF03339A1005EBA305B5FBBA
:10356000F2F379683268A1EB930102EB43027960D0
:103570003260BDE8F0810E4B0E4AA3FB05535B0998
:1035800004FB03F303F6C313A2FB0323DB0AE8E700
:1035900004FB05F3084A03F574338F33A2FB0323BE
:1035A0001B0CDEE74C6210001366660640420F00FB
:1035B0001F85EB515917B7D183DE1B433A289ABFB9
:1035C000014B185CFF2070473DE70208024B1A6868
:1035D00018600260704700BFDC1A00200022024B16
:1035E0001A601A71704700BFDC1A002070B50646D9
:1035F00015460C4618F0E0FC337B23EA050344EA49
:10360000030131730A4C1DB923791943217106E076
:1036100000231946226823712AB9002BF6D1BDE890
:10362000704018F0C4BC137B126819430123F3E700
:10363000DC1A002070B50E4B06461B7901EA030424
:10364000994313D194B118F0B7FC0546304610F0F9
:10365000FFFE30B103781C4304704FF4007011F08A
:10366000B5FC2846BDE8704018F0A1BC70BD00BF95
:10367000DC1A00202DE9F047074610F0E9FE044669
:1036800000283DD045784DB918F096FC2378257078
:103690006370204B1B68636018F089FC4FF00108D1
:1036A000DFF87090667836B923784BB34FF400702A
:1036B00011F08CFC24E096FAA6F5B5FA85F508FA27
:1036C00005F55FFA85FA636833B9D9F8003026EA60
:1036D000050565706360E5E79A68A2B11B7B3AEA6D
:1036E000030310D1BAF1000F0DD051463846904770
:1036F00048B102280BD0012805D163681B686360BC
:103700000120BDE8F08763681B686360DBE7002089
:10371000F7E700BFDC1A002070B500250E4EFDF75C
:10372000E3FCA84200D870BD3068FDF785FA40B1CF
:10373000FFF7A0FF28B94FF40070BDE87040FEF716
:10374000BFBD3468FDF7D0FC0134B4FBF0F303FBDC
:10375000104401353460E2E7D81A0020F8B5064677
:103760000C4617461D4610F068FE10F0080003D006
:103770000221304611F0CAFA4FF0290C134BC5F163
:103780002001A5F12002EB400CFA01F10B432CFAC9
:1037900002F21343DB0700D470B11121204613F06D
:1037A000D3F8204613F0C1F84570877021463046A3
:1037B000BDE8F84013F0AEB80D21204613F0C4F870
:1037C000204613F0B2F84770F0E700BF00004084D5
:1037D0002DE9F34105460C46009110F028FE030741
:1037E00005D568460EF090FD02B0BDE8F081009F5F
:1037F00097F8068008F10C0817F80800FFF7DEFEBE
:10380000FF2806460ED10021009B01A81A68196006
:1038100001920EF079FD284617F80820009913F060
:10382000A5F8E1E738460EF0FEFD0138B042EAD1D6
:103830000B4B1E684EB921462846A37923441A7BB8
:1038400002B0BDE8F04113F091B873680BB9366867
:10385000F0E72146284698470028F8D0C4E700BF83
:10386000DC1A002037B504460D460821FFF7E2FEBA
:103870002046082110F0DDFD2946204610F022FEEA
:103880002146012013F019F92146002013F015F903
:10389000012000232146034A009013F09FF803B053
:1038A00030BD00BF8D68020837B5044613F082FAB8
:1038B0000321204610F009FE002503462146012081
:1038C000034A009513F08AF8284603B030BD00BFC4
:1038D0009B6C02082DE9F74F80460F4610F0ADFDB6
:1038E00010F4801450D102200EF083FE064600280A
:1038F0004CD0BB7921460C333B44B3F80490B3F869
:1039000006B0B3F808A013F01FF8304613F00DF816
:1039100002210546404610F0D8FDA5F804906881C4
:10392000A5F806B0A5F808A00FF001FA09F1010901
:10393000B0FBF9F303FB1900022368806B70B379C5
:103940003146BB71FB71F2793846D21AD2B22346A6
:103950000EF0F8FE4146012010F060FD1022C76015
:103960006B89414601200092094A13F037F84FF461
:103970008031404610F063FD4046314612F0CAFFE8
:10398000204603B0BDE8F08F2320FAE70720F8E7D0
:10399000F16D02082DE9F34104460D460146012070
:1039A00010F03CFD01210746284612F0CDFF2846C5
:1039B00012F0BBFF064600F101084046FFF75AFA35
:1039C000D6F801300221C7F8123073792046BB7552
:1039D00010F07BFD29460746F080204612F09AFF42
:1039E00020232146009301203B46034A12F0F6FFB4
:1039F000002002B0BDE8F081816D02087FB5044669
:103A00000D4610F014FDC2073BD5204610F015FD01
:103A1000430715D5002320461A460DF10F0110F07B
:103A200071FF9DF80F30062B0AD82846FAF794F854
:103A3000012200232046FDF77FFD002004B070BD69
:103A40000E21284612F080FF284612F06EFF06462F
:103A5000FEF7CCFCC6F80510FEF7C8FC2946C6F8F0
:103A60000100204612F056FF0321204610F02DFDE4
:103A700000220346009221460120034A12F0AEFFC5
:103A8000DBE70821DDE700BF9F6C020808B5074AA5
:103A90000749084813F0F1F80648FFF797FDBDE81D
:103AA0000840002204210348FFF7A0BD6F6E020802
:103AB0001D3C0108E41A00202DE9F04191F8068030
:103AC0000F4686B008F10C080391044601EB080686
:103AD0000146012010F0A2FC17F808300546023B11
:103AE0000F2B00F29280DFE803F00890909090672F
:103AF0009071909031609090905118F05DFA7178CB
:103B00000546204610F0DEFC0821204610F091FC0E
:103B10002146012012F0D1FF2146002012F0CDFFF6
:103B20000123009300233A4A1846214612F056FF1B
:103B300008212046FFF77EFD03A80EF0E5FB28468E
:103B400018F035FA012006B0BDE8F081B3882046B0
:103B50007288717810F0C1FE204610F06EFC830769
:103B600008D42046039913F025F901212046FFF7D8
:103B700061FDE7E7AA68274B9A4203D1214601205D
:103B800012F06BFF03A80EF0BFFBEEE7836843B1B2
:103B900003AA0492B27803218DF8142004AA2046C7
:103BA000984703A80EF0B0FBCCE78368002BF8D051
:103BB00003AA04927278EEE78368002BF1D000220A
:103BC000059203AA0492042104AAE8E7039D214672
:103BD0000120AE7910F022FC0F4B82689A4203D08C
:103BE0002846F9F7B9FFADE7AB19D3F80D20204609
:103BF000D3F81130FDF7A0FC2846F9F7ADFF2146B8
:103C0000012012F02AFF0221B0E700209BE700BF4D
:103C1000A96D02089B6C02089F6C0208F7B50D465F
:103C2000044610F004FCAB790C33EF5CEE18C307CC
:103C30006DD5012F48D0082F41D0002F5AD171895E
:103C4000204612F0B9FEB188727809290B4638BFB8
:103C50000923013B9BB29A4209D873888B428CBFDF
:103C600000230123002A08BF002300EA030720469F
:103C7000FCF7FAFF80B210F08CFB70B14088B1887D
:103C8000F38832890090084612F0D6FD38B92846EC
:103C9000F9F762FF012003B0F0BD0120EFE7002F2C
:103CA000F5D02146002010F0B9FB1022C5607389C1
:103CB00000921A4A2146002012F090FEEAE72946B7
:103CC000204613F00FF8E5E72046F18812F074FE65
:103CD0000746701C11F002FE0028D8D0002FD6D065
:103CE0002146002010F09AFB2022C560F388009244
:103CF0000B4ADFE7294620460FF0DAFB0028C9D13E
:103D00002946204603B0BDE8F040FFF7D5BE0E2F90
:103D1000D5D0294620460FF0BAFBEFE7F16D020837
:103D2000396D020838B504460D4610F086FB42078F
:103D30000FD4204610F081FB83070AD420460221CD
:103D400010F07DFB29462046BDE83840034A12F0BA
:103D500029BF2846F9F700FF002038BDA93801081F
:103D600038B504460D4610F062FB00F0050004284B
:103D70000CD1204610F061FB10F4C02F06D129466B
:103D80002046BDE83840044A12F00CBF2846F9F737
:103D9000E3FE0C2038BD00BFD5380108014A12F0FF
:103DA00001BF00BF9539010870B505460C460146B4
:103DB000012010F033FB0646284610F03EFB0107B9
:103DC00004D52046F9F7C8FE002070BD33685A05B7
:103DD000F7D4284610F02BFBC30708D52146284608
:103DE000FFF7A0FF18B90EF004FC044670B156E8C6
:103DF000003F43F4806346E80032002AF7D12146B1
:103E00002846BDE87040024A12F0CCBE0720DCE72D
:103E1000FD39010873B504460E4610F008FB00F0AA
:103E20000C0004284FF0020035D10EF0E2FB0546ED
:103E300098B34379022143F00203437112F084FDE9
:103E4000284612F072FD29464670204612F062FDA7
:103E50001621204610F036FB0821204610F0E9FA22
:103E60002146012012F029FE2146002012F025FEF5
:103E7000204612F0CCFE0121204610F026FB03461E
:103E800001202146064A009012F0A8FD2046082194
:103E9000FFF7D0FB002002B070BD0720FBE700BF9A
:103EA000C96C0208F0B50D4689B0044610F0BFFA9F
:103EB000AB7910F0010003F10C0305EB0302EB5C9E
:103EC00000F09E80033B082B00F23181DFE813F005
:103ED00009002F012F0182002F012F012F015C000B
:103EE0007C00D2F80100D2F8051003ABB2F80970DB
:103EF00003C302F1130301210B32204611F001FD2F
:103F00000421284612F020FD284612F00EFD064638
:103F10000C2105A800F080FA05AB03CB3346C6F8A8
:103F20000100C6F80510079A002143F8092F204622
:103F3000721C11F0E6FC2146002010F06FFA0346D7
:103F400003AA478303CAC3F81200C3F81610204619
:103F50000821FCF79FFE8021204610F06AFA2046D7
:103F600011F0EBFC2946204612F0D4FC0321204638
:103F700010F0ABFA0346002021466E4A009012F082
:103F80002DFD012009B0F0BD0B21284612F0DCFC0C
:103F9000284612F0CAFC2946204612F0BBFC18F055
:103FA0000BF80546C021204610F043FA4FF480512B
:103FB000204610F044FA284617F0F9FF4FF48061CC
:103FC000204610F040FADCE72846F9F7C5FD4FF42B
:103FD0000071F5E70621284612F0B6FC284612F0DB
:103FE000A4FC204610F0A0FC2946204612F092FCCA
:103FF000204611F0C7FC2146002012F02EFDC0E73C
:10400000043B072BBED801A252F823F02D40010833
:1040100051400108B3400108853F0108853F010870
:10402000853F0108853F0108C940010820468021DD
:1040300010F0FFF9AA7920460C322A4402F1090354
:104040000021013211F05DFC2846F9F785FD98E763
:104050004FF48060FEF744F9B0B100274FF40061DF
:10406000204610F0ECF92046CDE90577FCF7FCFD81
:104070000646204610F0D9F939460346009505AAB0
:10408000B0B212F0FDFA7CE72146012010F0C6F92B
:1040900000F11201204611F08AFC0621284612F098
:1040A00053FC284612F041FC2946204612F032FC0F
:1040B00067E72846F9F750FD2146012012F0FDFC84
:1040C000204611F05FFC5CE717F076FF0646802182
:1040D000204610F0AEF94FF48051204610F0AFF9B1
:1040E000304617F064FF4FF4C061204610F0ABF982
:1040F0002946204612F00EFC2146012010F08EF9D0
:10410000C268054682B1937901210C331A4402F149
:10411000130320460B3211F0F4FB204611F00DFC86
:104120002046E96812F0F6FB0023EB6029E7002047
:1041300028E700BFA96E020808B507490022074812
:1041400012F09BFD0548FFF741FABDE80840012049
:104150000021FEF7CBB800BFA53E0108F41A0020ED
:1041600038B50C468B7905460C331944E35C142BA7
:1041700003D0152B0FD0002038BD013112F00FFFF6
:1041800015212846224612F054FF2146284612F0F7
:10419000C1FB0120F0E70146012010F03FF90B4B75
:1041A00082689A4203D02046F9F7D6FCF1E7A1795C
:1041B000284621440D3112F0F2FE2046F9F7CCFCDE
:1041C0002946012012F049FCE3E700BF877002088E
:1041D00037B504460D460A46142112F02AFF294637
:1041E000204612F097FB0321204610F06EF9302292
:1041F0000346009221460120024A12F0EFFB002004
:1042000003B030BD8770020808B5094A09490A4859
:1042100012F033FD0848FFF7D9F9022106480022C1
:10422000FFF7E4F9BDE8084020200021FEF75EB862
:104230008B70020861410108041B002073B51E4603
:10424000ADF800208DF80230009B044601A80193D0
:104250000D46114612F08DFE9DF80630B34203D193
:10426000BDF804308B4205D02846F9F775FC1220C2
:1042700002B070BD204610F0EDF99DF80230827A50
:104280009A4209D18288BDF800309A4204D128466A
:10429000F9F762FC0020EBE76946204610F0A4FD28
:1042A00029462046014A12F07DFCE1E7D141010890
:1042B00037B5044612F02EFB0321204610F005F915
:1042C0000025034621460120034A009512F086FB93
:1042D000284603B030BD00BFE57002082DE9F04765
:1042E0008846212104461746994610F00FFD88B3F1
:1042F000204610F0A2F810F4103F2ED102200EF04C
:1043000078F9054658B34FF00A0A232112F01CFB36
:10431000284612F00AFB012397FBFAF708F1FF3257
:1043200093404370064687704846FAF7F3FE90FBC9
:10433000FAF04FF48041F070204610F080F84146CA
:10434000204611F0EDFC29462046BDE8F047054A1D
:1043500012F028BC1120BDE8F0872320FBE70720DE
:10436000F9E700BFB1420108F0B507460E46144612
:1043700085B00C4B6946384603F11002FEF72EFC5F
:104380000028F6D0102C254628BF102530462A4696
:1043900069460DF08AFC641B2F442E44E9D105B018
:1043A000F0BD00BFEA20002030B589B02022694668
:1043B000FFF7DAFF6A460C4D04AB144603CC9C426F
:1043C00028606960224605F10805F6D1074C1A46B7
:1043D00003CA616008A98A422060134604F10804F8
:1043E000F5D109B030BD00BFEA200020FA2000203E
:1043F00010B588B0694620200BF0F0F8044630B9BB
:104400006846FFF7D1FF0122024B83F820202046A7
:1044100008B010BDEA20002070B5124B054693F895
:1044200020300C468CB00BB9FFF7E2FF10220021C0
:1044300068460DF02FFC4CB92022214604A80DF04F
:1044400029FC04A8FFF7B0FF0CB070BD102C264665
:1044500028BF1026294632466846FFF785FF3544B7
:10446000A41BE8E7EA2000202DE9F3411E468369FA
:1044700004460D4617462BB171B30025284602B0FD
:10448000BDE8F0810029F8D0B0F85830990703D57D
:10449000438D002B00F0048120460FF096FA05466C
:1044A0000028EBD12046628D218DFCF7BFF8012E4C
:1044B00027D040F27123B4F854205A43904220D9B7
:1044C000B4F856205A43904215D9294620460FF099
:1044D000DFFD41F24505D1E717F06EFD064629469E
:1044E000206D0EF02AFD204629460FF0D1FD304602
:1044F00017F05DFDC1E700F51C70B0FBF3F0A4F808
:104500005400636BABBBD4F83880B8F1000F0DD109
:1045100020460FF04EFC054640B1414620460FF0C4
:10452000B7FD192DAAD141F20705A7E7A26B42B149
:10453000236A13F4007104D1C4E90D2123F400238C
:104540002362B4F858309A0742D5204612F0A2FFF1
:10455000A0B3204612F0B9FF0546002800F0848081
:10456000204600210FF094FD04F140000DF0CCFE38
:10457000D7E7204601A912F019FF0028E1D0204614
:10458000019912F051FF054640B1204600210FF07D
:104590007FFD04F138000DF0B7FE6FE7A36B002B31
:1045A000CFD0236A13F40075CBD104F134000DF0A1
:1045B000ABFEA36BC4E90D35236ABFE7E36B3BB9E0
:1045C000D4F84080B8F1000F3ED0226C002A4FD1C1
:1045D000B4F85830DB0755D4334B3246A361394623
:1045E00000232046FBF74EFA054600287FF446AF2D
:1045F000206D01210EF0A1FC206D0EF09FFC002823
:104600003FF43BAF616B29B9A16B00293FF435AF93
:10461000C4E90D15204612F007FF054600283FF4B7
:104620002DAF17F0C9FC06460021206D0EF085FC69
:10463000204600210FF02CFD236A304623F400238E
:10464000236217F0B4FC19E720460FF023FC05465F
:1046500050B1414620460FF01BFD04F134000DF02F
:1046600053FE04F1380081E7E36B002BB0D1ACE7D7
:10467000236A13F4806102BF23F40023C4E90F21ED
:104680002362A5E7094DA86A0028A5D10DF0B1FF66
:104690000146A86200289FD120460FF0F9FC42E7AE
:1046A00041F20C05EAE600BF4D0001088415002028
:1046B00070B5002498260C4D95F83430A34200DCE8
:1046C00070BD2B6B06FB043393F86120FF2A03D0E7
:1046D000186D18B10EF03DFC0134EDE7D86C0028E0
:1046E000FAD00EF0EBFBF7E784150020102210B58E
:1046F00088B00C4601460DEB020013F005F94FF4AB
:10470000105380221021CDE90132094B224600933B
:104710000DEB01004FF4806313F02EF810210446D6
:104720000DEB010013F0FAF8204608B010BD00BFF1
:104730000002C003F7B50027054603200E46019787
:10474000F5F7F0FA0122014601AB1046F7F7DCF964
:10475000044618B12F60204603B0F0BD3146094A27
:1047600001980BF06AF90646019846B117F0F1FE80
:104770002C60304612F0DEFF40F20744EBE7286081
:10478000E9E700BF0002C00337B50D4B41881C6844
:1047900001AA0DF10203008814F081FE043CBDF86B
:1047A0000210A4B2A142054688BF2146019A0548DD
:1047B00088BFADF8024016F0C7F8858003B030BD61
:1047C000E41B002020840A16002110B5821D838876
:1047D000044608460EF050F8024648B16188208829
:1047E00014F089FE0446034816F0A7F8848010BD33
:1047F0001A24F8E720020A1708B50146034631F8E3
:10480000040B5A8815F00BF8034816F096F80023AD
:104810000371437108BD00BF20020A1B40F205531B
:1048200020F0004098422DE9F0410BD840F20153AE
:10483000984209D840F2014398420DD040F20A4311
:10484000984214D0BDE8F081A0F20350022816D897
:10485000DFE800F024495C000D784C882D480DF00D
:10486000F5FB0028EED00571A0F80540EAE72A48DC
:104870000C780DF0EBFB0028E4D00471E2E7274848
:104880000F784E880D79CC880DF0E0FB0028D9D048
:104890000771A0F80560C5710481D3E78C684E8864
:1048A0000D790F7884B1B1F8068001F108021C4837
:1048B00000210DF006FC0028C4D00771A0F80560A7
:1048C000C571A0F80880BDE723462246214614485A
:1048D0000DF0CDFB0028B5D00771A0F80560C571BB
:1048E00004724472AEE70F4891F800804F880E7949
:1048F000CD880C890DF0AAFB0028A3D080F8048095
:10490000A0F80570C671058144819BE70D784C685D
:104910000548A4E79CE7020888E7020898E7020830
:1049200094E7020890E702088CE702082DE9F043BB
:1049300085B081460F4601A8134916461D46DDF88D
:1049400030800AF0A1FA0446C0B9029B01A8A3F87E
:104950000490DF800AF006FB029904460DB1CB8873
:104960002B60B8F1000F06D0CA88B2420AD8404680
:1049700008310DF09AF901A815F002FF204605B0A4
:10498000BDE8F0831D24F6E7B0E7020830B587B034
:1049900005460C4600930749134603A802220AF075
:1049A00093FA28B9049B03A89D80DC8015F0ECFEE7
:1049B00007B030BDA8E7020810B586B004460B4624
:1049C00000920649022203A80AF07EFA20B9049B4D
:1049D00003A89C8015F0D8FE06B010BDA0E7020821
:1049E00038B50A4B04461B680D462BB143699B073B
:1049F00002D513F0A5FD30B12A4620680421BDE898
:104A0000384015F025B8A3699D6138BD141B0020FE
:104A1000024B1868003818BF01207047141B002093
:104A200013B50446019120B901A80DF06DFC2120B9
:104A300012E008460029FAD00DF0F5FC80B20028FB
:104A4000F2D0094B20461B6801994BB1984728B911
:104A50002046019900F090FF02B010BD0020FBE756
:104A600001F0C8FBF3E700BF141B0020436A73B5D5
:104A70009904044625D415F039F9636A03F4804398
:104A800008B3A26AD2041ED4D4F80100002BB4F8F3
:104A90000520E37904F10105009029460CBF53205D
:104AA0001420ADF804208DF8063013F0F4FC40B962
:104AB0006946284600F092FB18B9636A43F0080380
:104AC000636202B070BD002BFBD1084D661C294605
:104AD000304600F083FB0028F3D12B68C4F8013086
:104AE000AB88A4F80530AB79E371E6E7531B0020EF
:104AF0002DE9F0411E4E3071C0B3334600224821EB
:104B0000F7F702F838B905464FF0480807463379F9
:104B1000AB4202DC0020BDE8F0813468002108FBD4
:104B200005441422A76104F134000DF0B3F8A0226B
:104B30004FF4A073C4E90723072304F1100084F89D
:104B40003130E773E7710DF0DFFB04F114000DF075
:104B5000DBFB204613F059F840F20113E3857F2375
:104B6000A76284F8323067620135D0E73060D1E760
:104B7000181B0020074A03461179814208D91068A2
:104B800038B1482202FB0300406A00F00100704780
:104B900000207047181B002038B505460C46FFF76B
:104BA000E9FF034638B148220020044B1B6802FB92
:104BB0000533236038BD2120FBE700BF181B002010
:104BC0002DE9F04F0446364A93B0106851680FAB98
:104BD00003C3906812AA1860E37B02EB4303626A86
:104BE00033F80C5C170548D40127B84645F010058A
:104BF000A67BC2F30043C6F3C006920348BF43F04E
:104C0000020386F00106B8F1010FD4E9072194F8F8
:104C1000009094F831A004F1080B0B9194F9324004
:104C2000F6B209D0B8F1020F06D0B8F1040F14BFE4
:104C30004FF000084FF00308012F05D0022F03D0DA
:104C4000042F14BF002703274846CDE90C2313F097
:104C50007CF80D9BCDE90770CDE903B3012329460C
:104C6000CDE900A3DDE90B324846CDE905480296BF
:104C700001F0CAFC13B0BDE8F08FA36A94F82E804F
:104C80009E0648BF45F02005580648BF45F0400540
:104C9000110494F82F7048BF45F00405A8E700BF41
:104CA000B8E7020837B5044648B104782046FFF754
:104CB00061FF10B9002003B030BD0134E4B2074DEC
:104CC0002B79A342F6D9204601A9FFF765FF08B961
:104CD0000198F0E70134E4B2F2E700BF181B0020AE
:104CE00070B5144B0546197918680023994201DC08
:104CF0001A201AE0426AD60718D490F8394064079F
:104D000014D4DCB203460C4903F8014BD1F80B6014
:104D100042F00902C0F80160B1F80F60497C9E8042
:104D200099714262FFF74CFF2C7070BD013348301F
:104D3000DCE700BF181B0020481B002073B5057975
:104D4000C67801A92846FFF727FF00BB019C28462B
:104D5000636A23F01003636214F0C7FF76B9294633
:104D6000A069621C0F4B00F09DF8222231460D48CD
:104D7000A66102B0BDE870400CF08CBF204612F076
:104D800044FF636A5A0604D523F04003636202B00D
:104D900070BD284604F1340102B0BDE8704002F055
:104DA00001B800BF6C1B002037B504460D4613F058
:104DB00079FA6988204614F01DFF6A7E2B7E204612
:104DC00043EA0223A4F862306A7F2B7F43EA02237E
:104DD000A4F86430EA7EAB7E43EA0223A4F866308E
:104DE0001B23A4F86C302D4B5A8B9B8BA4F86820A6
:104DF000A4F86A30022384F8723014F02FFF2046A2
:104E000014F099FE94F87330022B15D114F075FE4E
:104E100070B194F87530FF2B0AD105212046A368A4
:104E200043F48053A36003B0BDE8304013F0B5BA3B
:104E30000021204614F0E1FE0021204600F048FA4F
:104E40004FF6FF73288C984225D000F0F3F90094B8
:104E500000F0DCF96A46ADF8040040F20621104883
:104E600015F01CFE002240F20221204615F0D2FD72
:104E7000204601F0CDFE204614F063FE204601F0EE
:104E8000FBFAA368012123F480432046A36013F0BA
:104E900088FA03B030BD0020D9E700BF481B0020CE
:104EA0003C1B0020F7B504460F46164668465A7963
:104EB000991D1D4600F070F92CB96946304601F085
:104EC000A5FD0446A0B140F2032384F87670A4F84F
:104ED000723033682946C4F85A30B3882046A4F8A3
:104EE0005E30B37984F86030FFF75EFF03B0F0BD49
:104EF000032140F2064014F06BFD6B88A0F80330EC
:104F00000D2343710148FAF7C7F9EFE7236302085D
:104F1000A0F11B03E02B10B5044618D8042142F27F
:104F2000240014F055FD6FF06F0343714223A0F885
:104F3000034083710748FAF7AFF914F04CFD40794C
:104F400020B114F048FD407940F4805010BD21207C
:104F5000FCE700BF3F64020807B590F870304FF4DB
:104F6000887101AA03488DF8043015F097FD03B04D
:104F70005DF804FB3C1B0020F7B5C67805463C2EC7
:104F800000F1020404D103B0BDE8F04013F054B9BD
:104F900087792FBB234A156A1762D6B12146284666
:104FA00046F4805613F07EF940F201216A46284605
:104FB000EE6085F87270CDE9005615F06FFDAB68B4
:104FC000394643F480632846AB6001F0A9FD03B085
:104FD000F0BD2146284603B0BDE8F040FFF7E4BE2F
:104FE0004FF6FF73408C98420DD000F023F950B17A
:104FF00000F090F823460246FF21002003B0BDE8F0
:10500000F040FFF74FBF2346074A22351446186881
:105010005968083303C4AB422246F7D11B8823806A
:10502000D5E700BF481B00206C1B00201FB50446BD
:10503000B0F8030001F028FD08B3B4F8053090F88B
:105040007020A0F86C308DF80420ADF80630227A7C
:10505000E37940F2091143EA0223ADF80830A27A5D
:10506000637A084843EA0223ADF80A30227BE37AE8
:1050700043EA022301AAADF80C3015F00FFD04B08D
:1050800010BD00BF3C1B00201FB50446808801F006
:10509000FBFC80B190F870300E218DF80430D4F80C
:1050A00006300648CDF80530D4F80A3001AACDF80C
:1050B000093015F0F3FC04B010BD00BF3C1B00200C
:1050C00013B50446808801F0DFFCD8B190F8703049
:1050D0006A468DF80030E3784FF403718DF80130A3
:1050E000A37909488DF80230E3798DF80330237AEB
:1050F0008DF80430637A8DF80530A37A8DF8063088
:1051000015F0CCFC02B010BD3C1B002000487047DD
:10511000531B002008B514F0E9FD044B1A46073371
:10512000002808BF1A46104608BD00BF4C1B0020CF
:1051300010B58379044613F0280F21D00268114B73
:10514000C3F80B208288A3F80F20827900205A74BC
:10515000FFF7A8FD20B9BDE81040032001F0D0BD45
:10516000436A13F4C04FF3D1226843F00803C0F838
:105170000120A288A0F80520A2794362C271E7E766
:10518000212010BD481B00204379024A9B09D05CB6
:10519000704700BFD4E702080B6810B503608B8826
:1051A000FF2A0446838002D10723A37109E0032A62
:1051B00008D8054B9B5C072B837102D1FFF7E4FFF6
:1051C000A07110BD0023F0E7D8E702088379024AF6
:1051D00003F00703D05C7047CCE7020810B58B7969
:1051E0008279094C02F0070203F00703A25CE35C3A
:1051F0009A4206D1062215F08EFAB0FA80F04009E4
:1052000010BD0020FCE700BFC4E7020860B1142213
:10521000074B1B68C31AB3FBF2F3007CDBB240EA16
:10522000032000B280B270474FF0FF30FAE700BFB2
:105230002824002010B50246142408490B7A096876
:10524000FF2B01D1002010BD6343C818CB5AC3F314
:105250000B039342F7D0437CF2E700BF28240020E1
:10526000F722014B1A8070478C25002010B50446A8
:1052700058B30068836CA3421FD1636883642246DD
:10528000124915F0D7FB04F10C0015F0F3FB04F103
:1052900044000DF039F8A06948B114300DF034F82D
:1052A000A06918300DF030F8A0690DF037FB2046EA
:1052B000BDE810400DF032BB1346002BDFD05A681A
:1052C000A242F9D162685A60D9E710BDD1850208BF
:1052D00070B5054648200E460DF01EFB044650B141
:1052E000FFF796FB60B11C200DF016FBA06128B9FA
:1052F00020460DF013FB0024204670BD00230370F0
:105300000321284614F079FCAB6C22466360AC6440
:1053100017232681002663811449284625602677B5
:1053200066640AF0A5F801F007FE3246014604F172
:105330000C000AF09DF802232374FFF769FB18B9EB
:105340000B4B1B78002BD7D00A4B19881729D3D9C0
:10535000204612F071FB0028CED11321204613F015
:10536000FCF8636943F002036361C5E7D185020875
:105370000B2100208C250020F8B5054610B34C1CED
:1053800020D0114C2468247E8C421BDD3F2919DC7F
:10539000032701F0030600EBA10191F831407600EC
:1053A000B74002F0030224EA0704B240224381F826
:1053B000312013B1002113F083F92846BDE8F840ED
:1053C00013F0DDB9F8BD00BF281B002070B51646EC
:1053D00000221A7032800A7A0D46072A4DD8DFE87B
:1053E00002F004090D111A1E304AE86830F8023B39
:1053F000338043E0EB68981D5B88F9E7EB68981D04
:105400009B88F5E7697B13F0A8F902221C4B1880F2
:105410001846328032E002231A4833802EE01A4CBC
:105420002B7BE88923702B88E11C013363702B8868
:1054300001331B12A37000F0A7F90330308020461F
:105440001CE0124CA889EB89020AA3701B0A207089
:105450006270E37000F00EFA58B1C3681A88022A2D
:1054600007D19A782271DB7863710623074833806D
:1054700004E00423FAE780221A70002070BD00BF08
:1054800025210020DCE70208122100200C21002049
:10549000054A064B1860136843F001031360828BC2
:1054A000034B1A80704700BF201B0020281B0020E0
:1054B000FE1F002010222DE9F04FDFF858818FB039
:1054C000002105460DEB02000CF0E4FBD8F80010BB
:1054D00011F008040AD04D4B03F1100253F8041BDD
:1054E000934245F8041BF9D100242CE021461022F8
:1054F00028460CF0CFFB02A904A80294FFF7F6F8A7
:10550000044600BB0390029903A8FFF713F9044671
:10551000B0B982463E4BA2B21B68D988914216D8D8
:10552000294603A812F0A3F90446029812F088F95C
:10553000002C5AD01022002128460CF0ABFB02E0D0
:10554000029812F07DF920460FB0BDE8F08FD3F835
:1055500000B0A7B24FEA07190BEB07173846ADF8B2
:1055600006A013F0FBFC0646384600F053F900286D
:1055700039D0A6F520539BB2032B02D9B6F5245F90
:1055800023D13BF809303946ADF820300DF1060241
:1055900000200DF10503ADF82260FFF717FFBDF8FD
:1055A00006600146324609A80CF07FFB321D0398C5
:1055B00008A912F053F90646A8B103A812F077F92A
:1055C000029812F03DF93446BDE706F55643FF3325
:1055D0009BB2042B07D83BF80930ADF82260ADF838
:1055E00020300026E2E7013494E7084B05F1100271
:1055F00055F8041B954243F8041BF9D1D8F8003044
:1056000043F00803C8F800306EE700BF27210020F0
:10561000281B0020201B0020134B01461B6870B57F
:1056200013F0040306D00022104B1C68E38990B2EB
:10563000834209D80E4A14680022E58990B2854257
:1056400009D84FF6FF7005E0A56835F81250013211
:105650008D42ECD170BDA66836F8126001328E42E0
:10566000ECD1034498B2F5E7201B0020241B002056
:10567000281B0020094B1B685B070AD5084B1A68DA
:10568000D389834203D9936833F810007047C01A56
:1056900080B2044B1B689B68F6E700BF201B00200C
:1056A000241B0020281B002038B5046805460C2266
:1056B0002046084915F02FF850B90222064904F196
:1056C0000E0015F028F818B902200C342C6038BDF3
:1056D0001020FCE7DFE70208EDE702082DE9F743B9
:1056E0001028019146D101A8FFF7DEFF022806D15C
:1056F000019B1888FFF790FF03B0BDE8F0831F4BB4
:10570000019F1E6816F0040608D000241C4BD3F835
:105710000080B8F81660A5B2AE420BD80025194B30
:10572000D3F80080B8F81690ACB24C4510D34FF6C1
:10573000FF70E1E7D8F81000102200EB04103946A2
:1057400014F0E9FF01340028E5D145F40040D3E727
:10575000D8F81000102200EB0510394614F0DBFFDA
:1057600001350028E0D1A0196FEA40406FEA5040AF
:1057700080B2C1E70228DAD1BAE700BF201B0020BF
:10578000241B0020281B0020020408B51DD5124B45
:10579000C0F30E001B685B0713D5104B1A68D38A41
:1057A00098420CD2136903EB001000F1100350F87B
:1057B000042B984241F8042BF9D1102008BDC01ADF
:1057C00080B2074B1B681B69EDE7FFF753FF0870BA
:1057D000000A48700220F1E7201B0020241B002053
:1057E000281B002038B50446094B1B681D68A542DC
:1057F00009D2204621B913F0BBFB30B1103402E0CE
:1058000013F0BFFB08B1204638BD103CEFE700BFE6
:10581000281B0020437ADA0702D5C3F380007047C3
:10582000034BC0881B881840003818BF0120704700
:10583000FE1F00200C4B0246186810F001000AD031
:105840003AB10A4B1B68DB88934234BF0020012029
:105850007047104670472AB1054B1B88934294BF8E
:1058600000200120704700BF201B0020281B0020C3
:105870000020002070B50146FFF7DCFFE8B10F4BB8
:105880001A68D5888D4209D301F180501368013818
:10589000040103EB00101B5B8B420ED0002398B277
:1058A000854201D8002008E016681C01345B06EB35
:1058B00003108C4203F10103F1D170BD281B0020BD
:1058C0002DE9F34100250E46A846174F01903A688E
:1058D000ABB2D18899421DD91468ABB204EB031462
:1058E000B4F90430002B1CDA2046FFF793FFC0B157
:1058F000E1680B889E4214D13246019802310CF0C7
:1059000080FFE36882B21B88934207D0114601A84A
:105910000CF0D4FD404602B0BDE8F08143441FFACC
:1059200083F80135D3E700BF281B00207FB5114B5A
:105930000E4605460446039320B9204612F079FE30
:105940000446A0B1204612F0A5FE024668B93146D1
:10595000204612F0E9FF022807D180233146009348
:105960002046042303AA13F031FB002DE5D004B038
:1059700070BD00BF0100FFFF2DE9F04F97B08346D7
:10598000099112F0D3FD099883790C33C45CC518D2
:105990000CF049FD202C0646099F17D8012C05D98B
:1059A000C44BA21ED2B2D340DB0713D42146062338
:1059B00000225846009712F050F841F2061458465B
:1059C00012F0B9FD204617B0BDE8F08F04F07F0358
:1059D000522BEBD1384697F806800CF024FDBBF82B
:1059E0000A2083B29A4214D214F0010240F08F8050
:1059F00004F07F03522B00F08A801E2C00F0878079
:105A0000099B214600935846042312F026F82124CE
:105A1000D5E747443A7B013B202A9BB246D8012A6E
:105A2000E2D9023A1E2ADFD801A151F822F000BFC4
:105A3000C95A0108E9590108CD5A0108E959010874
:105A4000C35A0108E9590108B95A0108E95901087E
:105A5000C95A0108E9590108CD5A0108E959010854
:105A6000D15A0108E9590108B95A0108E959010850
:105A7000FB5A0108E9590108E9590108E9590108E7
:105A8000FF5A0108E9590108035B0108E9590108B7
:105A9000E9590108E9590108E9590108E9590108DA
:105AA000075B0108E9590108D15A0108522A24D09C
:105AB000D22A99D10D2B05E0062B0DD0142B93D1B2
:105AC0000AE0052B90D907E0022BF8E7042BF6E754
:105AD000032B89D9DF0787D4022C00F00B81DBF878
:105AE00000309B68980516D40BF144000CF00CFCB8
:105AF000099BCBF84430002461E7012BE2E7032B3C
:105B0000E0E7012BDBE7002B7FF46EAFE4E709A8A9
:105B10000CF0FAFB7BE71E2C00F03683584612F09F
:105B2000B9FD0746002840F08280584612F0ADFDCE
:105B300000287CD004F07F03522B00F0CC80082C8E
:105B400068D1B6B2152E14BF02201020691D12F0C4
:105B500087FD00285ED0DBF814305846D9074BBFCC
:105B600023F0010343F00103394601214CBFCBF878
:105B70001430CBF8143012F0A3FD09980D9011F0F9
:105B8000D7FE0446B0F80180B0F803900D980CF0F1
:105B90004AFC152814BF0225102505342146284645
:105BA000FFF79CFD21460390284612F059FD0D9AFF
:105BB0000490B8F1000F00F04F81C84500F24C810D
:105BC0000221092011F0D5FEBBF80A708246023F7F
:105BD000BFB23E4640464FF0FF354946039A13F0A8
:105BE00043F80446002800F0788112F025FE0028D2
:105BF00000F0908101222146584612F0AEFE034685
:105C00008DF82E00002800F02B810D9A009222467C
:105C10000821B0E0DBF8143013F001064CD023F07B
:105C2000010300215846CBF8143012F049FD202C16
:105C300055D8231F1C2B57D801A252F823F000BFC0
:105C40002B5F0108E95C010823600108E95C010899
:105C50007B5B0108E95C01080D610108E95C010852
:105C60002B610108E95C010841610108E95C010858
:105C70002B5D0108E95C010859610108E95C010834
:105C8000E95C0108E95C010875610108E95C01084B
:105C90007F610108E95C0108E95C0108E95C010831
:105CA000E95C0108E95C010889610108E95C010817
:105CB0004F6101085555515043F0010301215846E9
:105CC000CBF8143012F0FCFC122332462146584621
:105CD000009611F0C2FE09A80CF016FB0BE7522C3F
:105CE00000F04182D22CF6D0099B0022009321467D
:105CF000062340E0099DB94C284611F019FE218881
:105D0000B0F801602A46584611F0BCFE2388BBF863
:105D10000A10B34228BF3346172BB8BF1723584683
:105D2000ABF80A3012F0EEFBE5E6099F384611F0B9
:105D3000FFFD0546B0F80180B0F803A038460CF02E
:105D400072FB15280CBF20460220691DFFF7C6FC18
:105D50000590B8F1000F0AD0D04508D8B5F8053045
:105D6000049313F0DDF850B91023009701E00123EC
:105D7000009742461021584611F06FFEBBE63A46A6
:105D80000221112011F0F5FD44464FF0FF35BBF81C
:105D90000A3006909E1E0393063B9BB2B6B2089350
:105DA00051462046059A12F05FFF814668B351467E
:105DB000049A12F0A6FF0446484612F03DFD40B991
:105DC0004FF6FF739C4201D00134A4B25445E7D989
:105DD0001BE04FF000030DAAADF8343049460CAB80
:105DE000584612F04FFE039ABDF83430053A9A42F5
:105DF000089A0790D8BF1346002DADF8343009DB60
:105E00009D4202D1EB1CB34208DB6A1C1CD10A2361
:105E10000097AEE7351F9D42A8BF1D46042211A979
:105E20003846ADF84490ADF846400CF0EAFC2A46FE
:105E3000384607990CF0E5FC4FF6FF73043E761BDD
:105E40009C42B6B2C0D1E0E73946069B04355D708E
:105E50005846FEF7C5FD4EE6012300924246D7E6BE
:105E6000049B13B1204612F0D0FC204612F0FCFC3B
:105E7000D8B1002D54DC0DA80CF046FA0823584682
:105E80008BF81C3050F80C2B40F2025192F8702025
:105E90008DF8483000238DF8442011AAADF8464013
:105EA000ADF84A3014F0FAFD25E6ADF844000DF1E6
:105EB0002E032146584611AA12F0E4FDBDF84430E5
:105EC0000590BB4228BF3B46002DADF844300ADBAD
:105ED0009D4202D16B1CB34209DB6B1C20D10D9B90
:105EE00000930A23BAE7B51E9D42A8BF1D460222B1
:105EF0000CA90D98ADF830400CF083FC2A460599AA
:105F00000D980CF07EFC4FF6FF73023E761B9C4210
:105F1000B6B2E2D0601C80B28145BFF45EAEDCE771
:105F200002350D998AF8015092E7DDF82490484631
:105F300011F0FEFCB0F80180B8F1000F47D0B0F8C6
:105F400003309845049342D84FF6FF774A46022122
:105F5000052011F00EFD4546BA46BBF80A400590F3
:105F6000023CA4B22946584612F060FF504506464E
:105F70004FD04FF400622946584612F0EEFC00283C
:105F800042D1304612F0E8FF00280CBF0223102354
:105F90005745039324D0304612F0DEFF0690384672
:105FA00012F0DAFF069B834206D1039B022B0CBF43
:105FB00003231123A34214DB384612F0CDFF059BC7
:105FC000013019465870584611F030FD93E5012311
:105FD000CDF8009042460421CDE600BF8C2500207C
:105FE00037460DF146013046ADF84450FFF7CCFB83
:105FF000039B48469A1C11A90CF003FC039B023C2E
:10600000E41A5545A4B2D7D0049B0135ADB2AB42DA
:10601000A8D24FF6FF739F42CED10A23CDF800904D
:10602000D8E7DDF824900024484611F081FCB0F850
:106030000530B0F803A0B0F8016007464846039366
:106040000CF0F1F9C51FADB2102D0C945AD82A46A8
:10605000F91D0DA80BF029FE002E55D0564553D83A
:106060004A460121072011F084FCA046074633462A
:106070000A249A45049307D93946BBF80A0011F05F
:106080005BFC0328049B04D8B8F1000F1CD03946F0
:1060900099E7ADF84430039B5846ADF848300DAB56
:1060A000139300230BAA009311A90DF12E03ADF851
:1060B00046A0ADF8505012F050FE0A280446E3D036
:1060C000BDF82C3030B11E46234632460621CDF8AD
:1060D000009050E6ADF83030BDF82E300CAAADF887
:1060E000323039460423BBF80A0011F030FC4FF679
:1060F000FF72BDF82E309342C9D001334FF0010832
:106100009BB2B6E70424DFE70124DDE70A23099CFC
:106110008BF81C30204611F00BFC23460022B0F80F
:106120000110584613F022F8E5E4099C204611F0CE
:10613000FFFB0C238BF81C30B0F803202346EEE75E
:106140005A460F210E20099B13F068F8D3E45A46F3
:1061500021212020099BF7E75846099AB5F801103C
:1061600013F00EFAC7E45846099AB5F8011013F077
:106170005DFAC0E45846099913F097FABBE4584613
:10618000697813F000FBA6E5584613F01CFBA2E566
:106190007FB5174A0646136842F6052023F0080328
:1061A000136012F09CFD054650B16846FFF782F976
:1061B000002012F03EFA044620B92946FFF7B6FB4C
:1061C00004B070BD1022684604F1210114F0A3FA56
:1061D00038B10121204612F073FA636923F00103FC
:1061E00063611EB13146204612F051FE2046E0E7C1
:1061F000201B002037B58B790A460C33CD1801914E
:10620000C95C044611F0010329D01D290AD10121DE
:106210001E2011F0AEFB0146204611F007FC0120C4
:1062200003B030BD032916D10E4BB5F801201B88F1
:106230004189934228BF1346172BB8BF17234381C8
:1062400012F060F9636940F2094123F0020320462D
:10625000636112F07FF901A80CF056F8DFE71846E9
:10626000DEE700BF8C2500200022024BC3E900229C
:106270009A607047301B0020014B1860704700BFC8
:106280002C1B002013B500F09DF978B101908379A3
:106290000C33C418204601F0C5FC034610B120465B
:1062A00001A9984701A80CF02FF808E000F096F932
:1062B000019020B1034B1B68002BF3D0984702B02C
:1062C00010BD00BF2C1B002010B50446062142F271
:1062D000050013F07DFB2368C0F80330A388A0F805
:1062E00007300648F8F7D8FF13F075FB407918B16E
:1062F000BDE8104013F035BB10BD00BF05F300082A
:1063000010B5044606214FF6284013F061FB2368C0
:10631000C0F80330A388A0F807300648F8F7BCFFA0
:1063200013F059FB407918B1BDE8104013F019BBC8
:1063300010BD00BFA1F3000808B5002142F20E0015
:1063400013F046FBBDE808400148F8F7A5BF00BFC1
:106350000F64020838B590F872300446032B1546D6
:1063600006D1FFF7E9FF0123002084F8723019E01D
:10637000C9B9012B2DD9032140F2064013F028FBA7
:10638000B4F86E304571A0F803301348F8F784FF75
:1063900013F021FB8378002BE5D013F01CFB8078F1
:1063A00040F4805038BDA3B102214FF6044013F0F1
:1063B0000FFBB4F86E30A0F803300848F8F76CFF14
:1063C00013F009FB4379002BCDD013F004FB407987
:1063D000E6E70220E6E700BF2363020859630208EC
:1063E000F8B507460E4642F213000E2115461C462C
:1063F00013F0EEFAB7F86E30A0F80560A0F803309D
:10640000BDF81830A0F80750A0F80B30BDF81C30CC
:10641000A0F80940A0F80D30BDF82030A0F80F30EA
:106420000648F8F739FF13F0D6FA807820B113F058
:10643000D2FA807840F48050F8BD00BF9B63020818
:1064400070B506460D4642F27A000421144613F058
:10645000BFFAA0F80360457184710648F8F71CFF85
:1064600013F0B9FA407918B1BDE8704013F080BA62
:1064700070BD00BFB767020810B50446022142F2A2
:10648000300013F0A5FAB4F86E30A0F803300B48D2
:10649000F8F702FF13F09FFA43792BB913F09BFA38
:1064A000017A204600F0D6FB13F095FA407920B12E
:1064B00013F091FA407940F4805010BD19F40008AF
:1064C00001480BF040BF00BF341B002040F6FF73B3
:1064D0002DE9F3410D46B0F86E100192994205D1B5
:1064E00001A80BF011FF02B0BDE8F081114614467F
:1064F0000122002C38D123480BF0A0FFFFF7E0FF6A
:1065000004460028EFD00BF08EFF94F8058087B288
:1065100028F00103637104212046A6680CF06DF891
:106520000446437918F0010F14BF43F0010303F050
:10653000FE0343718179B6F86E200C3103F001033C
:10654000866083F001036254C2F30322084442EAE6
:1065500003124270478022463046294613F080FBE2
:106560002046F8F7ADFEC9E76379A0603AB143F081
:10657000010323F00203637100222468B9E703F0EA
:10658000FE03F6E7341B0020F8B50024094F05464A
:10659000786800B9F8BD836806689D4207D1F7F7AF
:1065A000DBFA14B126603046F3E77E60FBE7044671
:1065B000F9E700BF301B0020014601480BF03EBF49
:1065C000381B002001480BF0BEBE00BF381B002066
:1065D000014601480BF032BF301B0020034803681E
:1065E0000BB10BF0B0BE1846704700BF301B002047
:1065F000044B1A6822B99868003818BF0120704708
:1066000001207047301B00202DE9F0411546064659
:106610000F4642F2360019211C46DDF8248013F0A3
:10662000D7F92B0AC371230A83729DF8183085713C
:1066300003739DF81C30447243739DF820302D0C79
:10664000240CC67087800572C4728373D8F800303A
:10665000C0F80F30B8F804308676A0F813309DF8F3
:10666000283043759DF92C3083759DF83030C37503
:10667000002303769DF8343043769DF83830C37696
:106680000648F8F709FE13F0A6F9407920B113F097
:10669000A2F9407940F48050BDE8F08171320108E0
:1066A00038B505460C464FF61940052113F090F910
:1066B000C57044600548F8F7EFFD13F08CF9407998
:1066C00018B1BDE8384013F08DB938BD67620208D3
:1066D00038B505460C464FF61A40052113F078F9F7
:1066E000C57044600548F8F7D7FD13F074F9407998
:1066F00018B1BDE8384013F075B938BD976202088B
:1067000070B50D4606460121DAB1FFF7C9FF044610
:10671000A8B9072142F2350013F05AF9C6702B6868
:106720004360AB8803810848F8F7B6FD13F053F9CE
:10673000437923B113F04FF9447944F4805420464F
:1067400070BDFFF7C5FFE2E7696102080A4610B5B0
:106750000421044642F2370013F011F903230371B8
:106760000023C470437183710548F8F795FD13F059
:1067700032F9407918B1BDE8104013F033B910BDBB
:10678000A16102080A4610B50421044642F238000D
:1067900013F0F5F8032303710023C4704371837170
:1067A0000548F8F779FD13F016F9407918B1BDE8FE
:1067B000104013F017B910BD05620208F8B506467F
:1067C0000F4642F23900062114461D4613F000F927
:1067D00001238471240A0371C7704671C471057264
:1067E0000548F8F759FD13F0F6F8407918B1BDE8FF
:1067F000F84013F0F7B8F8BD513401080148FFF72D
:106800003BBD00BF096801082DE9F04F867987B0CC
:106810000C3605900546805BC0F30B0000F034F9A0
:10682000044618B905A80BF06FFD4EE090F87230E1
:10683000022BF7D1AB5B059AC3F30B0103F4405372
:10684000B3F5805F9060A95342D1537923F00103DF
:106850005371836B002BE5D0042105A804F13806A1
:106860000BF005FE304605990BF0E8FDA06B002308
:1068700001465A1CA9BBDBB2012B01D90BF04FFE1C
:10688000A06B0BF0D0FD03281FD9D4F838904846F0
:1068900099F806700BF0C7FD0C3709EB070539F8BE
:1068A0000770A0F104084745D4F8389020D9514F1B
:1068B00007F1100A57F804BB4B46424629462046CA
:1068C000D847574510D00028F4D007B0BDE8F08F66
:1068D00038300BF019FD059A537943F001035371D9
:1068E000BAE713460968C4E70028EED130469AE7B4
:1068F00048460BF098FD04378742F7D36988A1F129
:1069000040033F2B0BD8042130460BF0B0FD20464E
:10691000A26B698813F0E6F80023A363D5E7052985
:106920000BD0062961D00429E0D130460BF09FFD41
:10693000A16BA06CFEF774F8EEE72946204613F031
:10694000CFF802460028D1D12B79122B06D0132B79
:1069500036D02046697913F09BF8C7E794F8733076
:10696000022BF6D040F67A4029898B1F9BB28342D6
:1069700024D86A89931F9BB283421FD891421DD8A5
:10698000AB89B3F5FA7F19D240F6764CEF89A7F1BF
:106990000A0080B2604511D8B4F86A000290B4F8D9
:1069A0006800CDE900702046FFF71AFD021E18BFEF
:1069B00001222046697913F027F897E70122F8E7CA
:1069C00094F87330012B03D12046697913F060F8F5
:1069D000A3681A048AD523F40043A3602B89012BF2
:1069E00084D12046FEF7B8FA80E72046A16B13F069
:1069F00089F891E7F0E702080138C0B20A289ABF87
:106A0000014B185C0020704700E8020870B504468E
:106A10000D461B4A13686BB393F87D1011F0040107
:106A20002AD1586810608C22184693F870600BF0D9
:106A300031F9034680F870602268C0F85A20A288B5
:106A4000A0F85E20A27980F860202868D864AA792E
:106A5000A98883F85220FF2283F8752083F87620D6
:106A600040F6FF72A3F86E20064AA3F85010116892
:106A700013605960184670BD1A1D5B68CBE700BFF4
:106A8000441B0020401B0020054A0346106800B943
:106A90007047B0F86E209A42FAD04068F7E700BF1E
:106AA000401B0020054A0346106800B9704790F863
:106AB00070209A42FAD04068F7E700BF401B0020E0
:106AC00010B9024B1868704740687047401B00209F
:106AD0000023114A2DE9F0418C21136080460246C3
:106AE0000120F7F7BBF9044620B905460B4E30608C
:106AF000454502D32046BDE8F0810120F7F71CFA96
:106B000007468C22002101350BF0C4F887F870503D
:106B100037603E1DECE700BF401B0020441B0020F7
:106B2000012310B58B4090F87110044621EA03014F
:106B300049B280F87110002949D113F090F820462D
:106B400013F000F8102104F1180010F0E7FE2046C1
:106B5000FFF71AFD04F138000BF0D6FB204612F0C7
:106B6000C9FF224A13681BB19C4231D1636813608C
:106B7000A36859050BD51A0509D443F40063A1890C
:106B800094F87000A36004F1780200F07FFB00230A
:106B90002046636013F06EFF13F037F84FF48072F5
:106BA000B2FBF0F2424394F870300344B3FBF2F1CD
:106BB00002FB1133DBB2591EC9B2FD29F5D884F8A6
:106BC0007030002363600A4B1A6852B91C6010BD14
:106BD0001A465B68002BCBD09C42F9D163685360A6
:106BE000C6E71A68131D5268EFE700BF401B00207C
:106BF000441B002090F8743003F00B03013BDBB220
:106C00000A2B9ABF014AD05C002070470BE80208AB
:106C10001FB5014690F870308DF80430FFF7EAFF99
:106C2000B1F862308DF80C00ADF80630B1F8643080
:106C300001AAADF80A30B1F86630054840F20311F8
:106C4000ADF8083013F02AFF05B05DF804FB00BF73
:106C50003C1B002007B590F870308DF8051001AA94
:106C600040F2072103488DF8043013F017FF03B0FA
:106C70005DF804FB3C1B00201023074828224382B8
:106C80006423C0E905234FF6FF738383002340F894
:106C9000043B11F021BC00BF481B002010B5FEF7DB
:106CA00035FA044613F022F828B11248837A13F01B
:106CB000180F14D0104C21461048FEF78FFAB8B9BF
:106CC000A37920461B0710D5FFF71AFB60B922688D
:106CD0000A4B1A60A2889A80A2799A7104E0043063
:106CE00013F006F80028E5D010BDFFF7EDFAEDE748
:106CF0000020F9E7481B00204C1B00203721002012
:106D000010B5044620B9064811F0E6FB204610BD38
:106D1000012802D1024811F0DFFBFFF7BFFFF6E7C1
:106D20004C1B002038B5FEF7F1F90446FEF74EFA89
:106D30000546064813F001FE0023037143712368E2
:106D4000C0F80630A3880573438138BD20090205C9
:106D500013B5C37A0093B0F80930D0F80520D0F805
:106D60000110007811F0D2F90446034813F0E5FD54
:106D7000848002B010BD00BF20020403FF2337B59A
:106D80000DF107008DF80730FDF7AAFF044604480F
:106D90009DF8075013F0D1FD8480857103B030BD9C
:106DA0002003040137B54B7905465B070C460CD42C
:106DB00020461421064A0BF016F901A801940BF0A5
:106DC0003EF910B9A3791C44257403B030BD00BF4F
:106DD0003CE80208024B1B6803B11847704700BF2C
:106DE000901B002070B5064608460C46FEF7EEF9EB
:106DF000054606480BF02AF938B106712268C0F83A
:106E00000520A288C572A0F8092070BD38E80208E4
:106E100010B500210446007812F006FF48B16178F1
:106E2000207811F060F90446034813F086FD848051
:106E300010BD0224F8E700BF2002560110B54178CA
:106E4000007811F0D3F90446024813F076FD8480EF
:106E500010BD00BF2002560210461946F8B522F0B8
:106E6000004340F20A4293420ED8B3F5806F13D923
:106E70006FF480621344092B0ED8DFE803F0520F41
:106E80001E2F4F4F4F4F0D5240F20152934233D0BD
:106E9000A3F20253032B44D900200DE00D784C6877
:106EA0008A6901F10803204800210BF0E0F810B1D5
:106EB0000571C0F805400120F8BD0E784D880C79A9
:106EC0008A6901F10803194800210BF0D0F8002865
:106ED000F1D00671A0F80550C471ECE70D784C882C
:106EE0004A690B1D124800210BF0C1F80028E2D0BE
:106EF0000571A0F80540DEE70F784E880D79CC8843
:106F000001F108020B4800210BF0DBF80028D2D079
:106F10000771A0F80560C5710481CCE712F0A3FEEB
:106F2000C9E7FDF77BFCC6E75CE8020858E8020801
:106F300054E8020850E8020800487047596E0108FA
:106F4000014B186813F0EABCE81B002030B5124B67
:106F50000D469942144689B01BD1930011D505A95D
:106F600006A808F011FB062300220393059BE1B25B
:106F70000293069B2846CDE9003241F0005113F000
:106F80002AFD06480BF062F800B10471012009B037
:106F900030BD0020FBE700BF941B002070E8020812
:106FA00022F00042B2F1A04F08B504D103480BF023
:106FB0004DF8012008BD0020FCE700BF74E802087E
:106FC00010B5047ED4B1102C28BF102413F07DFD21
:106FD000621C81B200230620D2B2F6F73FFF0446BE
:106FE00050B90749074813F021FD0748074913F036
:106FF0001DFD0748F6F70EFF204610BD0424E5E707
:107000003C240020981B0020941B00204C240020CE
:107010003424002070B504460D461646FFF790FF55
:1070200038B133462A46002102480BF020F800B15F
:10703000848070BD78E8020822F00042B2F5887FB3
:107040002DE9F0471C4600F0E2800ED840F2031311
:107050009A423CD040F209139A4200F0C2800E2AB4
:1070600000F0B3800020BDE8F08740F207239A4289
:1070700047D0B2F5037F56D040F206239A42F1D1B1
:1070800020684C30FEF7A2F825680746644895F85A
:10709000736095F870A095F8759095F87680A4883F
:1070A0000AF0D4FF0028DDD0EB6C4360B5F8503017
:1070B00087720381731E5E425E41C67280F80CA027
:1070C00080F80D9080F80E80A0F80F40CAE7207875
:1070D000FFF7E8FC0028C5D0524894F80080678884
:1070E000A688E588247A0AF0B1FF0028BAD080F893
:1070F0000480A0F80570A0F80760A0F80950C472D9
:10710000B0E72078FFF7CEFC0028ABD06078257878
:10711000FFF772FC044644480AF098FF0028A1D00B
:10712000057144719EE7A578012D1ED0022D2DD04A
:10713000CDB9E37894F80080023BDBB2022B8CBF20
:1071400001253A4A94F90470667998BFD55C94F9A0
:10715000064037480AF07AFF28B180F8048045716C
:107160008771C671047201207DE7E37894F800808E
:10717000023BDBB2022B98BF2C4A94F9047066796B
:1071800098BFD55C94F906402A48E3E7E3782A489B
:10719000023BDBB2022B94BF244A012594F8018004
:1071A000277898BFD55C94F90490667994F90640E5
:1071B0000AF04CFF0028D6D0A0F804808771C57172
:1071C00080F8089046728472CDE723460822002199
:1071D00013F8014B19480AF04AFF0028C3D0047184
:1071E000C1E7174894F800806788A688E588248955
:1071F0000AF02CFF0028B6D080F80480A0F80570B3
:10720000A0F80760A0F80950A0F80B40ABE70D48C4
:107210001C780AF01BFF00283FF424AF047121E71B
:10722000B4E80208B0E80208A8E802087CE802080E
:10723000A0E802089CE80208A4E8020898E802080E
:1072400094E80208ACE802080022084B10B51A6066
:107250009A8002681A60187811F09DF8044618B9EF
:107260000349044813F0E2FB204610BD0220002031
:107270005C2400203C1B002008B5034B5888FDF718
:1072800047FE002008BD00BF0220002073B5144651
:1072900006460D4620461421094A0AF0A4FE01A81C
:1072A00001940AF0CCFE48B9A3790C331C44054B79
:1072B000A6711B79A5800BB112F0CCFC02B070BD99
:1072C00090E802080220002022F000420D2A73B547
:1072D0001C460ED06FF4C0631A440B2A12D80B2A36
:1072E00010D8DFE802F03B12242C370F46505F84A1
:1072F000878E0422002153F8044B44480AF0B7FE5D
:1073000000B18480002002B070BD2078FFF7CAFB76
:107310000028F7D03E48267894F90150A4780AF066
:1073200095FE0028EED0067145718471EAE7247855
:1073300038480AF08BFE0028E4D00471E2E7257893
:10734000354864680AF082FE0028DBD00571C0F879
:107350000540D7E7257831486468F3E73048257859
:1073600064680AF073FE0028CCD00571A0F80540CF
:10737000C8E72C48257864680AF068FE0028C1D068
:1073800005714471BEE7637827480D2B96BF274AE5
:107390000125D55C24780AF059FE0028B2D004718A
:1073A0004571AFE7637800210D2B98BF1F4A204835
:1073B00098BFD55C6368A27888BF012526780AF05B
:1073C00056FE08B1067145716378012B9AD88DF885
:1073D00007300122002116480DF1070324780AF036
:1073E00046FE00288ED00123047143718AE7247879
:1073F00010489EE70021636822780F480AF037FEA4
:1074000080E70E480AF022FE7CE700BFF8E8020899
:10741000E4E80208ECE80208F0E80208E8E80208FC
:10742000E0E80208DCE80208D8E80208B8E8020848
:10743000D4E80208D0E80208C8E80208CCE802084C
:1074400073B5064614F0B8FD1C4C054663795B071E
:107450000ED4204614211A4A0AF0C5FD01A8019451
:107460000AF0EDFD20B1284614F0A1FD02B070BD78
:10747000A3790C332344032E08D8DFE806F0020D6D
:1074800013191A79FF2A01D001321A71284602B065
:10749000BDE8704014F08BBD5A79FF2AF6D0013256
:1074A0005A71F3E79A79FF2AF0D001329A71EDE729
:1074B000DA79FF2A1CBF0132DA71E7E79C1B002052
:1074C000F4E8020830B585B005460A4901A807F07E
:1074D000DBFC044650B901A807F044FD044615B191
:1074E000029B9B792B7001A813F04AF9204605B046
:1074F00030BD00BF04E902082DE9FF4180460F4678
:1075000001A80C4916461D4607F0BEFC70B9029C46
:107510009DF8283084F80480C4F80570C4F8096028
:10752000A4F80D50E37301A813F02EF904B0BDE8E0
:10753000F08100BFFCE8020830B585B005460C4676
:1075400001A8064907F0A0FC28B9029B01A81D71FB
:107550005C7113F019F905B030BD00BF14E90208E1
:1075600030B585B005460C4601A8064907F08CFCED
:1075700028B9029B01A81D715C7113F005F905B0D3
:1075800030BD00BF0CE902087FB505460E4601A8D4
:107590000C4907F079FC044680B901A807F0E2FC29
:1075A000029B044625B1D3F806202A605A89AA8096
:1075B0000EB11B7B337001A813F0E2F8204604B033
:1075C00070BD00BF1CE9020808B507F0B3FD08B1A3
:1075D000012008BD07F068FF0020002107F0B2FD80
:1075E0000028F5D10AF09CFD0028F1D1014B187854
:1075F000C0B2EEE73F21002010B5204C88B02060DB
:10760000F6F702FC1C22002101A824680AF042FBC4
:107610000AF009FA628BA368ADF81020A28B43F43C
:107620008063ADF81220226AADF808000592626806
:107630000393019212F010FB18B1039B43F0040373
:107640000393039B01A843F48032039222689205BE
:1076500044BF43F4102303930BF095FF044650B945
:107660000A20074A074907F0C3FE044618B907F085
:10767000EBFCFFF701FB204608B010BDD81B002033
:10768000699C020821BC020870B58EB007F0DFFFCC
:10769000002302AE31460DF107008DF80E308DF853
:1076A000073007F0D2FF002840F09380304612F0F8
:1076B00088FA002800F08D80302800F08A809DF83C
:1076C0000730012B17D172238DF80E30F1F7FAFF36
:1076D000CDE90601030C8DF81230BDF81D30ADF870
:1076E0001000ADF813309DF81F308DF81530492388
:1076F0008DF816300AE049238DF80E3096E8030025
:10770000ADF81410090C04908DF816109DF80E3089
:1077100013F0280F07D1DDE90401ADF80C10090CB6
:1077200002908DF80E103A4D2B68D868002856D17B
:107730002B681A690AB9374A126837490A605A69C8
:107740000AB9364A126836490A609A7FD1074ED480
:1077500004A812F0A3FA0446002845D11C220146D1
:1077600006A82D680AF096FA0AF05DF96A8BAB68F4
:10777000ADF82420AA8BADF81C00ADF826202A6AAB
:1077800043F480630A926A680893069212F064FADE
:1077900018B1089B43F004030893089B06A843F420
:1077A000803208922A68920544BF43F4102308935C
:1077B000EEF750FE0446B8B9BDF92A0012F0DFF921
:1077C00012F071FA3046FDF7B3FC164807F00AFED6
:1077D0000AE09DF80E3018077FF578AF8EE712F0BB
:1077E000B8F804460028A3D020460EB070BDDA7F5A
:1077F00000234FF0FF3006A9CDE906338DF81A209B
:1078000012F003FB0028A3D040F20C44ECE700BFC9
:10781000D81B002074C80208B41B002070C80208DE
:10782000B01B00209978010837B5154D286813F072
:107830007AF810BB134B1B780BB100F0B3F907F0CB
:1078400033FE12F08BF907F039FC0446286813F078
:1078500065F820B92868F6F71FF9019048B90AF0D1
:107860005FFC08B9002CECD103B0BDE8304012F049
:10787000F2B901A80AF048FDECE703B030BD00BF43
:10788000E81B00203F210020024B1B6803B1184772
:10789000704700BFB01B002050EA010337B5044613
:1078A0000D4604D103B0BDE83040FFF7EDBFB1F1A4
:1078B000FF3F08BFB0F1FF3F13D014F0B1F9221819
:1078C00045EB010308490948C1E9002300239D4213
:1078D0000CBF21464FF0FF31CDE90033044A14F0CC
:1078E00043FE03B030BD00BF100B0020B81B0020CA
:1078F000F5780108D3B514F05FFB044614F090F955
:107900000B46104AD2E90067B04273EB070107D378
:10791000FFF7BAFF204602B0BDE8D04014F047BBE5
:10792000D2E900670022311A67EB03039342CDE9E5
:107930000022134618BF4FF0FF31034A034814F0EA
:1079400013FEE7E7100B0020F5780108B81B0020B4
:107950000023044A52E8000F42E800310029F9D11F
:10796000FAF750BCDC1B0020054A52E8003F0343F5
:1079700042E800310029F8D1024B1B68184700BFCC
:10798000DC1B0020B41B002013B51C68E10705D5E3
:1079900012F0DBF81549164813F048F8A20722D573
:1079A000FEF726FEC8B9019014F006FB0446114804
:1079B0000AF0C9FC0190204614F0F9FA019890B140
:1079C00043799B070CD401A802210AF050FD0198CD
:1079D000FEF7FEFDFEF756FCE6E7FEF753FCDFE799
:1079E000FEF7EAFDF6E7002002B010BD6C2400208F
:1079F0003C1B0020E01B002008B5054807F030FBC9
:107A0000044B01211870BDE8084007F039BB00BFE6
:107A10007C2400203E21002038B5044648B114F0F3
:107A2000CBFA0546214608480AF008FD284614F01E
:107A3000BEFA064B022193F9000007F021FBBDE8D6
:107A40003840FFF721BF00BFE01B00203E2100208F
:107A5000F8B50E46054618B311B3134F3B680BBB80
:107A600000F0CEF80446B0B9F6F7CAFA07F08AFA81
:107A70006D6A002D08BF4FF48075284607F0DCF9C9
:107A8000044640B932462021384607F087FA0446BA
:107A900018B107F0E9F92046F8BD044B1D60FAE77C
:107AA0002124F8E72E24F6E7E81B0020E41B002041
:107AB000014B186812F0F3BEE81B0020064B10B50E
:107AC000186812F000FF044618B900F0D3F813F05C
:107AD00000F8204610BD00BFE81B0020014610B58D
:107AE0000446064808F056FA00234FF0FF322360A0
:107AF0004FF0FF33C4E9022310BD00BF0C1C00206F
:107B00001A4B37B51D6845B9194C2378C3B11948CC
:107B100014F010F8257003B030BDD5E9024514F01B
:107B20007FF8A04271EB05020B460BD30022104BED
:107B30001A700122104B1A70104B186812F091F84D
:107B40000020E8E7211A65EB030500239D4218BFDA
:107B50004FF0FF31CDE90033094A064814F004FD27
:107B60000028D8D10122024B1A70D4E70C1C002047
:107B700041210020EC1B00203F210020E81B0020B9
:107B8000857B01080022044B1A700122034B1A70F6
:107B9000034B186812F065B8412100203F210020F6
:107BA000E81B00200022F8B5114B124D1A7014F09A
:107BB00037F80123104EC5E90001104F33703C68BF
:107BC00034B1D4E90212D5E900038842934108D2C6
:107BD00000233370FFF794FF48B1BDE8F84012F07E
:107BE00066B82046FFF77AFF63689847E7E7F8BD75
:107BF0003F210020180B0020402100200C1C0020F9
:107C0000074BDA69D20407D51B6A40F2044013F02F
:107C1000010F18BF0020704740F20440704700BFBA
:107C20000080E00F10B503783E2B0AD1837843F42F
:107C300078530D4A0D4910780022904208D8002050
:107C40000DE0FF2B0ABF83781B0243F47F43F0E76C
:107C500031F8024BA34203D1054B53F8220010BD6B
:107C6000EDD30132E9E700BF26C8020858C8020870
:107C700028C8020830B5002485B002A8F1F70CFD31
:107C800001A8BDF80850019407F0D0FC00B10194A0
:107C90000E48019C0AF0DAF9B0B100234371C371B8
:107CA000037243728372C3726FF057038374492364
:107CB0000B22C37411230271037501226FF00103BB
:107CC0008271C4600582437505B030BD24E90208A5
:107CD0001046044A1368591E033102D8002111606E
:107CE000184770478C240020034B1868034B00286A
:107CF00008BF1846704700BF101C002050E902085A
:107D0000014812F02BB900BF181C002013B50B4C12
:107D10000229226005D10A4812F020F9002002B0A1
:107D200010BD0A4600930146064B054812F0F7F8CD
:107D3000003818BF01204000F1E700BF8C2400206C
:107D4000181C0020D17C0108014812F018B900BFAE
:107D5000181C00200021014812F033B9181C002023
:107D600008B5064B1B68013305D0FFF7EDFF80F027
:107D70000100C0B208BD0020FCE700BF8C24002039
:107D80002DE9F843DFF860900646D9F800800846F0
:107D90001746B8F1000F03D00E242046BDE8F88343
:107DA00006B3336801331DD1E1B100F075F8054623
:107DB0000028F1D0C9F8000000F0DAF8284611F0E8
:107DC000C3FF044640B14046C9F8008000F0D0F837
:107DD000284611F0B1FFE0E73560002FDDD02846DE
:107DE000B847DAE72124D8E7141C0020024B1868B2
:107DF000003818BF01207047141C002038B50C460D
:107E000001F0D8FAA3780B4A13705A1E5542554117
:107E1000A8420CD0012B04D02846BDE8384001F020
:107E2000ABBA204601F07AFA0028F5D038BD002020
:107E3000FCE700BF42210020002108B5024B0846A4
:107E40005B689847002008BDA824002010B5FFF704
:107E50004BFF0D4B0C461A1A534253418B4201D132
:107E6000002010BD094B1B683BB9094A064B002C8A
:107E700008BF1346074A1360F2E712F087F900289B
:107E8000F3D00220EDE700BF28E90208141C00200F
:107E900050E90208101C0020F8B5044614F083F8DD
:107EA000002607460E4B1B6893B19E68AEB196F84C
:107EB0002420D20711D435460FCC0FC50FCC0FC5E7
:107EC00023682B6096F8243043F0010386F82430B1
:107ED000384614F063F83046F8BD1B68E4E700BF8D
:107EE0009C240020431E033306D8044B984228BF2D
:107EF0001846642838BF6420704700BF40420F0016
:107F000038B5184B05461B680C4603B1984744B179
:107F1000236833B11B68013303D0E3680BB1A36856
:107F200043B912F025FB00209122412100F014FA00
:107F3000212038BD204602F057FE00230A4A85F86A
:107F40004831C5E93A4313605360636943B1074A56
:107F500042211068B322C31A5842584100F0FCF97C
:107F60000020E6E7681E002090240020A81E0020C4
:107F700010B5044618B9054B054A136010BD00F052
:107F800041FCD4F8F430002BF6D1F4E7119E02083E
:107F9000A024002008B502460868FFF7A3FF086088
:107FA0004868FFF79FFF48608868FFF79BFF88607D
:107FB000C868FFF797FF0B69C860581C03D00B48CF
:107FC000834228BF03460B614B69581C03D0074806
:107FD000834228BF034688694B61FFF783FFBDE8F2
:107FE00008408861104601F01BB900BF40420F00F5
:107FF000D0F8EC302DE9F04105460C4613B1038E64
:108000008B424ED0D5F8E830002B4DD09E68002E24
:108010004AD0D868002847D0013800B200281DDBBC
:10802000002107E0128A0CF10101A24219D209B223
:10803000884213DB0B1803EBD3735B1003EBC30213
:1080400006EB8202B2F80EE01FFA83FCA6450CF1A3
:10805000FF3EE7D90FFA8EF08842EBDA2120BDE827
:10806000F0814FF6FF729445F8D09BB203EBC30347
:1080700006EB83062846B6F9122095F83C11D5F890
:10808000FC8009F000FD0746B8F1000F04D0002382
:10809000324628461946C0472C86C5F8EC6085F85C
:1080A00045710020BDE8F0810E20BDE8F08100BFE1
:1080B0002DE9F04782B004460E46904601F080F963
:1080C000002877D15D4D2F68D4F8E8A0D4F8EC9063
:1080D0001FB1574500F090800027AE6001F096FE7A
:1080E0000128064604D001210022084611F05BFE5B
:1080F000204612F0D7F9002860D12B68DAF800107A
:10810000D9F800201BB11868884200F08180204611
:1081100012F0BCF9B7B1B8F1000F13D1204601F04D
:1081200033FC0546D4F89830002B3CD1012E05D005
:1081300025B1434B002103205B689847284602B0D5
:10814000BDE8F0873F4BC5F800A01A78C5F8049049
:108150008DF80780002A40D1D4F8FC50002D5FD064
:10816000114620460DF10703A847204601F00CFCFC
:10817000054617B1B8F1000FD4D0B5FA85F040F23A
:1081800005423321400900F0E7F84146204601F05E
:1081900061FD2D4B49461B68054620469847D4F89B
:1081A0009830002BC2D000224FF40073204600F01C
:1081B00039FBBBE70023214D6B6084E794F8253041
:1081C0009A079AD5D4F8A0305B0596D51F4B0122AB
:1081D000002120461B6898478FE7D4F8EC30B4F9AB
:1081E000481023B1B3F912309942A8BF194642464C
:1081F000204601F015FBB8E76F68002F3FF46DAF24
:108200004F457FF469AFAB68B34215D0012764E7EF
:10821000696819B1096891423FF47CAF596876E703
:1082200094F82A1094F845314246994228BF1946DD
:10823000204601F0C3FA98E700257FE7902400204C
:10824000A8240020A4E20208A02400206C1E002024
:10825000F8B505460E4613F0A6FE314607462846F9
:10826000FFF7C6FE044620B1384613F097FE2046BD
:10827000F8BD01F0ABFD224631462846FFF718FF56
:1082800004460028F0D1284612F00CF90028EBD063
:1082900095F8253013F002030DD0D5F8A0305B051A
:1082A0000DD5B5F83631B3420BD0B5F838319B1B3C
:1082B000B3FA83F35B09044A82F8F430D4E7234627
:1082C000F9E70123F7E700BF003E00B070B50446B0
:1082D00000200D4612F050F9094B1B784BB9D4F829
:1082E000FC6036B129462046B446BDE870401A46C7
:1082F000604729462046BDE8704012F0B6B800BF7E
:10830000A4E2020830B4064DBDF908402D781DB135
:10831000029430BC12F0ACB80E2030BC704700BFE5
:108320004A210020024B1860024B1960FEE700BF93
:10833000301E0020A424002038B5044D044C054B09
:10834000286021601A60FFF7EDFF38BD301E002065
:10835000A4240020341E002010B550B90548064B57
:108360000160064802601868054B18601868FFF73E
:10837000E3FF10BDA4240020141C0020341E0020A4
:10838000301E0020054B1B680BB91846704783420E
:1083900001D01B69F8E70120704700BF3C1E002098
:1083A00018B10A4B1A680AB9104670471A68824217
:1083B00007D1026901201A60054A1368013B136066
:1083C000704702F110031269EDE700BF3C1E002068
:1083D000381E00202DE9F74F064613F0EDFDDFF8BB
:1083E0002081012398F800B0DFF818910190BBF1CB
:1083F000000F06D089F8003003B0BDE8F04F13F04D
:10840000D6BD3D4F88F8003089F800B011F013FE5A
:1084100008B111F00EFE3D6838495DB9DFF8E8A0FB
:10842000DAF800200024AA423B682ED84FF0FF3132
:10843000324838E06B7D8BB12B68B34202D09A1B77
:108440008A420BD96A6813442B60AB68003A18BFA4
:108450000122003B18BF01236A75AB752D69DCE76B
:10846000907D20B1107D88429CBF01461446126960
:10847000002AF5D1002CD9D094E80B00A275411A3E
:10848000E268204698470135CAE71A46FF21EFE720
:108490005A7D3AB11A68B24228D0921B824225D83E
:1084A000914226D21B69002BF2D15CB12046FFF726
:1084B00077FF38B13B683C602361DAF80030013364
:1084C000CAF800303B685C7D1CB1186800F0DEF82B
:1084D000044611F0ACFD0646002C95D199F8003009
:1084E000002B91D1019888F8004085E71C460021B7
:1084F000D8E711461C46D5E73C1E0020FCFFFFBF15
:108500004421002043210020381E002038B50546B4
:1085100010B31822002109F0BDFB13F04DFD0246F7
:108520002846FFF72FFF20B1104613F040FD022030
:1085300038BD0A4B1C6854B909491D600B681046C8
:1085400001332C610B6013F032FD2046F0E719680F
:108550000C6901F11003EEE72120E9E73C1E002041
:10856000381E002038B50446FFF70CFF13F024FD39
:1085700005462046FFF706FF637D23B9284613F022
:1085800016FD0E2038BD00236375064B1B68A34201
:1085900003D111F04CFDFFF71DFF284613F007FD36
:1085A0000020EFE73C1E00202DE9F84FDDF8289071
:1085B000984604460D469246FFF7E4FEDDF830B0DB
:1085C00013F0FAFC074611F032FD06462046FFF78D
:1085D000D9FE637D23B12046FFF7C4FF0023A375B6
:1085E000BAF1010F21D175B9B8F1000F1FD1B9F15E
:1085F000000F03D05A4631462046C847384613F08C
:10860000D6FC002017E035440C4BAA1B9A420ED82A
:10861000012363759DF82C30304684E820032375D0
:10862000C4F80CB0FFF7D6FEE8E7AE42ECD138460E
:1086300013F0BDFC2120BDE8F88F00BFFCFFFFBF99
:108640002DE9F04107468846FFF79CFE13F0B4FC85
:108650003D68064611F0EBFC7B7D7BB185420DD079
:10866000094B2C1A9C4209D8304613F0A0FCB8F1F3
:10867000010F08BF25462846BDE8F081304613F0BB
:1086800096FC0025F7E700BFFCFFFFBF0023024A6E
:10869000194600F09FB900BFF99F0208024B002263
:1086A000196801F0A1BC00BFA0E20208024B012240
:1086B000196801F099BC00BF741E002090F82730A3
:1086C000FF2B0FD0012904D90239012906D9212015
:1086D00070470222044B196801F086BC034B032249
:1086E0001968F9E70220704794E2020890E2020854
:1086F000024B0422196801F077BC00BF8CE202082B
:1087000038B5094B5A68094B9A420AD113F04BFC11
:10871000054606F0ADFA0446284613F03FFC204615
:1087200038BD0024FBE700BFA8240020BFA002083A
:10873000024BD868C0F30360704700BF000002B866
:1087400038B54FF0FF35054C206800F0A1FE2560DC
:10875000034C206800F0AAFE256038BDB424002038
:10876000B024002010B5054C237823B103F0C2FEDD
:108770000020207010BD0E20FCE700BF4621002025
:1087800008B503F085FE0122014B00201A7008BDD8
:1087900046210020F8B504460F46164613F003FCA8
:1087A0000546A047044620B1284613F0F7FB2046B3
:1087B000F8BD05F045FF04220549D1F8083F23EA3A
:1087C00007033343C1F8083F024B5A64ECE700BF8C
:1087D000003000B0002002B800F01803182B0BD0B6
:1087E00003070BD410F0100F40F2011308BF002351
:1087F000034AC2F8943070470023F9E70123F7E7F2
:10880000003F00B038B10368044A002B08BF13468C
:10881000034A13607047014BFAE700BFC7A0020884
:10882000B824002010B4D0E9564122400B4052EA4F
:10883000030104D003495DF8044B096808475DF85B
:10884000044B7047B82400200F2938B505460C4664
:1088500010D801F0DBFA01280ED1084A2846D2F8D8
:10886000803023F00F032343C2F8803011F01DFE47
:10887000002038BD2120FCE70220FAE7003F00B0CD
:1088800008B50E4B5A6C12F0A00F13D19B6C5B070E
:1088900012D40B4BD3F8083F23F07F4323F0FF03A0
:1088A00053B1FFF745FF6FF4905343FA00F000F027
:1088B000010008BD0020FCE70120FAE7000002B833
:1088C000003000B0074A084B30B10221C2F86412F0
:1088D0000422C3F8642270470421C2F86412022201
:1088E000F7E700BF006001B8005001B870B50D4651
:1088F000064620B91A4B1B68EBB10E201AE001F0B6
:1089000085FA012827D1174BD6F8F00093F90040DB
:1089100011F077FD0022C4F11C04241A641BC4F179
:108920002B03002BB8BF5B42232B16DC3AB10D4B57
:108930001D70002070BD0122C1F11C04EFE786F814
:10894000285013F030FB054660B200F06FFE284659
:1089500013F024FBEDE70220ECE72120EAE700BF5B
:10896000141C00204521002008B511F0ADFB802229
:10897000024BC3F89000024B1A6108BD003F00B0E3
:10898000000002B8014B1868704700BF541E002059
:1089900037B513F008FB01230022002400930023C5
:1089A000054619461046019405F04CFC052002F0DE
:1089B000B1FD064B21461C60054B02205B689847C1
:1089C000284613F0EBFA204603B030BD5C1E0020B1
:1089D000A82400202DE9FF4102290C46154698469F
:1089E000039005D1FFF7D4FF002004B0BDE8F0816B
:1089F00013F0D9FA1E4E0746336853B1AB4208D084
:108A00000024384613F0CAFA002CEDD1212034603E
:108A1000EBE7184B0022C3F80080356000230125E6
:108A20004FF00008104619460195009505F00AFC24
:108A3000114B052083F8008002F06CFD224643466E
:108A4000052003A902F084FD0C4B039A04461A602A
:108A50000028D5D0DFF82880D8F8003098472128A2
:108A6000CFD12946D8F8043002209847C9E700BF83
:108A70005C1E0020581E002048210020541E0020AB
:108A8000A8240020034B5B6E9B045ABF024B18784E
:108A90000120704700C001B84821002090F827301D
:108AA000023B022B05D84B7C2BB1012B05D0022BAE
:108AB00005D011F084BB0348704703487047034852
:108AC000704700BF20A1070048E8010040420F00A6
:108AD0000A78022A11D0101F4242424152004B78BC
:108AE0001201022B0BD0191F4B424B415B00054971
:108AF000054842EA8312FFF74DBE0122EFE701234A
:108B0000F5E700BFF0FFFF00559E01080B78022B30
:108B100010D0181F434243415B004A78022A0BD011
:108B2000111F4A424A4152000F21044843EA82027F
:108B3000FFF730BE0123F0E70122F5E7819E01082F
:108B4000D0F8B03010B5994204460ED0C0F8B0103D
:108B500002F060F90649A4F840010123054AD1F862
:108B6000FC1004F5827004F095FA002010BD00BFDF
:108B7000004F00B0A43F00B02DE9F74F04468B46EC
:108B800015461E46FFF77CFE28B3A38A1BB320467A
:108B900011F0A7F978B91EB10E2003B0BDE8F08F2F
:108BA000714BD3F8083F03F03002102AF4D003F0E1
:108BB000C003402BF0D06D4F04F05EF97B69DB07FA
:108BC000EAD513F0F0F90646032002F0AFFD20B11C
:108BD000304613F0E3F90220DFE77A6912F0060A63
:108BE000F6D1304613F0DAF95F4B4FF400612046BE
:108BF000D3F8089FD3F8E08E05F080FE48B14FF41B
:108C0000007601215A4F524608467E6411F0CBF897
:108C10007E6494F825309F0707D5D4F8A0305E0510
:108C200042BF4FF40022534B5A6459462046FFF787
:108C30000FFB4D4BC3F8089FC3F8E08E0028ACD162
:108C400094F82430980601D4002D4ED0C5F340008E
:108C500004F002FD022315F4807F1FBF454A002166
:108C600053644FF03A420BBF414A916153645363DE
:108C700005F0E6FC4FF4806315F0040F14BF3E4A84
:108C80003E4A3B4E1365042328467364FFF7A4FD58
:108C9000204611F0BCFA38B14FF4807315F0010F83
:108CA00016BF344A73645364A90647D54FF6FF7262
:108CB000B4F8423093420FD0314A3249526F100C0F
:108CC000C2F301120132B3FBF2F308802A4A2B49A6
:108CD0002D481B0448675367003D18BF012594F8D1
:108CE000243065F3451384F82430204611F0DAFB74
:108CF000F0B1204611F08BFAD0B14FF4003120468C
:108D000005F0FCFD431C03229BB201A91F4811F092
:108D100026FC9DF804209DF8053002F00701052986
:108D200015D112070DD443F48073194AC2F8E83004
:108D3000002003B0BDE8F04F11F01EBC01F026F892
:108D4000CAE713F0040F09D19DF80630EBE703F0F2
:108D50003002202A05D113F0010FF4E74FF480739D
:108D6000E3E79DF80630E0E7003000B000C001B84E
:108D7000002002B8001002B8005001B8006001B82D
:108D8000004001B88E2500200000FFFF0C0000BA53
:108D9000003E00B02DE9F0470B460646154611B9D6
:108DA0002120BDE8F087002AFAD0032905D8002247
:108DB00001F068FE03460028F2D01C889A78B4F5CA
:108DC000804F02F0070180F0A580A1F1070C18790F
:108DD000DF88DCF1000343EB0C0305292B7394BF00
:108DE0000023C2F30013C2F3801C6B73930985F850
:108DF00010C003F00203C2F3C00C43EA0C03C2F339
:108E00004012AA746B74E874D6F8A030AF82DA0608
:108E10006BD40639012968D80020B6F81280F769AA
:108E200008F1FF383C4B0A3C04EA08045B6D3B5DEB
:108E3000A860802B1CBF323BDBB2AB7396F82730A7
:108E40000134FF2B04EA08042ED1631D03EA080352
:108E500017F80390013303EA0803304617F803A01C
:108E600011F097F980B142F2107349EA0A2929F00A
:108E700001094FEA09494FEA194903FB09F964233B
:108E8000B0FBF3F0B9FBF0F0A860385DD6F8F8302D
:108E9000400100F47E60FF2896BFC0430020C0B2AE
:108EA00013B195F90E109847631CE87303EA0803A1
:108EB000F95C013303EA0803FA5C013303EA0803AF
:108EC00041EA0221FA5C013303EA0803F85C41EA53
:108ED0000241002341EA00616A7C304604F03AF91D
:108EE000062328600020AB715BE70023EB730B4B7C
:108EF000DB691A0A1B0406D4D3B2323BDBB2AB7374
:108F000000232B60EEE762F0FF0352B28032F4D10F
:108F10008023F4E7022044E7004000B800C000B816
:108F200070B504460D46FFF7B9FD94F82740064694
:108F3000042C02D16B7C012B0CD9023C012C8CBF80
:108F4000002401243146204604F02EF9431C03D1AD
:108F5000022070BD0124F5E7AA882B68AAB9AA6887
:108F60009B1A03222B60AA71002EF1D0B0F5803F2E
:108F7000EED84FF22441720901FB00223609B2FB00
:108F8000F6F29B1A00202B60E3E700EBC200054AD3
:108F900004EB4404D2F8C420204402F01F02A3EBE7
:108FA000C203DEE7003E00B0F8B507460D461446A2
:108FB0008BB111F069FA29463846BE8A01F050F9A2
:108FC000B44228BF3446A4B222462946044801F0E0
:108FD00021FB2046F8BD11F043F90646F0E700BF3B
:108FE0000C0000BA082310B1024A53647047024AC9
:108FF000FBE700BF001002B8002002B8054A126863
:109000001AB190F82A1119B91047084603F004B8AC
:1090100001487047441E002000FEFFFF314B2DE940
:10902000F7431C6801F4007900F00103174653EA86
:10903000090206460D462FD04FF000080BB300235F
:10904000002201200021CDF80480CDF8008005F039
:10905000F9F841462046FFF7D1FF012241466086DC
:10906000104610F0A0FED4F8A01094F8270003F0EA
:109070003DF8FFF765FB94F8243043F0040384F8CF
:109080002430B9F1000F07D00121204611F02BFB4D
:1090900025F4007506430D432B4632462046FFF764
:1090A000C1FBFB070FD51049104A0868002113685F
:1090B000116001210E4A117003B198470D4B002138
:1090C00002205B68984717F00E0F08D04FF4EC723F
:1090D0003B21002003B0BDE8F043FFF73DB903B0EA
:1090E000BDE8F083141C0020581E00205C1E0020E8
:1090F00048210020A824002008B558220021064855
:1091000008F0C8FD1022FF21044808F0C3FD05F057
:10911000FFFB002008BD00BF0C3F00B0503F00B077
:1091200073B5314A3149137809784FF0FF350B4355
:1091300086211370A0F820116F228221C0F80C2123
:10914000C0E944126422C0E9462240F2FF420D23E6
:1091500082854FF40042002680F83C314FF6FF73C1
:109160000446A0F84820224A0386026400F1540213
:109170000265204AC3844263C0F8B05045858563C8
:1091800080F8286004F0D8F82046FFF7B5FF0122E8
:10919000194B2046C3F8382294F92810FFF7A6FB94
:1091A0006023164A41F6FF71D3644FF03A421163CF
:1091B0001167134A2946D3644022124B20465A6451
:1091C000D4F8A02010F0D6FF0E23002201930093C4
:1091D00040F202231046194605F034F801F0B6FDBE
:1091E000304602B070BD00BF4A210020A4E2020850
:1091F0000700FFFFFFFF4000005001B8004000B82B
:10920000005000B8002002B8044BD3F8083F13F018
:10921000806F14BF23200020704700BF003000B0D3
:1092200002462DE9F843B0F8404100F58275FFF79A
:10923000EBFF0F68D1F804807E1C08BFD2F80C71D8
:109240008E6808BF0F60B8F1FF3F04BFD2F81881E5
:10925000C1F80480731C48D1D2F81431D1F80CC085
:109260008B60BCF1FF3F47D1D2F81061D1F810E01C
:10927000D1F814C0BEF1FF3F08BFD2F804E1D1F825
:10928000189008BFC1F810E0BCF1FF3F08BFD2F84A
:1092900008C1CE6008BFC1F814C0B9F1FF3F08BFD4
:1092A000D2F81C91B9F1000F2DD1C0F164048C618A
:1092B00017B16F2F38BF6F2716492846C2F80C71B7
:1092C000C2F81061C2F81431C2F81881C2F81C410A
:1092D000C2F804E1C2F808C107230F4AD1F8FC1014
:1092E00003F0D8FE0020BDE8F88304F16F031B1AD9
:1092F000B34238BF3346B1E704F18606361A6645F5
:1093000038BF6646B2E76F34241A4C4538BF4C4626
:10931000CDE700BF004F00B0A43F00B038B5054C0A
:10932000054B417800782568236003F007F800B109
:10933000256038BD601E002098E9020838B512F09B
:1093400032FE054600F062FD012805D0284612F0E5
:1093500025FE0224204638BDFFF7EAF90028F1D1A6
:10936000044BDC6814F08054ECD1284612F016FE51
:10937000F0E700BF000002B80A4B10B51B680446B6
:1093800073B1094B48B10121084A1A60022003F069
:1093900089FD0020064B1C7010BD01461860F5E7E2
:1093A0000220F9E7601E0020641E002090E90208F8
:1093B00049210020014B1878704700BF4921002047
:1093C0004FF40022034B586C03F500535A64C0F36A
:1093D000C0407047000002B8024B586900F001001D
:1093E000704700BF00C001B808B50B4B5A69D207DF
:1093F00004D518B9BDE8084002F068B85B69DB071E
:1094000008D438B102F054F80323044A1364A2F5D7
:109410008052536408BD00BF00C001B800A00950CD
:1094200090F92430002B0CDA4FF08053064A29B112
:109430009360A2F58052D36000207047D3609360A0
:10944000FAE70E20704700BF006001B84FF080635C
:1094500010B1024A53617047014AFBE7001002B89D
:10946000002002B8202350B1064AC2F8F433064B5C
:10947000196C11F0010104D1032003F013BD034A5C
:10948000F3E77047001002B800C002B8002002B82D
:10949000431C07D06FF0FF02034B10405A62A3F544
:1094A00080535862704700BF00E000B8431C06D0EC
:1094B0006FF07E42024BDA63A3F58053D8637047A6
:1094C00000E000B8024BD3F8800000F00F007047B6
:1094D000003F00B0014BD3F884007047003F00B05C
:1094E000024B0020C3F88410704700BF003F00B05B
:1094F00003282DE9F74F0C4691467DD83F4B1E5C63
:109500003F4B13F800A03F4B13F800B012F04BFD97
:10951000804605F061F8074640B100230022019320
:10952000009301200023002104F08CFE05F05CF87C
:1095300048B10023002201930093002000234FF440
:10954000004104F07FFE002E4ED02F4BDD6C05F065
:10955000080506EB0A002D4B23305844DD64C0B2E9
:1095600001F00AFF5146304605F082F85A4651464E
:10957000304605F0E9F8264BDD649FB14FF0FF352A
:10958000244B1B68D3F8A01093F8270002F0AEFD1F
:1095900021490868FFF77CFF0D6020490868FFF744
:1095A00085FF0D60B9F1000F04D01D4B0021032091
:1095B0005B689847D4B14FF400521A4B1D6F03F506
:1095C0000053C5F340351A67404612F0E7FC00F03F
:1095D0001DFC01280CD11DB14FF40052124B1A672B
:1095E000002003B0BDE8F08F3546B2E72546EBE733
:1095F000002CECD10520F4E72120F2E7B0E90208C5
:10960000ACE90208A8E90208004000B8006000B810
:10961000005000B8141C0020B4240020B024002006
:10962000A824002000C001B800D001B8034A136A82
:1096300060F3D22313620020704700BF00C000B85F
:10964000094A136D13F400130BD1D2F84001C0077F
:1096500007D4D2F8800000F47060003818BF0120F1
:10966000704741EA53507047004001B8F8B51446BE
:109670000D4601F00B0323EA0201484A2340D1645E
:10968000A2F58052D3646B07064610D50121FFF77F
:10969000D7FF60B104F0D4FF4FF4007314F0040F4F
:1096A00014BF3F4A3F4A136504223F4B5A64EF06FA
:1096B00006D514F0100F14BF00221B223B4B5A6535
:1096C000280618D5210611D54FF40012344BDA6460
:1096D00012F069FC0E210746032002F089FC40F2DB
:1096E0000122324B3846DA6212F058FC214696F8D5
:1096F000270002F0FBFCEA0503D5E30537D502F0AD
:10970000CFFCAF0503D5A00534D502F0D5FC15F488
:109710008C6F18D014F4806231D096F825309907F8
:109720000CD5328EB6F83631934226D0B6F83831A1
:109730009A1A534253411E4A82F8F4303046D6F802
:10974000F010FFF711F928050FD504F079FF194A39
:109750002105D2F8083F4CBF43F0006323F00063BB
:10976000C2F8083F0422104B5A640020F8BD02F0F2
:1097700091FCC6E702F09AFCC9E70123DBE76B0521
:10978000DCD596F825309F07D8D5094B114683F8CC
:10979000F420094B30461B689847CFE7006000B8BB
:1097A000005001B8006001B8002002B8004000B8C5
:1097B000003E00B0003000B06C1E002070B50546C1
:1097C00090F83C010C460D2822D0FF2901D1212020
:1097D00070BD1AB14FF0FF320F4B1A6010F0CFFE80
:1097E000064695F83C0101F007FB844228BF044679
:1097F000E4B2B44238BF3446E0B285F82B0001F041
:109800001FFC064A0346107820B9FF2BE0D1DEE7A3
:109810000220DDE70020DBE7E4240020A4E20208C8
:109820007FB5204B04461B780E46154643B3D0F84F
:10983000EC3000229BB34FF0FF36029602AEB3F934
:10984000123000960392F2F78DFCB8B902994B1CC6
:1098500014D02046C1F3813110F0E3FD70B9BDF999
:109860000C30029902460093C1F30D0103462046D5
:10987000FEF748FD2946204610F089FE04B070BD71
:1098800002A910F018FB32469DF80810204608F097
:10989000FAF82A4601462046FFF790FFEEE7184601
:1098A000ECE700BFA4E20208F8B50D4690F83C11C1
:1098B00004460D29174603D12E4B1B78002B51D09F
:1098C0002A462046A4F8485008F0DDF8D4F8EC30D9
:1098D00084F82A00002B41D0274A1678D4F8FC20BF
:1098E0004EB1002A40D1B4F94800B3F912108842B1
:1098F00006DC002607E0BABB94F84521824202D27A
:109900000126B3F9125000222946204684F82D7012
:10991000FFF786FF08BB76B1C4F8EC00204610F0D4
:109920009DFA4FF6FF739842014615D02046BDE8D8
:10993000F840FEF78DBC114B1B7813F0FD0F0BD1D7
:10994000204601F067FA0E4901230E4AD1F8FC10B7
:1099500004F5827003F09EFB0020F8BDFF2384F81D
:109960002B30F9E70220F8E7B4F94410B3F91220DC
:109970009142BDE7A4E202084A2100209025002080
:10998000004F00B0A43F00B0F0B504468FB000F027
:10999000CFFCD4F8A8300546012B00D010B12846E2
:1099A0000FB0F0BD6C49204610F035FED4F8EC60E5
:1099B0000146258EC4F8F0003EB133682BB15B68D8
:1099C0001BB11A68032A00F2A28012F0ECFAD4F854
:1099D000F030002B63D01A68032A60D99F6A7F0E8B
:1099E00012F0DCFAD4F8F010B3898DF80E70B0687C
:1099F0007268EB1A9BB200FB03225848ADF80C309A
:109A000003680292994202D02046FEF7ADFF544D02
:109A1000544E00F0FBF90128FBD12B6CDB07F8D486
:109A2000736CDF01F5D4D4F8F01020460D919DF849
:109A30000E20029908AB03F047F8002841D100F04E
:109A4000E5F90128FBD1474A4549536CD801FCD4BC
:109A50000B6CDB07F9D408A901A803F0B5F905469A
:109A600078BB228E404B5A6494F8243060F3410353
:109A700084F8243000F060FD0246D4F8EC104B6905
:109A80001E685868531EDBB2FD2B049605901CD847
:109A9000012A36D0204604A900F0DAFC7FE7324BD9
:109AA000DB6BC3F3C20213F0380F03F0070718BFD4
:109AB000574313F4E07FC3F3821291D002FB07F700
:109AC0008EE7022528460FB0F0BDF71C15D9FF2AF6
:109AD00037D001367FF463AFD4F8EC10234B4A68DB
:109AE0009A4217D8D4F85C319B051AD494F82430E4
:109AF00043F0020384F8243051E7FF2A17D00022F4
:109B0000C8E7C61CC6D901307FF449AFE6E79F6AB3
:109B10007F0E69E7204600F0C1FC00283FF43FAF0C
:109B2000E0E720464FF4803110F0DDFD37E7C71C39
:109B3000B0D90130E3D12A46204604A900F088FCC0
:109B4000CAE7C31C05D80122204604A900F080FC06
:109B5000BFE70130BDD1C1E7FC4F00B0481E002077
:109B600000C002B8000002B8008001B800CA9A3BE9
:109B7000F8B590F84861044666B312F014FA1F2352
:109B8000154F013E3B651E40144B05461E65D4F83B
:109B90004C21A3F580539A67D4F85021DA67D3F8A3
:109BA0004031DB0711D5204610F04DFB4FF0FF335D
:109BB00018B1C0F120029340DB43C7F84431D4F818
:109BC000AC201340054AC2F844312846BDE8F840AD
:109BD00012F0E4B9F8BD00BF006001B8005001B850
:109BE00010B504234FF03A4101240A4AD1F8180174
:109BF000C2F81831C2F814314C634FF400511163AC
:109C0000410742BFC2F81431A2F58052C2F81831A0
:109C100010BD00BF002000BA70B54FF03A434FF4BA
:109C200080640A4DD3F818610020C5F81841C5F8C2
:109C3000144104F061FD4FF400532B67730542BFDC
:109C4000034BC5F81441C3F8184170BD002000BA99
:109C5000001000BA2DE9F04104460D46D0F8F0603E
:109C600019B990F82430590650D44FF6FF73A18EDD
:109C7000994204D03A4B1B680BB120469847394FA4
:109C80003B68B34260D0384B1B6833B1002E65D0BF
:109C9000316800295BD1204698474FF007082046DD
:109CA00001F0B8F8002D44D0304B93F90030C3F1E7
:109CB0001C0316B196F926209B1A06202C4994F90C
:109CC00028500A6A5B1B63F3D2220A62294BD4F83C
:109CD000F0203A60986701F05FFA00220120264BDD
:109CE0002649087083F89C20204610F0DEFB244BA8
:109CF0005B6C5A0203D4D4F8A0301B0603D54FF492
:109D00000012204BDA640020BDE8F0814FF6FF72AC
:109D1000144F65F3861380F824303B688286B34283
:109D200017D0114B1B68002BB0D101F073F84FF026
:109D30000708154A4346D2F8FC1004F58270A2F6D3
:109D40005C7203F0A7F9AFE74FF00108A7E7B1682D
:109D5000A1E701F05FF84FF00108EAE731469AE722
:109D6000501E0020481E00204C1E002045210020CF
:109D700000C000B8006000B8003F00B047210020DC
:109D8000000002B8005001B8004F00B038B512F022
:109D90000AF94FF6FF710A4A13888B4203D112F079
:109DA000FDF80E2038BD074C074D1B046567A4F570
:109DB00080546367118012F0F1F80020F2E700BFD1
:109DC0008E250020006001B80000FFFF08B50C4B95
:109DD000D3F84C21531C11D012F080420ED1094B04
:109DE0001B681BB111460320FFF782FB4FF0806216
:109DF000054B1A6501225A6102229A6208BD00BF12
:109E00000080E00F141C0020001002B80F4BDB682C
:109E1000C3F30363013B0B2B0FD8DFE803F0060607
:109E20000C06060606080A080808022070470420E7
:109E300070470520704703207047054B5B6913F09E
:109E4000060F14BF04200120704700BF000002B8B5
:109E500000C001B8094AD368C3F303630B2B08D0D1
:109E60006FF49050184100F0010080F001004000B4
:109E70007047506C10F48030EDD17047000002B88C
:109E80000C490D4ACB68C3F30363062B07D8042B98
:109E9000D8B20BD8C31E5842584140007047072B18
:109EA00006D1D1F868011040ECD17047022070470C
:109EB00000207047000002B85FFFF9FF084BDA6826
:109EC000C2F30362931E012B8CBF00230123037096
:109ED00040F62203D34003F001030B70704700BF2C
:109EE000000002B811F0010311D09AB9552391FA7C
:109EF000A1F193FAA3F34A081B0F490042EAC37287
:109F000001F00203C0F8AC2080F82930704722B974
:109F1000AA23ECE70023024AF4E7014AF2E700BF74
:109F2000B756351213B501910F21164B5967019998
:109F300011F0010F144922D00ABB01244C674FF0E5
:109F4000FF31C3F84411D0F8AC400F49C1F8444187
:109F50004FF07044C3F8484190F829301B07C1F80E
:109F6000483152B10422006D0DEB020107F09DFE55
:109F70004FF03A430222C3F8F42002B010BD02248D
:109F8000DCE700BF006001B8005001B813B590F8DD
:109F900027100446FFF7A4FA012001F0F9F94FF465
:109FA000F0620F4B0020DA644FF40072A3F5805387
:109FB000DA6494F8273001909A1E012A0AD8042105
:109FC000084B0DEB01009B6F0193012200F0E8FBB1
:109FD00002B010BD073B012BFAD80121F5E700BF05
:109FE000006000B8004001B870B505460E46144642
:109FF000FFF768FA03281DD1F6B1A31E022B94BF08
:10A000004FF4BC732823314685F82740C5F8083142
:10A0100028460FF0FEFE073C2846FFF7B7FF012C4D
:10A0200001D9002070BD054B054A5B6F6FF30F032C
:10A030001360F6E70220F5E72120F3E7004001B8BE
:10A04000801E002038B5184B05461C6844B1E368F3
:10A0500033B1206801F014FFA368186801F010FF05
:10A06000124B134A1B6813602BB1DA681AB19B6854
:10A07000186801F005FF0F4B1B682BB1DA681AB1A5
:10A080009B68186801F0FCFE0B4B1B682BB1DA686B
:10A090001AB19B68186801F0F3FE21462846BDE816
:10A0A00038400022FFF7A0BFA0E202089CE20208AD
:10A0B000741E002094E2020890E20208F8B5D0F87D
:10A0C0004C3104468B420D46164603D190F8483178
:10A0D000202B0ED0324629462046FFF703FF2023CF
:10A0E00084F848310023C4F84C51C4F85031FFF7CC
:10A0F0003FFD4FF00077074B32465F64294620460C
:10A10000FFF710FF8022044B1A6103F500535F64D0
:10A11000F8BD00BF001002B8000002B8072330B538
:10A12000144CE363144BB9B14425144940F040008A
:10A130004D6388630121D9634FF4804112B9C4F89B
:10A14000081101E0C3F808110A4BC3F80C11C3F859
:10A150001011C3F8141130BD4FF480424FF4804108
:10A16000C3F80811C3F80C21C3F81021C3F8142157
:10A17000F1E700BF006000B8005000B8004000B830
:10A18000034BD3F8F80780F00070C0F340607047CD
:10A19000000002B82A4A2B4B12682DE9F3470C46FF
:10A1A0001A6009B10B7933B90022274B1A700020CD
:10A1B00002B0BDE8F087FDF719FE20B1234B93F8FC
:10A1C0008830DB0737D42679062E36D801213A208D
:10A1D0002768EDF7BFFE4FF4FC7200251C4BDFF83B
:10A1E0007890DFF878A0C3F8582507F10108EBB2A2
:10A1F0009E4208D894E803000122134B1A70154BB5
:10A2000083E80300D3E717F8151018F8152041EA82
:10A21000024349F825300823AB40CAF858358DF879
:10A22000041004218DF805200DEB0100002205F03B
:10A2300054FF0135DBE70220BAE72120B8E700BF71
:10A2400098E20208741E00204B210020003E00B05E
:10A2500000E00350781E002068C5035000D0035072
:10A2600010B590F82700FF2814D02E4BD3F8BC204F
:10A2700012F0060F01D001280DD94FF470622A4B5D
:10A28000DA604FF48072A3F58053DA600022254B28
:10A29000C3F8B82010BD12F004043CD00B7813F0C2
:10A2A000200300D08B78920718D50B7803F00F03AA
:10A2B000072B32D14B78022B2FD98B7813F03E0F1E
:10A2C0002BD0CA7812F0040F27D012F0010F14BF60
:10A2D0000A230423920748BF0633CB5CEBB1002C62
:10A2E00014BF02210121012840F6FF7003F01F0274
:10A2F00008BF5200013A40EA02320C4802654FF4AE
:10A300007060094A0902D060A2F58052D160054A06
:10A31000C2F8B830BEE72346C5E70023034A01214F
:10A320001365ECE7003E00B0006000B8004000B8E4
:10A3300010B590F82710012903D8174BD3F8B43083
:10A340000BB1002010BD028E272A22D8134B1448CF
:10A350001B68834219D031241248181A43424341E2
:10A360005B000D48A0F8CE4050246343282404FB32
:10A3700001330D491944895CFA31A0F8D4100B4916
:10A380000B449A5C0A4B1A70DBE76FF0030401235D
:10A39000E7E70E20D6E700BF003E00B0A81E002071
:10A3A00000F04902005A6202A4EA0208B4E9020875
:10A3B0004C210020F8B503780646042B1ED8002750
:10A3C0000F4D2B702B78FCB2A34203D80123002041
:10A3D0006B70F8BD7368013733F81430A73B18B2BF
:10A3E00010F070F805EB84035860736833F91400BB
:10A3F00000F008F805EB84046061E3E72120E8E75A
:10A40000C024002007EE900ADFED0D6AF8EEE77A2F
:10A4100087EEA67ADFED0B6AB1EE477AC7EE267AB1
:10A420009FED097A67EE877A9FED087A67EE877A63
:10A43000B0EE677ABEEEED7A17EE100A704700BFF5
:10A440000000C842180D8F4D0000004500247449DB
:10A4500010B50B68104CC4F87832C4F87C32B8B12F
:10A46000D0F8EC00A0B1406990B1541EE4B2FD2CCC
:10A4700010D95C1C04BF6FF001030B600360FF2A5E
:10A4800006D14B685A1C02D16FF001034B60436048
:10A49000002010BD012AF3E7004001B8184AF0B5CA
:10A4A000D2F84832D0F8E840D2F84C025A1C08BF23
:10A4B0000023411C10D0002B08BF034600214FF0A1
:10A4C000240C104A104FC2F87832C2F87C32E5688A
:10A4D0008D4203D10020F0BD1846EFE7A2680CFBC7
:10A4E00001225668BE4209D952693AB1166801364E
:10A4F000566808BF1360013608BF50600131E7E7B6
:10A500000080E00F004001B800CA9A3BFF2818BF46
:10A51000C3434FF0180108BF1023064A18BFDB00E1
:10A52000C2F8FC1318BF03F00803A2F58052C2F86A
:10A53000FC337047002002B8024BD3F8F807C0F391
:10A54000C0407047000002B84FF03A43D3F81421DE
:10A55000D2031ED54FF480320E49C1F81421A1F563
:10A560008051C1F818215A6DD1B2C2F30722C3F845
:10A57000A410C3F8A4200422C3F8A4200022C3F826
:10A58000A420C3F8A420C3F8A420C3F8A420C3F8CF
:10A59000A4207047002000BAF0220D4B016D9A6490
:10A5A000A022A3F580539A64C38E4FF03A42B3FAC7
:10A5B00083F30120C3F11903DBB2C2F8F400C2F83F
:10A5C000CC304FF40053C2F8D010C2F8F0307047CE
:10A5D000006000B8F8B54FF03A440D4617460646FD
:10A5E00011F0E1FC012304226363084BE76026615C
:10A5F0006561C3F814214FF00042054BC3F8802178
:10A6000011F0CCFC0DB102236363F8BD002000BA49
:10A6100000E100E02DE9F84305460124036803F05A
:10A620000703063304FA03F0AB68EC68461EA34246
:10A6300078D06C6803EA060707EB040CC41B1344CC
:10A640000643A24206EA0306634637D9101A3A18AF
:10A650009CB3631E062B40F2978041EA0C039F07D0
:10A6600040F092804B1CACEB0303022B40F28C8039
:10A670000B4624F003084FEA940901EB0807ACEB02
:10A68000010E186843F80E0004339F42F9D1444587
:10A690000CEB0800A4EB080354D097F800E0012B62
:10A6A0000CF829E04ED00C44214697F801C0022B4B
:10A6B00080F801C01CBFBB7883706B684AB3501E22
:10A6C000062801F1010040D91C1A022C3DD941EAAB
:10A6D0000304A40739D122F00307A1F1040C4FEAC7
:10A6E000920ED8195CF8044F43F8044B8342F9D119
:10A6F000BA42A2EB070001EB07040AD011F82E20A2
:10A7000001281A7005D0627802285A7001D0A27808
:10A710009A7011F048FC0223AE60AB62BDE8F843CA
:10A7200011F03CBC042A1BD90B78043AAB614B787E
:10A730000431AB6111F8023CAB6111F8013CAB6133
:10A74000AB6876E70C442146B7E71144013B00E0D3
:10A75000013010F8012C884203F8012FF8D1D8E716
:10A76000013A032A0ED8DFE802F00B08050211F8BF
:10A77000013BAB6111F8013BAB6111F8013BAB61EF
:10A780000B78AB61BDE8F8830C44ACEB010E01EB38
:10A790000E0311F8010B8C421870F8D121468CE79A
:10A7A00038B50B46154601464FF03A4468B10122D0
:10A7B0001048C4F8F4201A46FFF72CFF25B14FF0DB
:10A7C0003A430422C3F8F42038BD73B1D4F8D8203A
:10A7D0009A4284BF0122C4F8F4204FF03A42C2F8F2
:10A7E000D4300223C2F8F430E8E70123C4F8F4308F
:10A7F000E4E700BFCC0000BA38B5044611F0D3FB43
:10A800004FF03A420121A38F054651674BB3B3FA8B
:10A8100083F3C3F11903DBB2A069C2F8B410C2F824
:10A820008C300723C2F89000C2F8B0304FF4A02358
:10A8300002F50052C2F81431A2F58052C2F8183164
:10A8400000220D4B1A600D4B5B6C5B0209D54FF477
:10A8500080020B4B5A64D4F8A01094F8270001F042
:10A8600045FC0023E38707232846A4F84030BDE8D1
:10A87000384011F093BB00BF841E0020000002B8D6
:10A88000002002B82DE9F84305460C46C1B1D0F8C6
:10A890001880878F11F087FBB5F83EC0791EDFF86E
:10A8A0000C9101EA0C0323F00702032C0646D9F8A9
:10A8B00000E042445FD1BEF1000F04D111F06EFB05
:10A8C0000E20BDE8F8832EF001042EF0010EA645FF
:10A8D00056D10023C9F80030238894426FEA4343DD
:10A8E0006FEA5343238041D1B5F8403008EB0709A4
:10A8F0001846083880B202F108044C4528BF444687
:10A90000082804D9B4F800E0BEF5804F43D2634470
:10A910000F431B1A3B409BB2EB87A5F8400094788D
:10A9200011884FF03A42C1F30C019165C2F898309A
:10A93000C2F8B0004FF48022184B04F00704C3F8AB
:10A9400014214FF00042164BC3F88021FFF7FCFDA5
:10A95000042C0BD14FF48002124B5B6C124B5A64E7
:10A96000D5F8A01095F8270001F0C0FB304611F093
:10A9700015FB0020A5E7601E012898BF1446A4E738
:10A98000B5F840004344E31A48BFDB190838984241
:10A99000A2DC304692E72246ABE700BF002000BAB7
:10A9A00000E100E0000002B8002002B8841E002090
:10A9B000164B10B51968B1F84020CB8F888F13441F
:10A9C0000138073B8C69034023F007031C4402F164
:10A9D00008034FF03A429BB2A1F84030C2F8B030C1
:10A9E0004FF480220A4BC3F814214FF00042094B68
:10A9F000C3F88021A07800F00700042803D1064A9C
:10AA0000D3681B03FCD4054B1C6010BD141C002034
:10AA1000002000BA00E100E0000002B8841E00201F
:10AA200010B5064C216839B1CB0703D4044B186824
:10AA3000FFF728FF0023236010BD00BF841E002005
:10AA4000141C00204FF480320C4B0D49C3F8182120
:10AA50004FF03A43C1F81421D3F8AC10D3F88C204E
:10AA6000012302F0070206329340C1F30C01083BB8
:10AA7000994201D8FFF768BD704700BF002000BAB7
:10AA8000001000BA2DE9F04106460C46878F1546A6
:10AA9000D0F8188011F087FAF28F07F1FF3E02EA32
:10AAA0000E0323F00701032CB6F840C0414419D12E
:10AAB0004A4C24689CB96244073A02EA0E0222F02A
:10AAC000070208EB02044344E31A48BFDB1963455D
:10AAD00010DB11F063FA00242046BDE8F08124F079
:10AAE0000104F0E7012C03D0022CECD1ACF1080CEE
:10AAF0000C46E8E7002D37D08C4238D14FF03A426F
:10AB0000926D4FF03A4CDCF8AC70718AC7F30C07C9
:10AB10009F423FDD2388B3F5804FDAD2A77801F159
:10AB2000FF3C07F00707C3F30C039B1A41EA0C0E26
:10AB3000052F2F7003EA0E0324D81BB223EAE37714
:10AB40006F80E7782F74F66902EA0C02B718AF60DD
:10AB50009FB212FA83F38B4291BF00238B1AAB8012
:10AB6000EE609CBFAF80EB6011F018FAB4E7A4F17F
:10AB70000802904584BFFF0802EBC7021288C2F3A7
:10AB80000C02BEE7164F7F6D002F14BF0A27002767
:10AB9000DB1BD2E7DCF8543001F1FF3CA3EB020EE3
:10ABA00041EA0C030EEA030EDFF838800FFA8EF349
:10ABB000002BD8F80C700FDC07F07067B7F1407FFE
:10ABC00014BF00270127FF002F70D8F84C70A5F89C
:10ABD00002E03F0A2F74B6E70827F5E7841E00203D
:10ABE000004000B8000002B8054BA822D3F84C0181
:10ABF0003121431C0CBF0120C0F38070FDF7ACBBBA
:10AC00000080E00F10B50F4B1C78ACB90E4BD3F899
:10AC1000F8375B0309D490B10F23441EB4FBF3F45F
:10AC200010300444E4B2204610BD40F648023F21F3
:10AC30002046FDF791FBF6E70001C4B2F3E71024CC
:10AC4000F1E700BF90250020000002B8014B5880BA
:10AC5000002070479025002038B5264D04462978FD
:10AC600019B92022244807F015F84FF2F001237893
:10AC7000224A1370224AC2F8C811224A1BBB224939
:10AC8000D1F8F81709031ED4FF2313704FF0407357
:10AC90001B4AC2F834311C4BD3F8F83713F4802325
:10ACA0000BD14FF47F01C2F830111849C1F830318F
:10ACB00048F2C801164BC3F8F4100723C2F8FC335E
:10ACC0000122124B0FE000201249022BC1F8DC00D8
:10ACD0004FF0FF011170D9D10722094BC3F8FC23B3
:10ACE0000422A3F58053C3F8FC23012300202B701A
:10ACF00038BD00BF4D210020E03F00B0902500206E
:10AD0000002002B8B3250020000002B8001002B8ED
:10AD1000003F00B0004001B810B5044600F0B6FF97
:10AD2000094BD3F8F80734B900F44020B0F54020BF
:10AD300018BF012010BD022C0ABF80F40030002093
:10AD4000C0F34040F6E700BF000002B82049D1F848
:10AD5000FC37FF2B31D01F48C3F303120270D1F828
:10AD6000F81703F00F0309035BBFC2EB02120F3B9E
:10AD700002F1FF32D2184ABF03EB0213D3B2DBB2A7
:10AD8000154A164913700978154B1A68E9B1B2F1E2
:10AD9000A06F1AD3D3F85012124A134BB1F1FF3FF0
:10ADA00018BF1346114A136041F66A02104B1B6824
:10ADB000B3FBF2F30F4A13607047D1F8F83713F47E
:10ADC000002F0CBFB4235A23DAE7074BEAE700BF92
:10ADD000000002B8B42500204F210020B225002039
:10ADE0000080E00F5082E00F94EB0208881E0020E4
:10ADF000A81E00208C1E002020B1022804D1034B85
:10AE000018787047024BFBE700207047B4250020FC
:10AE10004F2100202DE9F74FD0F8B0404C23022CF1
:10AE200038BF02247749013CCA6CD1F8DCC07649AE
:10AE3000C2F38212D3400A6803F00105A24206461B
:10AE40002B4690F83C71714ADFF8E4A1DFF8E491F9
:10AE5000DFF8E48116D11078A84213D19AF80000E7
:10AE6000B8420FD1D6F8B40060B160450AD196F867
:10AE70002BC099F80000844504D1B8F8040003B051
:10AE8000BDE8F08F0C601370002D00F09880042353
:10AE90004FF07F415E4AC2F8BC305E4BC3F8BC1035
:10AEA00096F82B301B06C2F8BC30002040F271220D
:10AEB000594B19211B68B3FBF2F36343B3FBF1F168
:10AEC000182B4FEA00448CBFB1FA81F32023002CE9
:10AED00000F09680B4FA84F29B1A002B40F38E8027
:10AEE000C3F10F02012A38BF0122DC40A14201D286
:10AEF000013A6408411C02F01F054900A940474B74
:10AF0000091B8908C3F8B010110241EA0211DFF8E9
:10AF10002CB141EA020300EB002200EB0225DBF832
:10AF2000000040F6C202003818BF01202B21019317
:10AF3000FDF712FAFA2202FB04F0DBF8002040F6DB
:10AF4000FF71B0FBF2F00A225043354A019BC2F870
:10AF5000D810A2F58052C2F8D8303249A2F58052FA
:10AF6000C2F8DC50D1F8F81700F57A744B0309D415
:10AF7000D2F8DC20294B02F47F01C2F303520A43CA
:10AF8000C3F8FC20C6F8B450274D00F6B8302C604A
:10AF900001F0FAFF4FF47A72204BC3F8A400C3F813
:10AFA000F8002B68B4FBF2F0B3FBF2F3A8F804301E
:10AFB00096F82B308AF8007089F800305FE798F82F
:10AFC0000000FFF719FF96F82B30834228BF034695
:10AFD000D8B22FB1022F7FF468AFFFF713FE65E7F9
:10AFE000104BD3F8F8371A03F7D418B10F230138F0
:10AFF000B0FBF3F00D4B1B68185C57E70F2275E7A9
:10B000000F2277E7004001B8E42400204E21002001
:10B01000001002B8002002B8A81E0020003F00B0B7
:10B02000006001B8000002B8901E0020881E0020B9
:10B03000B1250020B0250020902500208C1E002086
:10B0400038B5254B05461A78244C0D2A02D1FF202D
:10B05000207038BD10460FF092FA01461046FFF7F7
:10B06000CBFEA84228BF2846C0B2884238BF084657
:10B070002378C0B28342ECD0207042BB184BD3F887
:10B08000F81711F4002122D1F8B1431EDBB24FF2C0
:10B09000F005144AC2F8C8510F22B3FBF2F2551C56
:10B0A00018B1C2EB02129B1A591C0D4AD2F8C831D2
:10B0B00043EA053343EA0113C2F8C831D2F8C82184
:10B0C000094BC3F8FC202078C3E70346DFE7074BB2
:10B0D0001868FFF79FFEF6E790250020B3250020B3
:10B0E000000002B8002002B8003F00B0141C00208D
:10B0F000014B1870704700BFB225002010B5044600
:10B10000FCF774FE78B1154B1B786BB964B1144B26
:10B110001B784BB1134B1B78013B012B04D84FF428
:10B120000042114B1A6510BD104B1B6D1B04FAD465
:10B1300010F039FF044603F083FA4FF400420C4B41
:10B140002046BDE810401A6502220A4BC3F8D424F9
:10B150000422054B5A6410F021BF00BF502100208B
:10B1600051210020941E0020002002B8000002B8E7
:10B17000001002B800D003500122024B00201A70C8
:10B18000FFF7BCBF502100200022024B01201A70A3
:10B19000FFF7B4BF50210020054BD3F8843013F0E3
:10B1A000030F4FF4802314BF024A034A936470478D
:10B1B000004000B8005000B8006000B837B5044641
:10B1C00000F064FD01213A20ECF7C4FE354D364B0A
:10B1D00000201C702B78002B0CBF002404F001040D
:10B1E000FFF78CFF2B78013B012B08D8EB7B01A8E4
:10B1F0008DF804302B7C8DF80530ECF7B7FA00227F
:10B200002A4BC3F8D424002C44D06A68002A37D0D3
:10B21000274B1B6803EB5203B3FBF2F3013B1B020A
:10B2200043F0F8032A78022A2CD0032A2ED0012AD0
:10B2300033D1072243F002034FF6FF701D49C1F8D6
:10B240008400A1F58051C1F88430184BC3F8D42490
:10B2500093070BD5EB7B01A88DF804302B7C8DF880
:10B260000530ECF773FA0120FFF748FF4FF08043F9
:10B27000ACB1114A13650020FFF78EFF03B030BD5B
:10B28000F823CFE7062243F00103D5E7042243F079
:10B290000503D1E72246F823CEE70022CCE7074A90
:10B2A000E8E700BF941E00205121002000C0035099
:10B2B000A81E0020006000B8001002B8002002B8EC
:10B2C000F0B52A4F06463D4604460FCE85B00FC561
:10B2D00033682B6000F0DAFC01213A20ECF73AFEEB
:10B2E0000022234BC3F8D424A17A627A42EA0142B5
:10B2F000C3F8E024217CE27B42EA0142C3F8DC246B
:10B30000217B627B41EA0240C3F8D8043B78032BDF
:10B3100029D8DFE803F022020C178DF8041004216D
:10B320008DF805200DEB0100002204F0D6FEE37B32
:10B3300000228DF80830237C042102A88DF8093002
:10B3400004F0CBFE637A01228DF80C30A37A04213D
:10B3500003A88DF80D3004F0C0FE064B1878FFF7F7
:10B360002DFF002000E0212005B0F0BD941E00203C
:10B3700000C0035051210020034B1B6D002BBCBFAC
:10B38000024BC3F888007047000002B8004000B8C4
:10B390004FF0006338B1064A1365064B4FF4003294
:10B3A000C3F884207047044A1365044BF6E700BFD6
:10B3B000001002B8005000B8002002B8006000B8C9
:10B3C0002DE9F04700F0BCFC4FF47A752F4BB0FB31
:10B3D000F5F518604FF4FA736B4307462C48190EC5
:10B3E0001B0218182B4A4FF0000341F10001F1F73E
:10B3F00035FC294BA0F5807182460246196330B9AD
:10B400004FF0010A4A222B21FCF7A6FF52464FF4C7
:10B410007A735A43290200235008F1F71FFC1E4B90
:10B420001E4AB7F57A7F9A601D4B4FEA0A6619608B
:10B430001C4BA9468846044618604FEA1A2A06D2D1
:10B4400001259D222B210020FCF786FFA9464FF401
:10B450007A73A6FB030103FB0A116D0840194FF034
:10B46000000341F100014A46F1F7F8FB0E4B0234AC
:10B4700019600E4B48F10008A408186044EA88746B
:10B48000054B013C9C63BDE8F08700BFA81E00206F
:10B4900020A1070040420F0000C001B802110100C6
:10B4A000B81E0020B41E0020B01E0020AC1E0020DC
:10B4B0000822044BC3F884215A600122024BDA604F
:10B4C000704700BF00E100E000C001B80822064B51
:10B4D000C3F88421C3F88420BFF34F8FBFF36F8F6D
:10B4E0000422024BDA60704700E100E000C001B8BE
:10B4F00010B50446A242A2EB0000A3EB010104D266
:10B50000034B01399B6B0133184401F0030110BD5B
:10B5100000C001B838B501250A4B02019D504FF417
:10B5200080730446084A8340536610F03CFD074A86
:10B53000A540137823EA05031370BDE8384010F0E6
:10B540002DBD00BF00E101B800E001B85B21002083
:10B550002DE9F84F164604468A461F4610F023FD93
:10B56000022E00F09380804610F026FD604B614A69
:10B57000D3F8209092F885505A6EEDB2520744BF2E
:10B58000D3F82090013505F0030510F010FD484672
:10B59000294600F03DF98446DAF80000012E04BF88
:10B5A00001306044ACEB000C08BFCAF80000BCF1ED
:10B5B000804F7ED300F040F98145A1EB050188BFA3
:10B5C0004B4BDFF854E188BF01F1FF3101F003017B
:10B5D00088BF9B6BA0EB090C0EF80410A1B1F90712
:10B5E00042BF41F61F72444B5A67BA0742BF424BF3
:10B5F000424A5A677B0742BF00223D4B9A673D078C
:10B6000042BF00223A4B9A6511254FF0010A384B90
:10B6100004F11002120103EB041BCBF80C013849B2
:10B620009D501A6A0AFA04F5586E0B78A2EB0902CB
:10B63000EDB22B4362450B704FEA041925D34FF44A
:10B640008073A340034220D11EF80420002A4BD16E
:10B650000EB32C4AF807536607D541F61F7140F226
:10B660000110254B596750675967B90706D5224B1A
:10B67000224A244924485A6748675A677A0742BFD2
:10B680000122224B1A613B0719D4404610F086FC78
:10B690000120BDE8F88F1E4A42F809A042F89C3C00
:10B6A00010F081FC16490B7823EA05030B7010F0AB
:10B6B00075FC404610F072FC0020BDE8F88F212098
:10B6C000FFF75AFE4FF48031094A124BD1601A78C5
:10B6D000002ADAD000222D201A70FFF74DFE10222A
:10B6E000084B40465A66D1E7064A40465366CDE7C6
:10B6F00000C001B8003E00B000E001B800001F1F0C
:10B700005B21002000D001B800000101000002B858
:10B7100000E101B85221002053210020024B18788B
:10B72000003818BF012070475B210020034B103008
:10B730000001185800F00100704700BF00C001B8B8
:10B7400070B50646FDF748FE044608B1FFF7BEFE99
:10B7500000230A4D3046AB61EB612B6200F06CF8C0
:10B76000074BC9B283F8851028622CB1FFF7A0FE01
:10B770004FF08062034B5A64002070BD00C001B8D6
:10B78000003E00B0002002B810B504462120FFF7AB
:10B79000F3FD1CB14FF48032064BDA60064B1A7889
:10B7A0003AB100222D201A70FFF7E6FD1022034B5C
:10B7B0005A6610BD00C001B85221002000D001B867
:10B7C00038B510F0F9FB084B084A1D6A92F885401D
:10B7D0005A6EE4B2520744BF1D6A013410F0E7FB11
:10B7E000284604F0030138BD00C001B8003E00B097
:10B7F0000346064A103302EB00111B01D1F80C017D
:10B80000D158C1F340010EF0DDBE00BF00C001B849
:10B81000074B084A1B6810B54343146803EB817358
:10B8200000224FF00041E4FB0012981810BD00BF49
:10B83000B01E0020AC1E00200C4A20F04043014600
:10B8400010B5002014684FF00042E4FB0320084AC2
:10B85000890F126802FB0300064B9B6B984204D9C8
:10B8600001330131C01A01F0030110BDB41E0020E4
:10B87000B81E002000C001B8044B01F0F071103078
:10B8800041F0030100011950704700BF00C001B82A
:10B8900008B52220FFF770FD4FF48022014BDA60DB
:10B8A00008BD00BF00C001B840B1836833B106498C
:10B8B000C268096803F13043032A00D8704743F88F
:10B8C000041B043AF8E700BFEC1E002070B51646D2
:10B8D000054610B92124204670BD0029FAD0002A5F
:10B8E000F8D042680F4B006803321B68920800F1E1
:10B8F0003040984704460028EDD1EA68A868033232
:10B900003146920800F130400EF07CFE04460028DB
:10B91000E0D1286921466A6900F1304006F0BAF9A1
:10B92000D9E700BFE82400202DE9F0470746884604
:10B930001446234D234EDFF894A088B01CB920464E
:10B9400008B0BDE8F087B4F5006F4FF010024FF07B
:10B9500000016846A14628BF4FF4006906F09AF935
:10B9600008238DF8003009F1FF339BB2009A1B01C8
:10B9700043F0036332402B401343102200210DEBB0
:10B980000200CDE90038029706F084F96B469AF878
:10B9900000100D4804AA04F0AFFD9AF800100A4800
:10B9A00004F0E8FDA4EB090408EB890807EB89071C
:10B9B0009AF80010044810F01BFB0028F8D0BDE7EF
:10B9C000F07F300C0F80CFF300000450B52500202D
:10B9D00070B50C68651C15D0C4F302669E42C4F3B2
:10B9E000074530D1A4B294422DD804EB8506B2426B
:10B9F00029D2141BA50824F003040E59340F04D0D7
:10BA0000012C08D00022212402E06B1C51F82320D5
:10BA1000C0E9002470BD0E4C34F8133042EA0343F1
:10BA20001A686B1C51F8234001EB83014B682240DC
:10BA30005E4036F0704404D11B0F032B04BF8B68AB
:10BA40001A430024E4E7013501EB8501C1E700BF9B
:10BA5000A8EB020807B501A8EDF7B4FB254B264972
:10BA6000D3F86022D2B2FF2A1DBFD1F878011302A9
:10BA700043EA0213D1F878311CBF20F47F621343EC
:10BA8000C1F8F8331C4BD3F8F837190354BF092019
:10BA90000C20EDF741F9C822184B42F201015A651A
:10BAA0004FF4C02203F51043C3F868214FF48032ED
:10BAB000C3F86C21124AC2F8701202F52042D2F883
:10BAC000F827120308D44FF470610E4AC2F8A01090
:10BAD0004FF42062C3F8A02001220B4BC3F80024CE
:10BAE00003F53043D3F86821084B1A6003B05DF8C2
:10BAF00004FB00BF0080E00F000002B8008001B826
:10BB0000006001B8002002B8005001B8701E00208B
:10BB100010B5044610F047FA064B074A1C70074B55
:10BB2000FF2C08BF1346064A136010F037FA0020B6
:10BB300010BD00BFB525002005A6020829B90108DF
:10BB4000E8240020134B1B78002B20D0124B134A03
:10BB500000201A60124B134A1A60134B134A1A60E2
:10BB6000134B1A68134B1A60134B144A1A60144B88
:10BB7000144A1A60144B154A1A60154B154A1A607C
:10BB8000154B164A1A60164B164A1A607047022067
:10BB9000704700BF5C210020F81E0020A8F40208B6
:10BBA000F01E002014EC0208F41E002034EC020801
:10BBB000EC240020EC1E0020101F0020FCEB0208EB
:10BBC000081F0020ACEF02080C1F002030EC020818
:10BBD000041F0020E4EB0208FC1E002038EC0208E1
:10BBE000001F00202CEC02080022012138B51F4B59
:10BBF0005A649A64DA641E4A51610221916242F2E7
:10BC00000101DA68C2F3036221FA02F2D207F8D521
:10BC100011220124174DDA634FF0FF302C7005F02C
:10BC200036FF00232B70144D40F2D5522868542162
:10BC3000C01A18BF0120FCF78FFB104B28681A6848
:10BC40000F4B1968FFF742FE01F0D6FA0D4B18684A
:10BC5000FFF72AFE0C4B1868FFF726FE4FF08062B4
:10BC6000034B5A6103F580535C6138BD000002B894
:10BC7000001002B85C210020F01E0020F41E0020FD
:10BC8000F81E0020101F0020041F002001230D4A71
:10BC90000D49C2F8803291660C4A53600C4A5360D9
:10BCA0000C4A5360A2F580425360A2F540425360B3
:10BCB00002F5C032536002F580425360A2F50042A3
:10BCC0005360704700900050FF0B001600D000B882
:10BCD000001000BA005001B810B50324FFF7D6FFDA
:10BCE000114A124B1A65FFF7B5FE114BC3F810410C
:10BCF00000F0D0F901F0C0F84FF460720D4B5A61BA
:10BD00004FF400721A65FEF717FC0021FEF7FEFBE8
:10BD10004022094B1C64A3F580535C64074BC3F8B5
:10BD200084215A6010BD00BF0048F000000002B836
:10BD3000005001B8001002B800A0095000E100E076
:10BD400008B50EF0D9FE044B1B6FC3F3004301335B
:10BD5000B0FBF3F008BD00BF008000502DE9F04FAC
:10BD6000064687B002900F4657F8044B631C06D175
:10BD7000029B3460F01A801007B0BDE8F08F3E4B94
:10BD8000C4F3016A5FEA147B33F81A1008BFC4F3E6
:10BD90000742A4B244EA014404F06F4118BF0122F3
:10BDA000B1F1804F02D0B1F1204F0ED124F0704498
:10BDB0004FEAC209314B09F10401314499424BD990
:10BDC00001339E4248D80020D6E704F06041B1F12B
:10BDD000204F08BF24F08054EAE7059B2BBB0720C7
:10BDE00015F0420F20FA0AF000F001002CD115F0F6
:10BDF000280F21D100222244BBF1010F48F8082C62
:10BE00004FF0FF3218BF0022019B043453F8041B8B
:10BE100008F108084A4048F80C2C0193039B9C4207
:10BE2000DBD104994E4439449DE740F6F3023221B8
:10BE30000020FCF791FADDE740F6F7023221FCF72B
:10BE40008BFA4FF48052D6E740F6FC023221FCF721
:10BE500083FA4FF40052CEE701259300049305FACC
:10BE60000BF504EB8203039305F0940306F1080835
:10BE700001970593D2E700BFA0EB0208DF4F00B0A7
:10BE8000F8B50646E0B10024144B25461F46144978
:10BE900053F8042BAAB91348314600EB8500FFF78D
:10BEA0005DFF30B940F6A8223621BDE8F840FCF726
:10BEB00053BA0D4B0135281847F8246023F81400B5
:10BEC000F8BDB242FCD001340C2C02D031F8145031
:10BED000DEE740F6C22236210020E6E7BC1E002045
:10BEE00006200020404000B00820002070B5A8B116
:10BEF000002971D0002213463849394C51F8045BAF
:10BF000085420CD1374A116CC907FCD49B0003F55C
:10BF1000804340331360344B01221A6470BD0132F8
:10BF20000C2A59D034F81230E8E7C2F3016334F830
:10BF3000131012F47E0F93B243EA014321D0043070
:10BF4000C2F30742022A016808D946688568033AA5
:10BF5000C3E900169D600C300C33F3E70CD1426846
:10BF60000830C3E900120268531CDED100221D4BC9
:10BF70001A6003F58053CFE7012AF4D10430196029
:10BF8000F1E7120F00F108054068072A09D8DFE839
:10BF900002F007040A0E1114191EC04303F50053E2
:10BFA00018602846DFE71A6842401A60F9E703F58F
:10BFB0008053F5E70EF0FBFAF3E7012203F5805317
:10BFC0008240F2E7012203F500538240EDE71A6850
:10BFD00030EA0202FBD1E4E7044CC4E7BC1E0020B7
:10BFE0000620002000C002B800D002B8A8EB02086A
:10BFF000074BDB68C3F30363984208D1054AD2F8C4
:10C00000803023F0F00343EA0111C2F8801070473A
:10C01000000002B8003F00B02DE9F34705460EF0DE
:10C02000BFFA00278046194EDFF864A00FF0BBFF6F
:10C030000DF1070181460DF10600FDF73FFF9DF868
:10C0400006300BB3DAF80C3013F4603F1CD0DAF88A
:10C0500018000EF01FFB04466B1C03D00EF0A0FA74
:10C06000A0EB080748460FF099FF14F5007F07D1B1
:10C070009DF8063013B99DF807300BB1AF42D5D308
:10C08000204602B0BDE8F0873446E5E700FEFFFF3A
:10C0900000C000B80122014B1A657047001002B8B9
:10C0A0000122014B1A657047002002B84022014B63
:10C0B0001A657047002002B84022014B1A6570478C
:10C0C000001002B80122024B98611A61704700BF4C
:10C0D000000001B8044BD3F8B03010B1C3F3033201
:10C0E000027003F00F007047000002B8064B01F029
:10C0F00080015B6C03F480030B4302BF4FF400121A
:10C10000024BDA64704700BF000002B8006001B85B
:10C110000D4B1A7882B1012A10D10C4B012112F07B
:10C12000010F0B4A03F580539960084B08BF134673
:10C130009A689207FCD47047054BEFE700224FF452
:10C1400080539A60FFDE00BF5D210020004003B8ED
:10C15000000003B8094B10B59C69DB691C4006D090
:10C16000074B1B6823B120469847064B9C6110BDC6
:10C170006305FAD5FFF7CCFFF7E700BF000003B86F
:10C18000141F0020002003B8094B10B59C69DB691F
:10C190001C4006D0074B1B6823B120469847064B2E
:10C1A0009C6110BD6305FAD5FFF7B2FFF7E700BF4A
:10C1B000004003B8141F0020006003B84FF60401CC
:10C1C0004FF60502044B01201B6C9BB28B4208BF4B
:10C1D0001346024A136670470080E00F00C001B8A2
:10C1E0002DE9F74F81460E464FF0FF34FFF7E8FA8E
:10C1F000002501908A46A0462846DFF8D0B005F118
:10C2000010031B015BF8037007F00307012F15D122
:10C210002846FFF7EDFA02460B4601985146FFF714
:10C2200067F9DBF8643005F10802D340DB0736D547
:10C23000002E3DD00024A046356038460135082D3B
:10C24000DDD148B300221146204DAF68AB6B0133FE
:10C25000E8FB034107F44033B3F5003F30D16B6B8B
:10C2600007F44057013342F10006B7F5805F22D151
:10C270002D6B15F5807505FB06F642F1000203FBF8
:10C280000266A5FB03323244594304FB0212A3FBAE
:10C2900004342244C9E9003203B0BDE8F08FA04263
:10C2A00071EB0803C9D206B1356004468846C4E77D
:10C2B0003446B046C1E7320242EA13621B02E3E7AA
:10C2C0002B6B13F5807342F10002DDE700C001B86B
:10C2D000F8B506200EF087F904460EF061F942F237
:10C2E0001073041B9C42054618D94FF080624F24FE
:10C2F0000B4B5A6441F26F770A4E0BE00EF050F987
:10C30000401BB8424FF4837221468CBF00200120AD
:10C31000FCF722F8736C5B01F0D5F8BD1A24E9E74D
:10C32000002002B8000002B8034B1A6E596E03F5E4
:10C3300000530A401A66704700800A50FF28F8B57B
:10C340006AD0FF2964D00F2864D8002962D1002662
:10C35000344C354D84F8800084F88160686940F27F
:10C360005F124B2100F00100FBF7F6FF11231022B2
:10C37000AB662E4B6E66C3F888219A6001213B2084
:10C38000EBF7E8FD94F88110294A94F880300A43CD
:10C390002849063341F82320274B3E201D68EBF740
:10C3A000F3FD6F08ED070246334628463946F0F79D
:10C3B00055FC090241EA1061C0F3C05040EA410057
:10C3C0001E4B2067186B10F5807005D14FF4D772A3
:10C3D0002B21FBF7C1FF0220024600230020012190
:10C3E000F0F73CFC60673E20EBF7CEFD40F649439A
:10C3F0005843000DFF2828BFFF20022838BF022025
:10C40000002184F88400012000F04CFD0020F8BDDC
:10C410000F289CD92120FAE7FF294FF0070094D17B
:10C4200095E700BF003E00B000800A5000E100E048
:10C43000020D0C0000800350A81E002000C001B8AF
:10C440002DE9F34105460F4668461146FFF7C8FE41
:10C450000646B0B1AFB1DDE900321B0A43EA026320
:10C46000A5FB0384094B120A05FB02441A6812B9A2
:10C47000FFF766FC0246002340462146F0F7EEFB3C
:10C480003860304602B0BDE8F08100BFA81E002031
:10C4900070B5FFF71DFF0021022000F003FD0EF034
:10C4A0007FF804460F4D104ED5F8F4331B070BD51B
:10C4B0000FF079FDBDE8704002220C4BDA600122DA
:10C4C0000B4B1A700FF06ABD0EF06AF8001BB042F9
:10C4D00040F216224FF045018CBF00200120FBF7EF
:10C4E0003BFFE1E7000002B83F420F0000C001B887
:10C4F0005E210020214910B50B78002B3DD0012290
:10C500001F4C94F881300133DBB202FA03F31D4A69
:10C510005366136608221C4BC3F8882100230B7056
:10C5200003231A4A39211364A2F580525364184B2D
:10C5300040F2C522586CC0F38060FBF70DFF4FF44A
:10C540008041144A144BC2F89410144AA16FD26E61
:10C55000914202BFD3F86C21E267D3F86431E06FF7
:10C5600008BFA4F88630B4F8861000F0DDF8BDE806
:10C5700010400121022000F095BC10BD5E2100207A
:10C58000003E00B000A00A5000E100E000A0095009
:10C59000000002B800E001B800C001B800800A50F5
:10C5A00010B504463E20EBF7EFFC6043034B00F56B
:10C5B000F42000F59070B0FBF3F010BD40420F0086
:10C5C0002DE9F74FFFF7ECFF0446FFF781FE0FF070
:10C5D000EAFC00214B4D064668462970FFF700FE35
:10C5E000494B80469F69494BDB6813F0706F1CD143
:10C5F000474B5B6913F0060A17D1E0B1454B611D4B
:10C600001868A1FB00B93E20EBF7BEFC534602467A
:10C6100049465846F0F722FB009B090241EA1061A7
:10C6200000029842019B994105D3304603B0BDE812
:10C63000F04F0FF0B3BC0021022000F033FC0DF0EE
:10C64000AFFF8146DFF8C4B0DFF8D4A0DBF8F433E5
:10C650001B0741D5B8F1000F4DD0DDE900893E2020
:10C66000EBF792FC4FEA182141EA09614FEA1923DE
:10C67000A0FB019800FB0388264B1A6812B9FFF74C
:10C680005FFB0246002348464146F0F7E7FA0121E6
:10C69000214B013493F88130DFF86CC001331F4A1D
:10C6A0003F1BDFF880E0DBB201FA03F30744CEF86A
:10C6B0006030CCF86C705366DCF81820DCF86C70D5
:10C6C000241AD21BA24216D2CEF864300220CEF831
:10C6D000603000F0E7FBA8E70DF062FFA0EB090077
:10C6E00050454FF41B724FF045018CBF00200120D4
:10C6F000FBF732FEAAE70222054BDA6001232B701A
:10C7000093E700BF5E21002000800A50000002B8BD
:10C7100000C001B8A81E0020003E00B000900A50E2
:10C720003F420F0000A00A5001232DE9F74F924F1E
:10C73000044697F881208A469340904A0E469366B5
:10C7400097F880208E4B0546C3F8D8204FF400326E
:10C750008C4B4FF0000B1A610223DFF83482C8F8CB
:10C760000C30894B9B6903F1FF39A3EB0903002BC4
:10C7700040F3E9800BF1010BBBF1020F6ED9EC2203
:10C780000D210020FBF7E8FD4FF080537F4A804FDA
:10C7900053664FF40031784BC7F86C51C3E91E95CE
:10C7A0000025C7F86461A3F886601161744AC2F875
:10C7B000D85093F8812001239340704A93660FF07C
:10C7C000F2FB29464FF4807E3E6AD7F864C001F13F
:10C7D00010031B01FB5803F00303012B10D10EFAC9
:10C7E00001F313EA0C0F0BD107EB0112B442D2F89C
:10C7F0000C2100F2BB80944202D2964280F0B980B4
:10C8000001310829E3D1634C2268012A08D8624922
:10C810000B78142B02BF0023604E337001330B7072
:10C82000BDB15549012AB1F8823043EA0503A1F8A8
:10C830008230544B5D660CD858490B780133DBB21B
:10C84000022B0B7005D1002301322260524A0B707B
:10C85000137003B0BDE8F04F0FF0A0BB012397F8B1
:10C860008120494D9340454A93660FF09CFB4FF061
:10C870008052464B01905A66AB6903F10109C5F835
:10C880006C90D8F83010D8F80830DD036BD5BA6F4B
:10C890003B6FA9EB0202A2FB0326D7F874C001F597
:10C8A0008071A2FB0C530025E6FB0C35A1FB03ECC9
:10C8B00001FB05CCB2EB0E0266EB0C06120A42EA53
:10C8C00006625244B2EB112F4FEA112603D3013313
:10C8D00045F10005921B043E964228BF1646C8F853
:10C8E000186097F88520D8F82010E318D2B245F1E7
:10C8F00000058C42D8F8381084BF02F1FF32D2B262
:10C90000481C0ED04FF0000E01F1010C99427EEB55
:10C91000050008D20132B3EB0C03D2B265F1000579
:10C92000F4E72A44D2B21D4602F0030287F88520BC
:10C93000C8F82030012397F8812001989340184AC5
:10C9400093660FF02BFB104B9B6900BF00BF00BF2D
:10C9500000BF00BF00BF00BF00BFD8F86420D200F6
:10C960007FF503AF10E756462546E3E79442BFF450
:10C9700044AF2B439DB243E7003E00B000A00A50F5
:10C980000080035000D001B800800A5000E001B8D8
:10C9900000C001B8401E0020602100205F2100205F
:10C9A00000900A504FF00052014B1A60704700BFD0
:10C9B00000E100E04FF00052034BC3F88020BFF3CA
:10C9C0004F8FBFF36F8F704700E100E037B504462B
:10C9D000FFF75CF901213A20EBF7BCFAE178227904
:10C9E0001B4841EA0243C0F85C35E579A37943EA84
:10C9F0000543C0F8603523784BB18DF8041004214D
:10CA00008DF805200DEB0100002203F066FB637832
:10CA10005BB10421A37900228DF80430E3790DEB9A
:10CA200001008DF8053003F058FB227801235AB13C
:10CA3000084AC2F85835627802233AB1054A002004
:10CA4000C2F8583503B030BD034AF2E7024AF6E7B0
:10CA500000C0035000D0035000E00350F8B50B466F
:10CA6000002213F8044B944225D91D68854224D135
:10CA700006245A791D79124B88181E6804FB050399
:10CA8000104F33F8063C7B43B3420ED900238A5A39
:10CA90007A43964202D804FB0300F8BD9D42FAD9BE
:10CAA000013304FB03F2825AF2E740F251423D2186
:10CAB0000020FBF751FC0020EFE708330132D2E7FA
:10CAC000181F002040420F004FF0000C2DE9F04FDE
:10CAD000A2FB017AAD4EDFF8E8E2BE1998466AF192
:10CAE0000003B6457CEB030383B009D240F2432236
:10CAF0000E216046FBF730FC022003B0BDE8F08F4A
:10CB0000D8F814B00C4615468146BBF1000F04D08E
:10CB1000DBF80030032B00F29D809D4B9D4A9E6BFD
:10CB2000A3F580431B6FD2F8FCB05A074EBF4FF4F9
:10CB300040039B0503F0E073C6F314061E43964BB7
:10CB4000D3F8EC305B0048BF46F0807646EA456695
:10CB50000EF00CF8012D0246CED10028CCD08F4B20
:10CB6000984200F0868003F5122303F5F86398429B
:10CB700000F0B7808A4B984200F0EA8001900023D1
:10CB800000204FF00071F0F769F8019A0130A7FB1F
:10CB9000007300FB0A33C6F31301A1FB021220331A
:10CBA0009B09C8F800307F4BC90C1C6041EA423138
:10CBB0007D4BF50258BF494219607C4B0C441C6008
:10CBC000BBF1000F44D00023DBF81C70F001DBF850
:10CBD000005048BF6408C8F80830C8F8043087B36C
:10CBE00099F82720073A012A2BD9DFF8D891D9F8EC
:10CBF0003C21D20277D43E46002C00F0A780B4FA44
:10CC000084F1072900F3A280C1F1080327FA03F396
:10CC100004FA01F15F1CB1FBF7F14B00670201332D
:10CC2000E40D01E002330131A6FB0302874274EBFD
:10CC30000202F7D2C1F30E031B0343F00063C8F8EE
:10CC400008300023062DC8F80C30C8F8103012D870
:10CC5000002052E7042BDBF828607FF479AFF10164
:10CC60004CBF4FF4400306F0E07326F0E0761E431D
:10CC70006EE74F488BE7DBF83030002BE8D00DF043
:10CC800075FFDBF83010FFF7E9FE044610B183783A
:10CC9000002B5FD10DF02AFFDBF83010FFF7DEFE2E
:10CCA00004460028D4D08378002BD1D0407940F2BC
:10CCB0007D52003818BF01203D21FBF74DFB207944
:10CCC00040F27E5200384FF03D0118BF0120FBF7C3
:10CCD00043FB237962791B0243EA0213C8F8103040
:10CCE000B6E7344853E7344AC6F38156965D81EA85
:10CCF000E170A0EBE17046F3401100FB01F14FEA57
:10CD0000E07EB60606FB0E11A0FB06064FEA540CA9
:10CD100010EB0C0041EB06012246EFF79FFF0E2DB2
:10CD20000FD91B4B9A6BD9F84830D9F83C11DB0668
:10CD300007D502F4801201F400110A4308BFC0F5C0
:10CD40008010C0F31300C8F8040054E7210262E722
:10CD50001A481CE7407940F26252003818BF01209F
:10CD60003D21FBF7F9FA207940F2635200384FF089
:10CD70003D0118BF0120FBF7EFFA237962791B020E
:10CD800043EA0213C8F80C3084E700BF006CCA887D
:10CD9000008001B8004F00B0000002B800F0490266
:10CDA000005A6202201F00201C1F0020181F0020B4
:10CDB0000A3BB2DF313641DCB0EB0208D694BFD675
:10CDC000807C814A004001B810B5044686B059B94C
:10CDD000214B4168D3F8FC30827A204805930068E3
:10CDE0006B46FFF771FE69461D4B0A685A631A4B82
:10CDF000D3F8FC3033B34B6843B11A4B1A4AC3F82B
:10CE00003C214A68A3F58053C3F83C218B6843B1A9
:10CE1000144B164AC3F81C218A68A3F58053C3F843
:10CE20001C21134AC868D2F8983123F4EE630343F7
:10CE3000C2F89831D2F89031096923F4EE630B43BC
:10CE4000C2F89031002022890A4B9A6203F5A03380
:10CE5000186406B010BD00BF004F00B0141C0020C5
:10CE6000008001B8006001B8FFFF0F0000F0FF0F65
:10CE7000000002B8004000B8074BD3F88022D20768
:10CE800007D55B6E002B4FF48043B4BF034A044ABE
:10CE900013650020704700BF00800050002002B8DA
:10CEA000001002B8064B1A6C9207FCD4022240EA2A
:10CEB00001205860034B1A640122034B1A7070471B
:10CEC00000C002B800D002B86121002010B590B1B6
:10CED0000468012C0FD902696AB11168094B102C42
:10CEE000196051685960916888BFD268996094BF91
:10CEF000D960DA6010BD10220021024804F0CAFE99
:10CF0000F8E700BF281F00201B4B2DE9F0410D461C
:10CF100016461C6858B34FF47A7343438A68A3F6E5
:10CF2000AC539B1A4A689B1A144AD8171168144FBD
:10CF3000A1FB033201FB002213F1807342F10002D6
:10CF40005B0E43EAC213803B33620E4BD3F8C4300E
:10CF500073623B6873B120460DF0A4FA50B13246BB
:10CF600029463B68D4F8E400BDE8F04118474AF68A
:10CF7000C873D9E7BDE8F081141C0020381F0020D9
:10CF8000241F0020003F00B0084BC1171A68A2FB05
:10CF9000000302FB013310F1807043F10003400EE7
:10CFA00040EAC310803820EAE0707047381F002044
:10CFB0000722194B70B51A64184B194A1E68194B91
:10CFC000F408E005C0184FEA163141F100010023D2
:10CFD000EFF744FE144B154D18601548FFF7D4FFCA
:10CFE0004042C5F8DC0049F65800FFF7CDFFC5F810
:10CFF000A8001048FEF720FC024660B1E30150088B
:10D0000018184FEA16714FF0000341F10001EFF7D5
:10D0100025FEC5F8B40070BD000002B8A81E0020AF
:10D0200065CD1D00B2E60E00381F0020003F00B0A5
:10D030007011010040420F0048B14FF47A72054B65
:10D04000DB6802FB0030A0F5FA50FFF79DBF47F206
:10D050003050FAE7281F002010B5044698B10B4B5A
:10D06000D3F8FC00FFF732FF4FF47A7303FB04F0B0
:10D07000074BA0F6AC50DA689B681044C01ABDE8B4
:10D080001040FFF781BF4AF6C870F8E7004F00B0C4
:10D09000281F002070B50446084615461E46FFF7B7
:10D0A00015FF002C49D072073DD52069002845D0D6
:10D0B0004FF47A735843264BA0F6AC509B68C01AC5
:10D0C000FFF762FFA862A08B00283AD04FF47A7372
:10D0D00058431F4BA0F6AC509B68C01AFFF754FF93
:10D0E000E8612A461A49E068FFF70EFF0021A069AF
:10D0F000FFF7B2FF6863A06830B34FF47A73584308
:10D10000A0F5FA50FFF740FF6861206840B14FF486
:10D110007A720F4B1B6803F51C53103302FB00306F
:10D12000FFF732FFA861B30707D5204600F054F897
:10D1300028636069FFF780FFE86270BD4AF6C87037
:10D14000BEE74AF6C870C9E747F23050DAE700BFD9
:10D15000281F002070B5064608461C460DF04AFA06
:10D160000546D6F8F00000F011F84368054A002B98
:10D17000A8BF4FF4FA721A44034B601992FBF3F202
:10D18000104470BD0CFEFFFF18FCFFFF40B10368A8
:10D19000012B05D90069034B002808BF18467047CA
:10D1A00000487047B8EB020828B1094881420CBF1B
:10D1B0002F20BC207047074A536F106DC3F3011135
:10D1C0001B0C01FB033300F01F00013018447047B3
:10D1D00048E80100004001B8406840B14FF47A725D
:10D1E000044B1B6803F51C53103302FB0030FFF7A0
:10D1F000CBBE00BF281F002070B588B06D46184C0C
:10D200000FCC0FC594E80F0085E80F00FC22002129
:10D21000144804F03FFD94220021134804F03AFD25
:10D2200020220021114804F035FD0DF04CFA104B7E
:10D230001B783BB16D460A4E0FCD0FC695E80F0027
:10D2400084E80F000C220B490B4804F02EFD0B4B19
:10D250000B4AD3F87831C3F38243D36708B070BD6B
:10D26000E03F00B0703E00B06C3F00B0E04F00B057
:10D270004D210020C8EB0208C83E00B0000002B8F3
:10D28000003F00B0064BD3F8080F064B9B6C1A0109
:10D2900003D4054B9B6E1B0401D500F580707047CD
:10D2A000003000B0000002B8004000B810B50EF029
:10D2B0007AFE0E2104460320FEF79AFE40F2012278
:10D2C000034B2046BDE81040DA620EF067BE00BF97
:10D2D000004000B8064B00201B6893F82430DB099F
:10D2E00002BF0322034BC3F85022FBF7EBBA00BF87
:10D2F000141C0020006001B8012370B5074C237096
:10D30000074B1E68074B3240D3E9005319402840B1
:10D31000FBF784FE0023237070BD00BF692100204D
:10D32000401F0020580D0020024B1879C0F3C000A8
:10D33000704700BF580D002010B50446FEF7CCFC26
:10D3400000F010FF2046FDF727F9FEF74DFCFEF731
:10D3500037F8FEF7ADF8FFF72BFE15490723154AFE
:10D36000D1F8FC1004F58270FFF794FE4FF0807145
:10D370000020FEF781FA4FF000720F4B4FF40011BE
:10D380000120C3F80021FEF777FAFEF717FF20B956
:10D3900040F221121421FAF7DFFF0DF092F901207B
:10D3A000FDF70CFFBDE8104000200DF0B3B900BF41
:10D3B000004F00B0A43F00B000D001B88023074A5E
:10D3C0005364082340B15364054AD2F8D83E23F091
:10D3D0002003C2F8D83E7047024AF4E7001002B8B2
:10D3E000003000B0002002B810B50EF0DCFD0121C5
:10D3F00004460020FFF7E2FF044B1961044B5B6811
:10D4000098472046BDE810400EF0C8BD000002B8A5
:10D41000A8240020F0B583B014460646FFF72CFD83
:10D42000FBF7DAFF00285CD0584B5D6915F0060564
:10D4300057D10EF0B8FD23790095022B054654D143
:10D44000237B022B32D00320FEF770F920B9504B1A
:10D45000DB685B0440F19280A37B277B003B18BF15
:10D460000123A2684B49012F01920B707BD000F081
:10D470006BFE0420FEF74EF80420444E0223716F29
:10D480003A4621F0F85121F4F81141F0506141F48D
:10D49000803171670DEB0001FEF75AF80446B0B118
:10D4A000012030223C493D4B08701A653C4E3368E0
:10D4B00098472128044604D1012100207368984729
:10D4C000002428460EF06AFD204603B0F0BD03207C
:10D4D000FEF720F82846334A334B72671C700EF073
:10D4E0005DFD0E24204603B0F0BD0320FEF71EF9BB
:10D4F000002843D12179D6F80C31012922682FD098
:10D50000D01A0027214B274A00905A679F67637BF8
:10D51000264823F04007002FC3F3801303700CBF8D
:10D52000012300232249234A0B70D2F8D83E214A16
:10D530000CBF43F0200323F02003C2F8D83E0320A1
:10D54000FDF7E8FF114B1C4A03205A676946012387
:10D550002279FDF7FDFF98B10122134B1A706FE796
:10D560009342CED8CCE72379022B80D0009BD6F80B
:10D570000C1100270B441344019378E72846AEE7CB
:10D5800028460EF00BFD2124ACE700BF00C001B817
:10D59000000002B8682100206B210020001002B8B2
:10D5A000A824002000000101652100206621002040
:10D5B00067210020003000B0010C0100F7B50D46D6
:10D5C000002407460EF0EFFC1E4B064620461C705A
:10D5D000FFF7F4FE1C4B1D4A5A679C676879431E8F
:10D5E00058425841FBF7FEFC40F60142164B9A6741
:10D5F0002A792968012AD7F8143101D1994200D338
:10D60000CC1A042303200DEB03010194FDF7A0FFC6
:10D6100048B988220E4B30465A640EF0BFFC2124D4
:10D62000204603B0F0BD0B4D2B68984721280446D7
:10D6300004D1012100206B689847002430460EF089
:10D64000ADFCEDE76521002000C001B8000001013C
:10D65000002002B8A824002038B5164C05462078D2
:10D660004FF42072B0FA80F03E214009FAF774FEC0
:10D6700055B14FF44062104BD3F80831C3F3812306
:10D6800023700E4BC3F8082160784FF42072B0FA73
:10D6900080F03E214009FAF75FFE55B14FF4406239
:10D6A000054BD3F80C31C3F381236370034BC3F8EC
:10D6B0000C2138BD62210020004000B8006000B895
:10D6C000A82238B51C4B5D6C03F500535A64102238
:10D6D0009A60A3F5804302F100521A675A6600F07F
:10D6E00089FF164B1B7813B90320FDF713FF0024A5
:10D6F000134B9C6700F0A4FF124A134BD2F8081F8B
:10D700000B40C2F8083F0422104B5A64104BAA0683
:10D71000C3F8E04009D503F58073D3F89030B3F532
:10D72000817F22BF8022044B1A61FCF72FFB00226D
:10D73000084B1A7038BD00BF000002B865210020F8
:10D7400000C001B8003000B0DF0000FF002002B8C8
:10D75000003E00B0642100200D4A10B5D2F8A03080
:10D76000D2F8A4100B40B3F1804F0CD34FF04040DF
:10D770000849094CC1F8A400D467C1F8A0004FF4CF
:10D780008021064AD161034AC2F8A03010BD00BF13
:10D7900000400050006000500000FF01001002B87F
:10D7A0009D4B2DE9F04F9A6EDB6E87B002EA0308BD
:10D7B0009A4BC3F868804FF03A43D3F81471D3F80A
:10D7C00018311F40964BC3F81471964B9A68DB686A
:10D7D00002EA030A944BC3F808A003F52043DA6970
:10D7E0001B6A02EA0309914B09F47702DA61904B54
:10D7F000D3F80422100705D4D3F8046116F0080604
:10D8000000F0E5800EF0CFFB8A4B5A695E6E02F0A5
:10D81000060BBBF1000218BF01221B6F01921E40D4
:10D82000854A26F0007323F400637107536606D51A
:10D83000824A92F885300133DBB282F885300EF0EF
:10D84000ADFBB8F1000F00F0E38018F400442BD0DA
:10D850000EF0A9FB0146FFF715FD0446784B1D6845
:10D860002A682B689A42FCD02A689A42FCD0FFF7BB
:10D8700009FDA04240F0AD8008460EF08FFB714BD1
:10D880001C60714B5D6C15F4E05B40F0A48024F0EB
:10D890007F4424F0DF040CB9FFF712FF6B4B01202B
:10D8A0001B6898474FF08074002518F0020F12D0C3
:10D8B000654B5E495B6C03F460424A64002A00F0E9
:10D8C0009E801A0400F19E809D0440F19E804FF0DE
:10D8D000006300251C43C8F340384FEA48085C4BFE
:10D8E0003B40002B4BD017F4206F0AD040F2C952B6
:10D8F00006210020FAF730FD002000F0FDFE27F49D
:10D900008027F80506D5FF22484B44F4C0649A608E
:10D91000FFF7CCFC17F0090F0BD040F2DE520821C4
:10D920000020FAF719FD00F0DBFE4FF03A43012228
:10D930005A6317F0106F0CD040F2E7520921002013
:10D94000FAF70AFD00F0CCFE002211461046FCF763
:10D9500027FF17F4202F0AD040F2EF5207210020B2
:10D96000FAF7FAFC002000F0C7FE27F48027F9033D
:10D9700001D5FDF767F8002FB8BF48F008087A070F
:10D980000ED54FF03A431B6B13F4005F4FF4005376
:10D9900017BF234A2F4A136344F4000408BF1363DC
:10D9A0007B0548BF44F0040417F48023029300F081
:10D9B000B980FCF7FDFF013806284DD8DFE810F0EC
:10D9C00073017601730179017C017F017F0101966A
:10D9D00037E7044644E7FFF773FE144BC3F844B03F
:10D9E00015F4805305D115F4806505D04FF080649F
:10D9F0005AE74FF0804457E74FF0805455E74FF017
:10DA0000007366E74FF0004363E74FF0005360E7B1
:10DA10004446454663E700BF004000B8006000B8D8
:10DA2000002000BA004001B8006001B8002002B830
:10DA300000E100E000C001B800E001B8003E00B025
:10DA4000A4E902083C1F0020000002B8BC2400200A
:10DA5000090B0B89001000BA4FF4C46203210020A7
:10DA6000FAF77AFC4FF03A420121D2F88C30D2F822
:10DA7000AC0003F00703063301FA03F3C0F30C0014
:10DA80001B1A9BB2072B12D9994B5B6C58020ED410
:10DA90009848D36CD26E406D58B103F0070306333B
:10DAA0009940C2F30C03C91A89B2092901D844F478
:10DAB0000074914B1B78002B34D04FF03A43D3F8CD
:10DAC000143113F4A02F2DD18C4BDFF86CB21B78DE
:10DAD00083B9F3040ED49BF800305BB18849C4F3DA
:10DAE000C003D1F8081F83F001035B0021FA03F3A0
:10DAF000980717D10420FDF70DFD824B8249596725
:10DB000000F022FB9BF8003043B9804B1B782BB10F
:10DB10007F4B804A1B682340134201D144F4804468
:10DB200026F48056BAF1000F27D01AF4805F18BF90
:10DB300044F480241AF4807F18BF44F400241AF4BB
:10DB4000005F18BF44F010041AF4007F18BF44F0BF
:10DB500020041AF4806F18BF44F040041AF4006FD8
:10DB600018BF44F080041AF0805F06D06A4B002191
:10DB7000186845F48055FBF753FCB9F1000F3DD010
:10DB800019F4802F18BF45F4007519F4803F05D0B3
:10DB9000624B03201B6844F48054984719F4801F9B
:10DBA00018BF44F4003419F4001F18BF44F00204F5
:10DBB00019F4003F18BF44F4801419F4800F18BF03
:10DBC00045F0100519F4002F18D04D4BD3F8D83E6E
:10DBD00013F0C00F12D0464BDA6802F03062B2F197
:10DBE000407F05D19A6CD10602D4DB6C1A076DD543
:10DBF0004FF400224A4B29F40029DA61002E00F08C
:10DC00004B8133051ED54749DFF8F8B091F803A0E2
:10DC1000454ABAF1000F00F091804FF400600AF11C
:10DC2000FF3A50665FFA8AF2CA703AB93F4A1278F0
:10DC3000002A4ED040F601423D4B5A67002213465F
:10DC400014431D43B00009D52E20FDF795FB4FF07E
:10DC50000052354B45F008051A675A66F10608D59B
:10DC60002B20FDF789FB10222F4B45F400151A6776
:10DC70005A6616F0306F40F0A980F20440F100813E
:10DC8000019B002B40F0E080264A1379002B00F026
:10DC90005081013BDBB2137113B9254B254A5A67FA
:10DCA00000231C43ECE044F48034DBE644F40064DD
:10DCB000D8E644F48064D5E644F48074D2E6174B89
:10DCC00002201B6844F008049847CBE644F4001493
:10DCD00094E7DBF8782012F4A05F15BF4FF4807250
:10DCE00040F60142CBF85820CBF87820A6E700BFD9
:10DCF000000002B8004000B86B2100206A2100201B
:10DD0000003000B000C001B8000001016621002011
:10DD1000580D0020088D0100141C0020BC24002098
:10DD2000002002B85321002000E001B86521002046
:10DD300000D001B80000010D672100200320FDF78D
:10DD4000E9FB4FF40061A04A5166DBF8141011F0B2
:10DD5000060126D05046FDF717FDDBF86410DBF80E
:10DD60007030994A0B4013F0100F1FD010232D2054
:10DD700013675366FDF700FB4FF4001A9349944A6A
:10DD8000B1F8823013F4006F1CD023F40063A1F8C3
:10DD90008230137803F0FF025BB14FF40042534628
:10DDA0004EE741F61F705067CBF878104FF0000A2D
:10DDB000E4E70392FDF76CFDFFF782FC039A4AF05B
:10DDC00020033DE713784FF40052E8E7330115D5FF
:10DDD0002920FDF7D1FA7F4B7F49DB6803F48042AD
:10DDE000C3F380330B70FFF79FFA28B17B4B764962
:10DDF0007B484B660367D2B945F00405B00123D5D3
:10DE00000420FDF787FB2720FDF7B6FAFFF758FC43
:10DE10004FF000726C4B5A66724BD3F8082F5206C3
:10DE200070D40222704B9A6045F0020523E00B6724
:10DE300020204B66FDF7A0FA45F400152D2045F093
:10DE40000C05FDF799FAD9E716F0807FDFF89CA161
:10DE500043D00420FDF75EFB2820FDF78DFADAF8A9
:10DE60007830002B35D1FFF72BFC574B5B4A45F040
:10DE700001051A675A66FFF72DFA00225B4B9A6577
:10DE8000B30409D55A4A5379002B00F09880013B1E
:10DE90005371002348EA0308424620462946FFF70B
:10DEA0002BFA029B0BB1FCF7BBFD4FF00042514B2C
:10DEB00007F00437C3F814714F4B19F4002FC3F85F
:10DEC00080211EBF4FF40022474BDA6107B0BDE846
:10DED000F08F0023CAF87830C7E7F104CDD50420CD
:10DEE000FDF718FB454BCAF87430FDF7D1FCDAF8A2
:10DEF000643013F0407FC0D12A20FDF73DFAFFF7D0
:10DF0000DFFB89E7D3F8D83E9B068DD402223C4B39
:10DF10009A603C4B1B6893F82530980784D52B4BAF
:10DF200093F8F430002B3FF47FAF8022294B1A6125
:10DF30007AE70420FDF7EEFA0320FDF7EBFA2B4B0E
:10DF40002E4A5A670EF02FF882460DF11700FEF7A1
:10DF5000C1F82D4B83461B780BB1FFF7A7F9BBF136
:10DF6000030F0ED1DFF86CB00020FEF7B3F80328E2
:10DF700007D1DBF82830D907F6D4DBF84830DA03CC
:10DF8000F2D49DF81730032B06D101221F4B5046C7
:10DF90001A700EF003F883E64FF03A43D3F81431C9
:10DFA00013F4A02FF1D100F0CFF850460DF0F6FF9A
:10DFB000174B03201B6898474FF4804371E60520F8
:10DFC000FDF7A8FA012365E700E001B8003E00B0C4
:10DFD00065210020000002B864210020100000200C
:10DFE00000D001B8003000B0002002B800C001B875
:10DFF00053210020002000BA00E100E000000101F0
:10E00000001002B8141C0020682100206A210020A2
:10E01000BC2400200122024B1A62DA61704700BF63
:10E02000002002B8094A08B5D369116A0B400849B3
:10E0300023F47F00DB07C86106D5D1684FF0FF30BD
:10E04000C1F303610CF048FB08BD00BF000002B83B
:10E05000002002B80C4A08B5936CD26C13400B4AEE
:10E060009364DB070FD50A4B40F67A021878122129
:10E0700000F00100FAF770F9BDE808400022012025
:10E080000021FFF739B908BD00C000B800E000B8B2
:10E09000580D002038B50B4C0B4DD4F88430DB07FD
:10E0A00006D4A36FD4F884201340084A936738BD80
:10E0B000D5F804315A06F0D500F03AFE4023C5F8F1
:10E0C0008431EAE7008001B800E100E000A001B877
:10E0D00008B50DF068FF0E4B1A78A2B90D4A126808
:10E0E00012F4843F0FD10C4A102111651B7863B9DB
:10E0F000084B1B68DB0508D4074B20221A65BDE8D6
:10E1000008400DF04BBF054AEEE7044BF5E700BFB2
:10E110006B210020580D0020002002B8001002B82A
:10E1200010B50DF040FF0E2104460320FDF760FFFF
:10E1300040F20122034B2046BDE81040DA620DF0A8
:10E140002DBF00BF004000B80022044B1A70044BE2
:10E15000197811B11A70FFF7BBBF70476A21002010
:10E160006B21002038B50DF01EFF4FF08043244C8A
:10E170000546C4F88030BFF34F8FBFF36F8F4FF069
:10E180000043C4F88030BFF34F8FBFF36F8F01237C
:10E19000C4F88430BFF34F8FBFF36F8F0223C4F8EE
:10E1A0008430BFF34F8FBFF36F8F0423C4F88430E4
:10E1B000BFF34F8FBFF36F8FFEF7FCFB0823C4F84C
:10E1C0008430BFF34F8FBFF36F8F1023C4F88430B8
:10E1D000BFF34F8FBFF36F8F2023C4F88430BFF39A
:10E1E0004F8FBFF36F8F8023C4F88430BFF34F8FFE
:10E1F000BFF36F8F2846BDE838400DF0CFBE00BF9B
:10E2000000E100E038B50DF0CEFE05464FF080434A
:10E210000B4C23604FF00043236002236360042310
:10E220006360FEF7BFFB0823636010236360202355
:10E230006360802363602846BDE838400DF0AEBEC1
:10E2400000E100E02DE9F047DDF820A003EA010835
:10E25000099B06460D4602EA000703EA0A09BAF1DD
:10E26000000F40F04F81031F0B4300F00F81052882
:10E2700071F1000380F0E58050EA010300F0758140
:10E28000431E0B4300F02581FFF76CFFB84AD2E92B
:10E29000004323EA050324EA06043C4343EA080753
:10E2A000B44BC2E900471E6826EA0A0646EA090698
:10E2B0001E60FFF70DFF14F02A4F0CBF4FF4004310
:10E2C00048F20203AC4AB007D26EAC4848BF43F4F0
:10E2D000005383EA020122EA0302C266A84A0B4005
:10E2E0008166D366C4F380421203210348BF42F41F
:10E2F0008072E30648BF42F40052A24BA50648BF15
:10E3000042F40072600648BF42F480622106D96878
:10E3100048BF42F4006282EA010323F080539A4826
:10E3200019401A40C1608360984B17F4007FDA608F
:10E33000974B07F4007200F0048101224FF480250E
:10E3400083F8A020E30448BF45F48035A00348BF0C
:10E3500045F48015A10748BF45F4001514F4001FCB
:10E36000DFF8688206D0D8F800000CF0D1F908B9BF
:10E3700045F40025E20248BF45F40035FB06854B15
:10E3800048BF45F480051A6A834985EA020323F0F1
:10E3900001031A400A621D40CB61804B16F0010F49
:10E3A0001D627F4B7F4A08BF1A467F4B7D071B6F5C
:10E3B00048BF42F000627D4882EA030123EA02037B
:10E3C00003677B4B0A4041661A677A4A04F00103EF
:10E3D000D16CA0F5803081EA030221EA0301C16417
:10E3E00082641A40744B2002DA64D8F8002048BFD7
:10E3F000724B92F8022158BF714B610748BF43F43A
:10E40000806322B114F4C06F18BF43F480733207E5
:10E410004FF03A42BDE8F047D2F8181148BF43F038
:10E42000004383EA010222F4A02266481140C0F8AA
:10E4300018111340C0F81421634AC2F81831FFF7CD
:10E44000E1BEA0F580630B4306D020F48063A3F502
:10E4500000730B437FF418AF0DF0A5FD4449D1E9DB
:10E46000003223EA060322EA050242EA08023B439D
:10E47000C1E90032554A126892F80211514A09B3B3
:10E4800013F4C06F1ED04FF4807311E00DF08BFDBC
:10E49000374AD2E9003123F004033B4341EA080143
:10E4A00057EA0807C2E900314FF48063454A0BD0B0
:10E4B000C2F81431A2F58052C2F81831BDE8F04715
:10E4C0000DF06CBD4FF48073C2F81831C2F81431EE
:10E4D000F4E70DF068FD264AD2E9003123F001038C
:10E4E0003B4341EA0801C2E900310123384A57EAB7
:10E4F00008071BBF9364A2F58052D364D36408BF9E
:10E500009364DBE750EA01037FF4BEAEBAF1010F7A
:10E510007FF4BAAE0DF047FD164A136823F00103ED
:10E5200043EA090313604FF40053204AB9F1000F86
:10E5300004D05366A2F580521367BFE71367536692
:10E54000BCE793F8A01071B183F8A020214BD3F859
:10E55000A41003F50053C3F8A410C3F8A0104FF0A3
:10E560005023C3F8A4200025ECE6BDE8F08700BFE7
:10E57000580D0020401F0020004000B8006000B887
:10E58000005000B8004001B8006001B8005001B868
:10E59000003F00B0000002B8002002B8001002B82E
:10E5A000041800030438000300C001B800E001B8FB
:10E5B00000D001B800C000B800D000B80D0A0A09A8
:10E5C000090A0A09002000BA001000BA141C002031
:10E5D00000E000B800400050024B186800F0010055
:10E5E000704700BF580D0020014B5879C009704793
:10E5F000580D00200A4B197801F0FF0229B10021C3
:10E60000197008499202C1F80821597801F0FF02F7
:10E6100029B1002159709302024AC2F80C317047A7
:10E6200062210020005000B84FF40062034B5A648E
:10E630004FF40042A3F5E0339A667047001002B829
:10E64000F8B5084C084D636C0423084F6B64636C89
:10E650005B0300D4F8BD042602207E640BF0A7FF04
:10E660006E64F4E7000002B8001002B8002002B89F
:10E6700038B5044671B940B1154BDB6813F0606FD3
:10E6800004D04FF4C062134B9A6538BD124B1B6C1B
:10E69000D907F6D4FFF744FD0D4D0020FDF71AFD14
:10E6A000032801D0092805D1AB6ADA07F5D4AB6C91
:10E6B000DB03F2D4FFF7C4FF0122084B5A610222A8
:10E6C0009A62042203F580535A64002CDDD0D8E707
:10E6D000000002B8006001B800C002B8001002B823
:10E6E00008B503210920FDF783FC2022014B1A61A4
:10E6F00008BD00BF000002B838B505460DF053FC58
:10E700000E4B04461868FCF777F835B1FFF71CFD8F
:10E710002046BDE838400DF041BC094B1B78002B6A
:10E72000F6D0084B1D78002DF2D1FFF70DFD2A46DB
:10E730004FF480400021FEF7DFFDE9E7141C0020C4
:10E740006A210020692100202DE9F84F544B07462B
:10E750000E4615465C6C002A40F0A08004F0A00430
:10E76000003C18BF0124FBF711FBA0234FF0000A67
:10E770004C4A03205364FCF7CDFE0420FCF7CAFE8C
:10E78000DFF84C81FFF7E0FC474B4FF0040BC8F873
:10E790007430C8F878A0FFF753FF444B414AD3F8D0
:10E7A000D81EDFF8FC9041F02001C3F8D81EFF21ED
:10E7B00091604FF48071C9F81010D3F8081F3C48DD
:10E7C0000840C3F8080FC2F844B0C3F8E0AED8F868
:10E7D000143013F0060F04D0FDF75AF85846FCF732
:10E7E00099FE0CB1FFF720FF47B1FFF799FCFFF747
:10E7F00077FF0420FCF78EFEFFF7FCFED9F81430FB
:10E80000D90749D5264AD36813F0706FFBD1254B41
:10E81000284A5A64284AD2F8803023F0F003C2F81C
:10E82000803016B12846FFF767FF244BD3F84C31F0
:10E830005A1C01D05B0002D501221A4B5A615DB30C
:10E840001F4BDA6E03F500539A6603F5D0331B6A4B
:10E85000144A23F00103D3611A4BD96803F500531E
:10E86000996003F50053D3F8841003F500539967BA
:10E870004FF03A43D3F8181103F50053C3F81411BD
:10E88000114BD96C03F500539964104903F580339B
:10E8900059664FF608435364BDE8F88F002462E7D9
:10E8A000000002B8002002B800000101003000B0F2
:10E8B000DF0000FF10003000003F00B00080E00FDC
:10E8C000004000B8004001B800C000B85000002F60
:10E8D00000C001B838B514460D460DF064FB064B78
:10E8E000D3F8D82E54402C405440C3F8D84EBDE83D
:10E8F00038400DF053BB00BF003000B0034BD3F8DD
:10E90000D83E99430CBF012000207047003000B072
:10E91000174BD3F8D82E12F0010312D0154B93F8F1
:10E920006430154A43F08073C2F8D0304FF480133E
:10E9300002F50052C2F8B430A2F58052C2F8B830E5
:10E9400070471106EDD40B4B93F8631021B1D2063A
:10E9500002D593F86030E4E74FF480120020074BB3
:10E960000549C3F8B820C1F8D000C3F8B4207047F7
:10E97000003000B0003F00B0004000B8006000B8B8
:10E9800070B5164E032804460D4633781ED023FA80
:10E9900004F202F0010295421DD053B10122A240BF
:10E9A000A54023EA02032B43DBB233704BB10120B5
:10E9B00070BD2DB10A4B01201B6898473378EDE7F5
:10E9C0003570074B00201B689847F0E79A07DED0A8
:10E9D00003F0FC03E9E7002070BD00BF6D210020BB
:10E9E0007C1F0020F8B505460C460DF0DCFA104FF0
:10E9F00006463B7833B1012D04D01CB90D480DF00B
:10EA000099F83C7021462846FFF7BAFF0A4B0446A6
:10EA10001B783BB93B782BB90BF0F1FC10B1074BDD
:10EA20001B68984730460DF0B9FA2046F8BD00BF84
:10EA30006E210020541F00206D210020A8240020FA
:10EA4000054A0B46117831B100211170034A0121AA
:10EA500052681878104770476E210020A8240020C3
:10EA600038B5074D04462B78834207D0FAF7FAFCF5
:10EA700020462C70BDE83840EDF748B938BD00BFDE
:10EA80006C2100201B4B022910B5187002D00329FD
:10EA900004D010BD184B1B78002BFAD1F9F7A6F95A
:10EAA0000028F6D04FF00052144BC3F88020BFF37B
:10EAB0004F8FBFF36F8FFAF78FFC0028E9D0FAF77A
:10EAC0003DFC0028E5D10E4B1C6834B12368984703
:10EAD000BDE810400020FAF7B9BC0BF01CFA094B56
:10EAE00018600DF087FD084B18602046FAF77CFC93
:10EAF000EEE700BFB72500206C21002000E100E018
:10EB0000641E0020781F0020741F002038B50446C2
:10EB10000D46F9F76BF980B14FF00052124B1A60B5
:10EB2000FAF75AFC48B9012D07D80120FAF78EFCF4
:10EB30000E4B1B6823B15B6898470D4B1C7038BDAA
:10EB40000DF058FD0B4B1A68801A18600DF0A4F8F0
:10EB50004FF47A72084B1B6802FB00300BF0DDF9B2
:10EB60000120FAF741FCE8E700E100E0641E002024
:10EB7000B7250020741F0020781F0020F0B585B055
:10EB80000DF011FA334D04462B7823B132480CF0C6
:10EB9000D1FF002847D10DF05DF802AA03A90BF0C0
:10EBA00018FC0346002837D00BF027FC029B984244
:10EBB0001BD10020294B03991B68294E99423070C4
:10EBC0001FD90027C91A012323482B70254A334631
:10EBD000019700970DF0E6FC68BB234A1378D9072C
:10EBE00001D5317861B3204611E00BF004FC029BA3
:10EBF00098421ED0002318461849194A0968137014
:10EC000003910121FFF7BCFE002320462B700DF07D
:10EC1000C5F9002005B0F0BD20462B700DF0BEF9FF
:10EC2000212005B0F0BD20460DF0B8F90E2005B04A
:10EC3000F0BD0220BEE7032320462F703370F3E7B8
:10EC400003F0FE031370002BCDD1084B1B689847CF
:10EC50002046DCE76E210020541F0020401E0020CB
:10EC6000B625002041EA01086D2100207C1F00200C
:10EC7000114B10B55B6F002403F44073B3F5007FB4
:10EC800004BF02220D4B0E4908BF1A600D4B0E4AFD
:10EC90001C700E4B0E481A600E4A5A60ECF7D8FFF3
:10ECA0000D490E48ECF7D4FF0D4B0E4A1A60EDF7F4
:10ECB0003BF9204610BD00BF00400050401E002020
:10ECC000D4EB02086E2100207DEB0108A82400206F
:10ECD000441F0020E5E90108DCEB02084C1F00207E
:10ECE0007C1F002061EA010802220E4B10B41A6456
:10ECF0000D4AA3F5005314685B687CB1DBB2042BAA
:10ED000007D100220121094B186823465DF8044B06
:10ED10001847052B02D100221146F4E75DF8044B99
:10ED2000704700BF00A009506C1E0020141C00207A
:10ED30000C4B10B51C6C5A6C14400B4A24F00201A9
:10ED40001164E20705D540F2BD1200201968F9F7F9
:10ED500003FBA30704D5BDE810400248FFF7C4BF7A
:10ED600010BD00BF0080095000A009502DE9F84FE8
:10ED70000E46884656F8041B0546144600203246C7
:10ED80001F460BF0D9FCD8F8008040460BF0D5FCAC
:10ED900030B195B9416819B14FEA18630D683DB9B2
:10EDA0000F213B46224640460BF0DFFC0D4617E0A4
:10EDB0004A799A4201D00831F0E7DFF83890DFF85D
:10EDC0003880D9F800B0D8F800A03046C9F8004023
:10EDD000C8F80070A8470025C9F800B0C8F800A01E
:10EDE0002246012052F8041B0BF0A6FC2846BDE881
:10EDF000F88F00BF841F0020801F002070B50C4BCF
:10EE000004020D4604F4E064C0F307211B680C43C0
:10EE1000084A04349C42126807D91D210BF0A5FC56
:10EE20000022134610462B6070BD1060043BF9E7CA
:10EE3000801F0020841F0020094A10B5116851B9B5
:10EE4000B0F5006F09D2041D2046ECF755FE08B955
:10EE5000044B1C6010BD1220FCE72120FAE700BF24
:10EE6000901F00208C1F002010B5054C206818B1A1
:10EE70000DF06FFB002323600022024B1A6010BDCF
:10EE8000901F00208C1F002038B5044608680D46EE
:10EE90000BF05CFD50B9094B1B6800202A68C4E9DF
:10EEA00000531A60064B1B68A36038BD2028FCD1B4
:10EEB000044B1B68002BF0D10920F6E7901F0020BF
:10EEC0008C1F0020881F00202DE9F84F1D460C687C
:10EED00016464FEA042AC4F307230AF4E06A4AEA12
:10EEE000030A1F4B0AEB050B1B680BF104029A4245
:10EEF0000746DDF828802DD80123F20093409D427B
:10EF000028D215B1B8F1000F27D03846FFF7BCFF63
:10EF10008146E0B924F47F4424F0C70444EA1B246A
:10EF20004FEA0B2B7B681FFA8BFB44EA0B0443F878
:10EF3000044B53442DB118462A46414602F0B5FE13
:10EF40000346012E0CBF03F8015C23F8025C48461F
:10EF5000BDE8F88F4FF01D09F9E74FF02209F6E7F9
:10EF60008C1F002038B50446054B00681D684068BA
:10EF7000D4E901231146A8476368988838BD00BFCB
:10EF8000F024002010B5044C23781BB90BF0D3FB00
:10EF90000123237010BD00BF6F210020F7B50F467D
:10EFA0001546064610B9222003B0F0BD00230360C9
:10EFB000002AF8D00F4C226892B91821012001AB29
:10EFC0000192ECF7A1FD0028EED1019B1F702A6988
:10EFD0001D615A606A699A602360019B3360E3E7B0
:10EFE00023681A78BA4203D05A6903F11404E3E79C
:10EFF0002E20D9E7941F0020044A0346106810B160
:10F0000002789A4200D170474069F8E7941F0020C7
:10F01000014B1868704700BF941F0020094A5168CF
:10F02000C84390FAA0F048B1B0FA80F0042805DC9B
:10F03000012383400B43536040B270474FF0FF30D1
:10F04000704700BFC01F00200021034B2822034847
:10F05000C3E9001102F01EBEC01F0020981F00204F
:10F0600038B50546FFF7DAFF04460448294600EBA9
:10F07000C4000BF0DBFC204638BD00BF981F002009
:10F08000C3B2042B10B513D80A4A02EBC00252E8EF
:10F09000003F0B4342E80034002CF8D1012206491E
:10F0A000824051E8003F134341E800300028F8D186
:10F0B00010BD00BF9C1F0020C01F0020F7B5012716
:10F0C0000026184A1849194D106800B30B7807FA42
:10F0D00003F420421DD0E04352E8004F044042E8D0
:10F0E000004CBCF1000FF7D105EBC303043353E828
:10F0F000000F43E80064002CF9D1019048B1087872
:10F1000001AA0B4905EBC0000BF0C8FC012003B0BD
:10F11000F0BD0B78506883422EBF00230133DBB271
:10F120000B70D1E7C01F002070210020981F002025
:10F1300078563412024B1868003818BF0120704707
:10F14000C01F00202DE9F041194D06462B680C46E2
:10F1500013B90020BDE8F0810CF02EFF2F680FB32B
:10F160002A680125D2E904780CF021FF002DF0D0A7
:10F1700057EA080319D056EA04030CD10D4DD5E91E
:10F18000006456EA040306D10B4B1B6898470646F9
:10F190000C46C5E90001BE4274EB08042CBF0120F7
:10F1A0000020D7E7B8463D46DEE70120D2E700BFA2
:10F1B000D81F0020600D0020D01F0020F7B54FF0B1
:10F1C000FF34274605460E460CF0F6FE1A4B1B6828
:10F1D00083B90CF0ECFEB7F1FF3F08BFB4F1FF3F7D
:10F1E00004D054EA070315D10024274620463946A7
:10F1F00003B0F0BD5969DA68019119695B6852186A
:10F20000019941F10001A24271EB070C3CBF144689
:10F210000F46DDE755EA060304D1084B1B68984703
:10F2200005460E46AC4277EB0603DDD3651B67EB64
:10F2300006062C463746D9E7D81F0020D01F0020ED
:10F240002DE9F74FDDF840A00E46DDE90C781546B4
:10F250009DF83CB008B1016891B9BAF1000F07D030
:10F2600029463046D04740F2034003B0BDE8F08F56
:10F27000002DF8D0002EF6DB284603F04FFBF2E716
:10F2800001900CF099FE81465846EEF755FE044673
:10F2900048460CF08CFE019A9CB9BAF1000F08D0D8
:10F2A00029463046D04703203146EEF7C7FD1A20E5
:10F2B000DBE7002DF7D0002EF5DB284603F02EFB10
:10F2C000F1E70E9BC4E90678E3600023636057EA28
:10F2D0000803A6602562226084F824B0C4F828A040
:10F2E00001D10E9B33B1184B1B689847C0190746D4
:10F2F00048EB01080CF060FE002205461349C4E902
:10F3000004780B682BB1D3E904AB574578EB0B00BD
:10F3100011D2A2B90B680C6063600D4B1C682CB154
:10F32000094B1B689847FFF749FFA04728460CF098
:10F330003EFE002099E758681A460346E2E7536804
:10F3400063605460E9E700BFD01F0020D81F002091
:10F35000C81F00202DE9F74F4FF0000881460D46E9
:10F3600092461E460CF028FE4746DFF874B0019026
:10F37000DBF8004084B9B8F1000F07D0174B1C68C8
:10F3800024B100200021FFF719FFA047019803B026
:10F39000BDE8F04F0CF00BBE22684A4511D12DB1EB
:10F3A000A268296822F000428A420AD126B962681E
:10F3B00057B9CBF8002008E05146206AB047002832
:10F3C000F5D027466468D5E77A60D4F804802046F3
:10F3D0000BF0D8FA44464FF00108CBE7C81F0020D5
:10F3E000D81F0020014B1860704700BFC81F0020C5
:10F3F00070B50E46094904460846154602F082F8E3
:10F400000023074A30211360064A05201660064A89
:10F4100015602246BDE87040EEF720BD10290308B4
:10F42000D81F0020D01F0020CC1F002070B504463C
:10F43000164618460022002386B0CDE904230B4B64
:10F440000D461B6813B9212006B070BD04A998476A
:10F450000028F8D1DDE904230290CDE900232946F4
:10F46000324620460BF0C8FAEEE700BFCC1F002062
:10F47000F8B5054610200F461646EEF7C7FD0446C0
:10F4800001461022074802F042F844B1012300204F
:10F49000E3602B68C4E9017623602C60F8BD1A2074
:10F4A000FCE700BF1029030800200021014BC3E93D
:10F4B00000017047600D00202DE9F04706460D461B
:10F4C0004FF0000950EA010318BF2B4BDFF8B4805E
:10F4D00018BFC3E90001294F30462946FFF732FE25
:10F4E000C0B9B9F1000F45D00CF066FD002104460B
:10F4F0000020FFF763FEB1F1FF3F08BFB0F1FF3F0F
:10F5000003D01F4B1B6803B198472046BDE8F04766
:10F510000CF04DBD0CF050FDD8F8004014B16368FC
:10F52000C8F800300CF043FD3C60002CD4D0A36838
:10F5300033F0004307D138680BF024FA00234FF072
:10F5400001093B60C8E72368002BF4D01868002845
:10F55000F1D0A26832F00043EDD0D0E9009A236ADE
:10F5600021688068D0470028E5D1B9F1000FE2D0CA
:10F570004846EEE7BDE8F087600D0020D41F00206C
:10F58000C81F0020D81F0020F8B504460D460CF017
:10F5900013FD094B1B684BB1D3E90667C4E900674B
:10F5A000DB682B60BDE8F8400CF001BD00260027A9
:10F5B000C4E90067F5E700BFD41F002010B5064C72
:10F5C000237823B9E7F7ECFD18B901232370002055
:10F5D00010BD40F20740FBE77121002038B50A4B0F
:10F5E00005461B780C463BB908490948FFF7E6FF7A
:10F5F00010B140F2074038BD2946204600F084FA99
:10F600000028F8D0F5E700BF71210020EFBEADDE85
:10F61000BEBAFECA704708B5EEF720FEBDE8084046
:10F62000EEF762BEF8F74ABAF8F792B930B500249F
:10F6300085B0054601A8CDE901440394E7F748F8F1
:10F640002046029B2B6005B030BD2D2070477047CF
:10F650000F2070477FB54FF000639E6A044606F1A5
:10F660007843B3F5C04F0D460CD201A8E7F730F848
:10F67000039B5B0506D529462046336C04B0BDE8E4
:10F680007040184704B070BD1FB54FF000639B6A0F
:10F6900003F17842B2F5C04F04D340F2011005B037
:10F6A0005DF804FB1B6B03F17843B3F5C04FF4D254
:10F6B00001238DF80430002301A8CDE90233E7F7D8
:10F6C00007F8039BDB03E8D5029B1A0EE5D0012A5D
:10F6D00003D1C3F307430A2BDFD94FF000639B6AC2
:10F6E0001B6B1B6C9847DAE713B5044601A9684603
:10F6F000E7F76AF940B12CB1009802B0BDE81040BC
:10F70000E7F710B90198F8E702B010BD2DE9F04F06
:10F710000124002785B0054601A8CDE902778DF8C0
:10F720000440E6F7D5FF039B5B0203D4002005B03D
:10F73000BDE8F08F6B1E012BF8D8684601A9E7F7EA
:10F7400043F980460028F1D0DDE900B95846E7F7D3
:10F750000DF982464846E7F709F90646BAF1000F67
:10F7600007D1C8B946462A4621463046E7F766F92A
:10F77000DDE7BBF8044090B90134A4B2002CF2D10B
:10F780000120FFF7B1FF0028D0D02046FFF7ACFFE3
:10F790000028CBD00124E6E7B9F80440ECE7B9F83B
:10F7A0000430A3422DBF013301343E469CB238BF22
:10F7B000A4B2E3E710B5044608B1E7F791F9204693
:10F7C000BDE810400CF0C9BE00F4E040B0F5805F29
:10F7D00004D0A0F5005358425841704701207047AB
:10F7E0003AB1002918BF00232121D21A184402F08F
:10F7F00051BA704741F2052398421AD8B0F5905F8C
:10F8000009D241F2010398420CD0B0F5885F09D0CB
:10F810006FF0850070472923A0F5905080B2C34057
:10F82000DB07F5D511F0070F14BF6FF0860000203D
:10F830007047B0F5105FEBD121F04003802B06D06C
:10F84000B1F5807F14BF6FF0860000207047002064
:10F85000704770B5046A05460E463CB9012001F0B8
:10F86000B4FF286228B120466E6270BD6FF08A0036
:10F87000FBE76FF08C00F8E72DE9F041089E884621
:10F880001F460488FAB12046FFF79EFFD8B13168C1
:10F8900009B9D10031602046FFF7ACFF044678B9C2
:10F8A000CD1DB2EBD50F11D1069B9A4211D841461E
:10F8B000384602F0FAF93368079A0733DB08136019
:10F8C0002046BDE8F0816FF08504F9E76FF086040B
:10F8D000F6E76FF08904F3E710B50446006A10B14B
:10F8E000616AFFF767FF0020C4E9080010BD38B562
:10F8F0000446FFF7F1FF237E012B0FD0023B012BC3
:10F900000FD8E369012B14BF6FF09605002528225C
:10F910000021204602F0BEF9284638BDE369002BDD
:10F92000F1E76FF09605F2E713B5A0B101A9E7F78B
:10F9300017FD80B90198037E022B0ED103230376B5
:10F940000379FF2B0CBF6FF08404002400F0B0FAA1
:10F95000002808BF204602B010BD6FF09604F5E7FE
:10F960002DE9F3410C461946002366680B603046CA
:10F970001746D4F8148000F0B2FA054688B930462C
:10F9800000F0AFFA054660B9F6B276B9B8F1000FEB
:10F9900005D1A06820F47F4020F0030060B16FF033
:10F9A0008605284602B0BDE8F0810146606900F096
:10F9B0006EFA0028EDD1F2E74FF6F87362889A42AA
:10F9C00019D894F80480B8F1000F00D101A8394685
:10F9D000E7F780FC05460028E3D10FCC3F683E46A0
:10F9E0000FC694E8030086E80300B8F1000FD8D1F1
:10F9F000019B7B61D5E76FF08505D2E708B1FFF782
:10FA000076BF704710B50446006858B104280AD084
:10FA100005280DD06FF0860000232360A3886FF3C4
:10FA20000803A38010BD04F1080001F0DBFAF3E73E
:10FA300004F1080001F07FFAEEE70123E7F706BBC7
:10FA400038B505462B68D3B112B90024204638BD1D
:10FA5000042B07D0052B0DD06FF086042846FFF746
:10FA6000D1FFF3E705F10800EAF790FC044600280F
:10FA7000EBD0F3E705F1080001F038FAF6E76FF094
:10FA80008804E3E72DE9F041054600680F46164675
:10FA9000984668B36A79D2072AD52A7942B3B24226
:10FAA00029D8042808D005281DD06FF0860400232B
:10FAB000C8F800602B7106E005F10800EAF79CFC2D
:10FAC00004460028F3D137B1324621463846D8F8EB
:10FAD0000030FFF785FE2846FFF794FF002C18BF83
:10FAE0002046BDE8F08105F1080001F012FAE7E7D1
:10FAF0006FF08804DBE76FF08904D8E703681943E7
:10FB0000B1FA81F040097047E7F700B908B50088FD
:10FB1000DDE90221FFF758FE20B1BDE8084010469C
:10FB2000E7F7F4B86FF0850008BD2DE9F04F1E46E9
:10FB300000238BB0149FCDE907333B604388814697
:10FB40000D469046002B00F0DC80038803F4E04370
:10FB5000B3F5804F00F0D58031462846FFF7CEFF41
:10FB6000002800F0CE804946012008AB07AAFFF725
:10FB7000F7FE0446002840F08B80079B5B6AA3B128
:10FB8000DDF81C90CA46D9F80430D9F820B01B0A19
:10FB90005AF8242F00F08180012B00F0A6806FF02E
:10FBA00086040798FFF798FE72E0D9F804301A0A25
:10FBB00067D1B9F800A0B9F802105046FFF704FE6B
:10FBC00080B15046FFF716FE0446002860D10AF4C3
:10FBD000E043B3F5805F02D0B3F5005F0FD107318A
:10FBE000CA081CE00AF44F43B3F5824F04D10AF46B
:10FBF000E043B3F5E04F07D06FF0850448E00AF426
:10FC00004F43B3F5844FEAD047F201039A450FD131
:10FC100049080131C90801EBC10101F13B02099218
:10FC200009990798FFF715FE04460028A8D02FE091
:10FC300044F201039A4503D1C90801F11002EEE72D
:10FC400047F202039A4505D1C90801EB410101F1D0
:10FC50005A02E4E744F202039A4505D1C90801EBD0
:10FC6000410101F14A02DAE72AF0FF00B0F5E24F64
:10FC7000B5D0B0F5824F01BFCC1DE4086400621C12
:10FC8000CDE7484609A900F043F804460028C7D04C
:10FC9000DDE90701FFF7B2FE2FE0B9F800305B04A1
:10FCA0000BD4CDE9012A3346424629464846CDF8D1
:10FCB00000B0FFF72BFF04460AE05346594648467A
:10FCC000059201F0DDF810F1860F0446059AE8D0A0
:10FCD000079B002C7FF465AF5A693A601A7E012AAF
:10FCE00009D03C606FF09604D2E753465946484627
:10FCF00001F015F8DFE702221A7620460BB0BDE8C6
:10FD0000F08F6FF08604F8E71822002101F0C2BFDF
:10FD100010B544680288240A438806D0012C56D0C6
:10FD200000236FF086000B6022E002F4E040B0F5A3
:10FD3000805F02D0B0F5005F05D10733DB0840D10A
:10FD40006FF0850014E002F44F40B0F5844F03D10A
:10FD50000733DB0853B9F3E747F20100824208D1C9
:10FD60005B080133DB0803EBC3033B3300200B606C
:10FD700010BD44F20100824202D1DB081033F5E7E6
:10FD800047F20200824204D1DB0803EB43035A33FB
:10FD9000ECE744F20200824204D1DB0803EB4303A8
:10FDA0004A33E3E722F0FF02B2F5E24FD0D0B2F5DA
:10FDB000824FC5D10733DB085B000133012BD5D15E
:10FDC000BEE722F0FF02B2F5824FF7D0CEE702F491
:10FDD000E044B4F5805F03F1070002D0B4F5005FA2
:10FDE00008D1C308002B4AD022F0FF04B4F5824F9B
:10FDF00043D00EE002F44F44B4F5844FF1D047F203
:10FE00000104A24215D15B080133DB0803EBC303F5
:10FE10003B33033310F0180F23F0030301D10728FD
:10FE200005D122F0FF02B2F5824F08BF04332C3314
:10FE30009CE744F20104A24202D1DB081033E8E758
:10FE400047F20204A24204D1DB0803EB43035A3316
:10FE5000DFE744F20204A24204D1DB0803EB4303D0
:10FE60004A33D6E722F0FF03B3F5E24FB9D0B3F53A
:10FE7000824F04D1C3085B000133012B05D122F06E
:10FE8000FF04B4F5824F0B68C3D1013BC1E70346C1
:10FE90006FF040420846591E914207D338B103F132
:10FEA000404393428CBF00200120704701207047DF
:10FEB000034668B1017E8A1E012A0BD80329C26954
:10FEC00003D1012A01D1FFF712BD1AB1013ADA615B
:10FED000002070476FF096007047FFF7E9BF0020E1
:10FEE0007047C0B2002814BF6FF085000020704733
:10FEF0007047704770B5002506462C46052C16D86D
:10FF0000DFE804F0031E0B0D0F115B210820013404
:10FF1000E7F7C0FB112CF1D170BDD121F6E78021AC
:10FF2000F4E70021F2E76B1C2946DDB2EEE7A4F10D
:10FF30000E03012B06D9102C06D0B31F195DE5E77F
:10FF40000C21E3E75A21E1E75D21DFE7012307B553
:10FF500020F07F4040EA8170019068460093FFF7EF
:10FF6000C9FF03B05DF804FB00230360704703681A
:10FF70000B6001607047036813B90B600160704744
:10FF80001846F8E70346006818B102681A600023B3
:10FF900003607047036803B970478B4204D10B6854
:10FFA000036000230B6070471846F3E7E7F754BA85
:10FFB000FEE700239A4200D1704710B550F8234065
:10FFC00041F8234001339A42F8D110BD436803B190
:10FFD000184722207047436903B11847FF20704734
:10FFE000C36803B118477047036903B118477047E6
:10FFF00037B50D680C46AB88ADF804302B78022B72
:020000040802F0
:100000000CD00DF1030101A800F095F89DF8033024
:10001000204683F001032B70ECF7CEFB03B030BD1C
:1000200003681878704713B50468A388ADF80430E6
:100030002378022B15D00DF1030101A800F07BF805
:10004000A2799DF80330012A13D1618843EA410364
:100050004FF6E07163F03F039BB28B4203D12270F5
:10006000638002B010BD4FF6DF729342F8D10022D8
:10007000F5E7002AF5D183F001032370F1E7036867
:100080001A78022A03D100225A80E7F763BA704730
:1000900010B504682378022B07D0A379022B02D174
:1000A0006079E7F7BBFB0223237010BD4FF060427D
:1000B0000123D2F8001E83400B430020C2F8003E0B
:1000C00070474FF060410122D1F8003E824023EAA0
:1000D00002030020C1F8003E7047F8B50E461746EF
:1000E000044660B10BF068FF05463A4631462046AB
:1000F000E9F780F928460BF05AFF0020F8BD2220CE
:10010000FCE738B50D46044698B191B10BF054FFA9
:1001100030222378534303F1A04303F570331B6C63
:100120006278D34003F001032B700BF040FF0020F6
:1001300038BD2220FCE738B50D46044698B191B190
:100140000BF03AFF30222378534303F1A04303F529
:1001500070335B6C6278D34003F001032B700BF0BB
:1001600026FF002038BD2220FCE7D0E90003184715
:10017000836800681847C3680068184707B50378A4
:100180008DF8043043788DF80530837801A823B9C1
:10019000E7F7ECFA03B05DF804FBE7F7D7FAF9E705
:1001A00007B503788DF8043043788DF805308378EF
:1001B00001A823B9E7F7CAFA03B05DF804FBE7F733
:1001C000D5FAF9E707B503788DF80430437801A82C
:1001D0008DF805300AF02EFD03B05DF804FB13B571
:1001E000044603780DF103018DF80430437801A82B
:1001F0008DF80530FFF785FFA3789DF80300002BED
:1002000008BF80F0010002B010BD70B5054614466D
:100210000E460BF0C8FE2B685C4034405C402C60FE
:10022000BDE870400BF0BABE08B50AF097FCBDE817
:1002300008400021E7F762BE0029CCBF0121002160
:10024000E7F75CBE02214FF42070E8F751BA70471F
:100250007047704770477047436D0B42FCD1704741
:1002600008B54368DA0714D58368DB0702D503694C
:10027000D90707D50A2350218363FFF7EDFF836C6D
:100280009A07FCD1012200F500535A6043689B078E
:10029000FCD408BD38B50A46044619B9BDE8384053
:1002A000FFF7DEBF012100F58053596002F00F0512
:1002B00040F6FF71FFF7D0FF78218563FFF7CCFF91
:1002C00002F00103520748BF43F00203A26C02F0A0
:1002D00003029A42FAD138BD836C5B06FCD54164B7
:1002E000704700231A46E8F7DFBDFFF7FABF70B585
:1002F000054614460E460BF056FE2B685C40344013
:100300005C402C60BDE870400BF048BE0346142BE7
:10031000084613D004D8012B17D0122B0ED07047EB
:10032000242B02D8202B02D87047322B0DD1012864
:100330000BD8DFE800F0090101207047022803D044
:10034000032808BF01207047002070473AB122F00F
:10035000030202F1A04202F5603209B91060704751
:100360000002FBE74368DB0702D5436D0B42F9D17E
:10037000704708B540F6FF71FFF7F4FF012300F561
:100380008052536008BD4368012B04BF00F5005044
:100390004360704743689B07FCD4704708B540F63C
:1003A000FF71FFF7DFFF012300F58052936308BD63
:1003B00008B540F6FF71FFF7D5FF022300F5805224
:1003C000936308BD08B540F6FF71FFF7CBFF042328
:1003D00000F58052936308BD08B540F6FF71FFF742
:1003E000C1FF082300F58052936308BD836C836CC2
:1003F0001B0600D47047C36BF9E74FF48072836C1F
:1004000000F580539A63836C9B01FCD47047836C26
:100410005A06FCD54164836C1B06FCD5C06B80B2C8
:100420007047B0FBF1F00138704770B505461446CF
:100430000E460BF0B8FD2B685C4034405C402C60ED
:10044000BDE870400BF0AABD30B50022044600F0B4
:10045000FC05A31803F00303581921FA00F3DB0786
:1004600004D50132042AF4D14FF0FF3030BD0378B7
:100470002BB94078053818BF4FF0FF307047012B7B
:1004800009D14378012B19D0032B08BF042018BFD2
:100490004FF0FF307047022B07D1437883B1052B13
:1004A00010D0072B08BF0820F1E7032B0CD14378AD
:1004B000022B0CD0052B08BF0A20E8E70320704769
:1004C00006207047072070474FF0FF307047092023
:1004D00070470B781B0683604A788B7843EA0243A7
:1004E0008361FF2383620023836303644FF0FF3340
:1004F00000F50050036570472DE9F0410E460127D5
:100500001446054698468F400BF056FDB30022680E
:1005100003F1A04303F588235A60302202FB0656FC
:10052000637B3366E27AA37A120542EA0342237BB5
:1005300042EA435228F00303F26533672279A37934
:1005400043EA024305F5005293616379E27942EA96
:10055000034205F580539A61227A02B11F64627AE0
:1005600002B19F6305F5005534352F60BDE8F041B9
:100570000BF01DBD012303FA01F1BFF35F8F00F5FE
:10058000005300F580505963816470473AB122F0FE
:10059000030202F1A04202F5603209B9106070470F
:1005A0000002FBE770470020704708B10BF073BDF5
:1005B0002120704710B508B9212010BD0029FBD0BB
:1005C000036813F0704205D1C3F30E030B60B3B19F
:1005D0000020F2E703F05044B4F1004F05D0B2F12F
:1005E000304F02D0B2F1404FE6D18268D20404D538
:1005F000C369002BE0D01B68E8E7DBB2E6E743689D
:10060000002BD9D00B60E3E737B50C46054610B98F
:10061000212003B030BD0029FAD0002301A90193A5
:10062000FFF7C8FF0028F3D1296811F0704102D10B
:10063000019B2360EDE7AA68B1F1204FC2F380333C
:10064000C2F34035C2F3003217D00ED8B1F1004FDB
:10065000DED152B2002A18BF062203EB450308BFC1
:1006600000221344019A5343E3E7B1F1304F02D023
:10067000B1F1404FCCD12B44F4E752B2002A18BF5D
:1006800005222B44EBE72DE9F7430D4690461F4624
:100690000646E8B1E1B10468D1F800904C451BD0A2
:1006A00004F03043B3F1004F12D184EA0903B3F1EF
:1006B000805F3CD2002301A90193FFF77BFF38B98B
:1006C000019AC2F30E02144349EA02039C422ED05F
:1006D000212003B0BDE8F08314F0704427D4B4F1B6
:1006E000805F29D00023694630460093FFF762FF00
:1006F0000028EDD1019001A92846FFF75BFF0028F3
:10070000E6D1DDE900239A42E3D0E1E70023B8F126
:10071000000F06D043F48053B268A9684A401A42D9
:10072000D6D1002FDED0AB689B04DBD4D0E7002FFE
:10073000ECD14FF4C043EAE7002BF4D1B8F1000F3D
:10074000D0D04FF4C043E7E7F7B50C460546002884
:1007500000F0BF80002900F0BC8000230B6003681C
:1007600003F070430B60C268032A00F2B280012AD2
:100770006AD812B143F000632360AA68900166D47E
:1007800002F08072EB6813B9002A40F0A28023685F
:1007900023F0407313432360EA68022A08D12A69D0
:1007A000032A00F2968023F47F0343EA0243236086
:1007B000EB68032B04D12B69F62B40F28A80A370DF
:1007C000AB68190442BF236843F400432360EB681D
:1007D000032B1FBF23682A6862F30E0323602A6875
:1007E000AB6802F07042B2F1805F03F4805703F40B
:1007F000806634D213F4F84F6BD10023284601A948
:100800000193FFF7D7FE002863D12B6813F07041E6
:100810004ED12368019A62F30E03236097B1EA690F
:10082000002A56D0B1F1004F55D1117F19B116B140
:1008300043F400732360537F23B11EB1236843F454
:100840008073236003B0F0BD43F0806394E702F04F
:100850004072B2F1407F18BF4FF0007292E75A0425
:1008600003F400511DD4002933D0226842F4005211
:1008700022601B0542BF236843F4006323601FB15D
:10088000236843F4805323602B6803F07043B3F173
:10089000404FB2D0002EB0D0236843F48063236071
:1008A000ABE7226842F4804222600029E1D0DCE715
:1008B00003F05043B3F1004F05D0B1F1304F02D0F7
:1008C000B1F1404F05D1019B5A1E236862F3070323
:1008D000A3E72120B6E70F20B4E773B50C46054621
:1008E00008B921201BE00029FBD00123C6684B601A
:1008F0009E4218D8002301A90193FFF785FE002826
:10090000EFD1019B06B11C336A699A4209D32A6967
:10091000002AE6D0226043F000530020A36002B01A
:1009200070BD1D20FBE7023E012EDAD80023F4E75C
:100930002DE9F0410D46044698B018B9212018B0B1
:10094000BDE8F0810029F9D04FF000730360002367
:1009500015A94360036283602846FFF7F5FE00286F
:10096000EDD1204615990BF0A0FBAB68DB043CD51C
:100970002B68002B50DA4FF00108EE6969463768A2
:1009800073682046CDF804800093029700F093F836
:10099000B368204603A9CDF810800393059700F0B3
:1009A0008AF8F368204606A9CDF81C8006930897BC
:1009B00000F081F83369204609A9CDF82880099311
:1009C0000B9700F078F8736920460CA9CDF83480B5
:1009D0000C930E9700F06FF8B36920460FA9CDF87D
:1009E00040800F93119700F066F8284612A9E9F7A6
:1009F0007FF90028A2D1204600F05DF8284615A90D
:100A0000FFF76BFF00289AD1204615A90BF073FB66
:100A100020460AF095F992E70F2090E770B50E4650
:100A2000154604468AB010B921200AB070BD0029CD
:100A3000FAD0002AF8D00023012229463046FFF7D9
:100A400022FE0028F0D1F368002BEDD1EA68013ACC
:100A5000012AE9D84FF08072636028462260A360C3
:100A6000236207A9FFF770FE0028DED12046079910
:100A70000BF01BFB304601A9FFF72FFF0028D4D154
:100A8000204601A900F017F8284604A9E9F730F933
:100A90000028C9D1204600F00EF8284607A9FFF724
:100AA0001CFF0028C1D1204607A90BF024FB2046DB
:100AB0000AF046F9B9E7436882B013B9416002B061
:100AC000704743680193019B5B68012B019B01D137
:100AD0005960F4E75B68F5E7FFF765BD01207047F3
:100AE0000020704708B5FFF75EFD002814BF6FF0C7
:100AF0009200002008BDFFF7F5BFF0B51C460023AB
:100B00008BB023600F461646FFF74DFD70B968465F
:100B10000BF0C1FA054648B9324639466846E8F74F
:100B2000CBFF10B926600BB0F0BD25606FF09200CE
:100B3000F9E720F0FF03B3F5824F06D14138C0B288
:100B4000012894BF0020012070470020704710B595
:100B50000024436814601B0A04D0012B09D06FF0F5
:100B6000850010BD0088FFF7E4FF084410600020F6
:100B7000F7E72C311160FAE738B50A460C46002138
:100B8000054601F087F838BD406810B5000A029CA0
:100B900004D0012808D06FF08B0010BD93420CD810
:100BA000C4E904120020F8E703F12C00904204D8B5
:100BB00010311C3321616361F4E76FF08C00ECE7C6
:100BC000F0B50B46C168044601298DB002D0002063
:100BD0000DB0F0BD2B2A02D86FF08900F8E713F0B2
:100BE00003071A460DD001AD03F1280C2E461068FC
:100BF0005168083203C662453546F7D1106801AA2C
:100C000030600121118000215180216851606168AC
:100C10009160A168D160002FD9D001AA0BAD144614
:100C200003CCAC4218605960224603F10803F6D1A8
:100C300020682C21186001A8FFF79EFFC7E72DE967
:100C4000F0470F4690469A46054694B090B189B158
:100C500082B14288D31D072B4FEAD3095CD00388A9
:100C600003F4E043B3F5805F02D0B3F5005F04D135
:100C7000530705D06FF0860424E0B3F5804F4BD0C6
:100C800002AE20220021304601F004F832464946E7
:100C90002846E9F7FBF80446A0B94B4642463946D8
:100CA00028460096FFF770FF044658B928220146EF
:100CB0000DEB020000F0EEFF0AA80BF0ECF928B1F2
:100CC0006FF09204204614B0BDE8F08731460AA8C0
:100CD000FFF72EFE58B1482814BF6FF092046FF052
:100CE00085040AA8FFF761FC0028EBD0E8E76B68F1
:100CF0001B0A012B06D0524649462846FFF727FF1C
:100D00000446EEE7424639463046FFF759FF0028D1
:100D1000F1D06FF08904E4E76FF08504D2E7FFF7C4
:100D20008EBF2DE9F04F9FB01546DDE928AB0F4689
:100D3000994606462A9A002800F09C80002B00F075
:100D40009980BAF1000F00F09580002900F09280A0
:100D5000002D00F08F80BBF1000F00F08B80002A87
:100D600000F088800023B0F80080CBF8003008F451
:100D70004F41EB00B1F5824F13605ED15FFA88F10D
:100D800012290DD128F0FF01B1F5824F02BF083BB7
:100D90005B081360B3F5047F04BF40F209231360BE
:100DA00000232A4603933946304603ABE8F7C2FFD7
:100DB000044600283DD1039C40460734E408FFF771
:100DC000B8FE08B1013D01370DF1100820220021C5
:100DD0004046039400F05EFF214642463046E9F764
:100DE00055F8044628BBC6460DF1300CBEE80F008E
:100DF000ACE80F009EE80F008CE80F00EB1C2146CA
:100E000023F00303282214A8CDE90F47119300F023
:100E100041FF2B46524649463046CDF80080FFF749
:100E2000B3FE044628B914A80BF035F938B16FF0B9
:100E3000920420461FB0BDE8F08F2C46C4E742461E
:100E40000CA914A8FFF7EAFD88B952464946404666
:100E5000FFF7B6FE88B95A4629463046FFF777FEB7
:100E6000044614A8FFF7A1FB0028E2D0DFE76FF0EB
:100E70009204F6E76FF08604DBE76FF08904D8E7A9
:100E800010B4048804F4E044B4F5805F06D0B4F5EF
:100E9000005F03D05DF8044BFFF7D1BE6FF0850013
:100EA0005DF8044B7047F8B51E4603880F4603F4FF
:100EB0004F43B3F5824F154610D1089BE8F73AFF30
:100EC000044648B9069B9D420BD82A46394630460F
:100ED00000F0EBFE079B1D602046F8BD6FF0850417
:100EE000FAE76FF08904F7E7E9F714BA10B413468C
:100EF0000C46014640B104B932B9224601F1600006
:100F00005DF8044BE9F768B96FF086005DF8044BB3
:100F1000704713B50C46014650B14CB142B13BB1DC
:100F20000093603013462246E9F792F902B010BDF3
:100F30006FF08600FAE738B5044630B198250021F5
:100F40002A4600F0A7FE002038BD6FF08600FBE7C0
:100F5000F8B50E4614461D46074600283DD0E1B3BD
:100F600002B9D3BB5C220021384600F093FE314623
:100F70003846069AE9F70CF9A0B97288D208182AFF
:100F8000BA6510D0202A1BD0102A26D10F2D24D9C3
:100F900007F1380304F1100254F8041B944243F89B
:100FA000041BF9D1F8BD172D17D907F1380304F147
:100FB000180254F8041B944243F8041BF9D1F1E7DA
:100FC0001F2D0AD907F1380304F1200254F8041B3D
:100FD000944243F8041BF9D1E4E76FF08600E1E79F
:100FE000FFF7B6BF38B5044630B15C2500212A466C
:100FF00000F050FE002038BD6FF08600FBE708B51A
:101000000BF0F3F8002008BD00F005B809B1E9F7CE
:101010002FBA2220704700207047E9F773BA0A46BA
:101020000021E9F72DBC0268C1F10801936823F0A3
:10103000F85343EA016393607047E9F7C1BDE9F7EC
:10104000FBBDE6F7E9B940B2E9F728BE70B50C463A
:10105000154610B9E9F79AFE38B143682BB12A4614
:101060002146BDE8704000681847232070BDF7B5E1
:101070000D4616461C4638B9E9F788FE04B901AC9E
:1010800020B9232003B0F0BD03B901ACC768002F1D
:10109000F7D02346324629460068B847F2E7F8B54C
:1010A0000E461746054690B9E9F770FE0446054618
:1010B00030463946ECF7FEF8AC42064602D02046F0
:1010C000E9F758FE002ED4BF37200020F8BDE9F71D
:1010D0005DFE85420446EBD02846E9F74BFEE7E784
:1010E0000EB403B503AA52F8041B0192FFF7D7FF11
:1010F00002B05DF804EB03B07047D0F8A4301B6871
:101100009A6C120643BFDB6B00200B701B207047EC
:10111000D0F8A43001221B6819B103F580531A6579
:10112000704703F500531A65DA64704708B5D0F8C4
:10113000A4301868FFF7D0F8002008BD0068D0F888
:10114000A4301B68DA6CD20708D5012103F50052E0
:10115000D1649B6C9B0601D500F0AFB970470020AD
:101160007047FEE74FF4005300204B6070470120AA
:1011700070470020704707B5002001AB0190FFF7D2
:1011800076FF0198002808BF4FF0FF3003B05DF8EC
:1011900004FB10B514460020FFF758FF204610BD91
:1011A00080F89910704790F89900704790F8960071
:1011B000704710B50446EAF73DF938B1236DD4E91C
:1011C00012020244934218BF184610BD3022237DFC
:1011D000534303F1A04303F58023DB6EEFE792F85E
:1011E000543037B5144633B1936D0BB1D06D984779
:1011F000002384F8543094F89A301BB32046EAF761
:1012000019F9F8B1236E132120465B689847102521
:10121000236E20461B680DF10701984778B99DF8A9
:10122000073003F0FD02112A05D1A3F11102534248
:10123000534184F8A030013D15F0FF05E8D1204668
:10124000EAF75AF9002084F8540003B030BD90F852
:10125000943070B505460C46C3B10B69B3F5006F09
:1012600016D80AF0A9FE95F88C30064665614BB198
:10127000214605F19000FEF77EFE30460AF097FE0B
:10128000002070BD2046EAF7C5F9F6E70E20F8E722
:101290002120F6E70023506910B5903000F8043C97
:1012A0001446FEF76FFE08B1EAF7B4F963681BB1A4
:1012B00000212046A2689847002010BD2DE9F04784
:1012C00090F8949004460D461646B9F1000F40F090
:1012D000828090F899800AF06FFE94F89530074666
:1012E00033B194F898301BB184F895900BF063F803
:1012F00038460AF05CFE2E44B54205D1236E01212A
:1013000020469B68984750E094F89A30002B3DD0D7
:10131000207DE9F7ABFE2046EAF7AAF80746207DD4
:10132000E9F7C0FE97BB0AF047FE0746207DE9F7C4
:101330009DFE2046FFF73DFFA26C00F1FF3991456D
:1013400038BFE36C94F854A038BF03F1FF33207D1D
:1013500038BF02EB0309E9F7A5FEBAF1000F12D17D
:101360004B46D4F89C1099420BD013F80129112A4E
:1013700001D0132A1CD1A2F111035A425A4184F818
:10138000A020C4F89C9038460AF011FE94F8A030D2
:10139000002BB9D0B8F1000F12D1236E20465B6844
:1013A00015F8011B98470028A6D00020BDE8F0875B
:1013B000A26C9A4282BFE36C03F1FF339B18D2E721
:1013C0002B780A2BE9D1236E0D2120465B689847C4
:1013D0000028E2D0E9E70E20E8E7F8B504460D461C
:1013E0000AF0EAFD94F8963006466DB13BB994F8E0
:1013F000983023B10AF0DFFF012384F8963030469D
:10140000BDE8F8400AF0D3BD002BF8D00AF0CBFDC0
:1014100007462946012009F0C7FF38460AF0BEFDFD
:1014200084F89650EBE738B548B1002405680AF017
:10143000C3FDC5E916440AF0BAFD204638BD222096
:10144000FCE770B50468054694F8946086BBFFF726
:10145000EAFFE9F79BFC854202D13046E9F78AFCB6
:10146000236E93F91000E9F777FC236E93F91000CF
:10147000E9F744FC236E93F91100E9F76DFC236E44
:1014800093F91100E9F73AFC207D09F095FE207DE3
:10149000E9F7C8FCE9F7ACFC0023C5E90033C5E96E
:1014A0000533EB60236E2046BDE87040DB681847CB
:1014B0000F2070BD0068EAF71FB82DE9F04104461F
:1014C0000AF07AFD94F89530054603F0FF08A3B9B9
:1014D0000127236E41469B682046984784F8957003
:1014E0000AF061FD06464146384609F05DFF304688
:1014F0000AF054FD022384F8A1302846BDE8F041EB
:101500000AF055BD0E2070470E2070477047704797
:101510007047F8B50C468D18073552421540A5F1B5
:1015200008070646384600F060F9A0883B1B618832
:1015300000EBE30080B2A1EBE30125F8040C25F8F1
:10154000061CA188DA10D1B1A4EBC101B1F802C028
:10155000C88002EB0C004880E188B9B18A1A92B2C7
:1015600004EBC10125F8022C8A80A2888AB9B268EE
:101570001344F268B360934288BFF3600EE015F83D
:10158000081C41F0020105F8081CE5E725F8021CDB
:10159000EBE7A4EBC2042278D207E8D43846F8BDC2
:1015A0002DE9F04F17464FF0000887B07A1C109ACB
:1015B000054614BF3C460824CDF81480002A00F0EC
:1015C000CA80C2F80080002900F0C78042688A42C1
:1015D00040F2C380073103F0010A21F007060AF048
:1015E000EBFC05AACDE9008281463A4653463146D6
:1015F000284600F0FEF8059F834607B130B94846FB
:101600000AF0D5FC192007B0BDE8F08FB7F80280CA
:1016100029694FEAC802C0EBC8080139B8F1270FA1
:1016200029617DD9BAF1000F54D1864206F108082C
:101630004BD0224639462846FFF76BFF04460590FB
:10164000A044404600F0D1F8059906F10F004A8801
:10165000C308A2EBD002A8F80220CA88A8F8043078
:10166000002A34D0D31A9BB201EBC202A8F806308C
:1016700093808B88F608A380B8F804303A46E3805C
:10168000414600232846668000F01AF9AB68EA68F4
:1016900008339342AB6088BFEB60237843F00103CB
:1016A00023702B6901332B616288AB68083403EB2C
:1016B000C203EA68AB60934288BFEB60109B484668
:1016C0001C600AF074FC00209DE73C46B8E7A8F8CF
:1016D0000620CEE707EB08042046039200F085F8C9
:1016E0000BF10703DB080599638008F10703DB08AA
:1016F000A380CB8893B1DB00039AD81D821A5A4489
:10170000C2F3CF020B44E2809A80A38808F1FF382D
:101710004FEAD808A1F80280CB80B7E7E380F4E76E
:10172000BAF1000F1BD007F10803B3FBF4F204FB7E
:101730001233B3B1224639462846FFF7EAFE044683
:1017400023783A4643F001032370214601232846BB
:1017500000F0B6F8A8E7222055E7212053E786429B
:10176000E8D13C46ECE707B500224FF0FF3101AB72
:101770000192EAF7B3F9019803B05DF804FB07B5ED
:10178000009313464FF0FF32FFF70AFF03B05DF8F6
:1017900004FB70B5049E15461A4696B100233360CB
:1017A0008DB181B14D4333462946FFF7E8FF04462A
:1017B00028B9306818B12A46214600F06BFA204655
:1017C00070BD2224FBE72124F9E707B5002201AB15
:1017D0000192EAF799F9019803B05DF804FB084615
:1017E000FFF7C1BF08460AF0B8BE0023036043609C
:1017F0007047F0B5D0E90554561C08BF0822002BED
:101800004FF0000008BF2C46069F3860002C38D0EF
:101810009DF814606588F60006EBC505C2F1000C62
:101820002078C00708D523BBE08898B104EBC0043A
:10183000658806EBC505F3E78D42F4D35BB904F187
:101840000800B0FBF2FE02FB1E00C0B10844A84233
:10185000EAD83C60F0BD082A11D06088013004EB62
:10186000C000A0EB010E0EEA0C0EA0EB0E008542AC
:10187000EFD2A0880028EDD0A4EBC004D8E708463A
:10188000E7E72046E6E703460069C0B10AB951B967
:101890001A6810460378DB0711D531B9C3885BB1EC
:1018A00000EBC300F6E79A69F3E7012904D18388C6
:1018B00023B1A0EBC300EDE7002070471846704746
:1018C0002DE9F041D0E90554074688461646ABB1EC
:1018D000954200D00ABB424600213846FFF7D3FFAD
:1018E000B442054600D02EB9424601213846FFF7E2
:1018F000CAFF0446C7E90554BDE8F081954208D007
:101900008D4228BF0D46B44205D0444538BF4446F9
:10191000F0E70D46F7E74446ECE79442EAD1E3E707
:1019200038B51C46C3E900010023C4E90500C4E939
:101930000233236122776362FFF757FF236901397E
:10194000C908013341802361A368E26808339342E8
:101950004FF00000A36088BFE36038BD08B5EAF728
:1019600065F908BD002307B5684600938DF804307B
:10197000E7F7A8F803B05DF804FB10B50AF013FB15
:10198000044609F0AFFC2046BDE810400AF006BB53
:101990004FF4C870EAF7E2B970477047704708B56E
:1019A00000F087F800F096F800F0A1F8FFF7F6FFD6
:1019B00000F0B6F8BDE8084000F0C3B808B5EAF793
:1019C00073F8FEF7EFFDFFF7E7FFE9F77BF9E8F7BC
:1019D000B7FEFFF722FBEAF7ADFAEAF761F9EAF79B
:1019E000CBF8FFF7DAFF00F007F800F071F8BDE878
:1019F0000840FFF7D4BF704708B500F055F800F075
:101A000054F800F053F800F053F8FFF7F4FF08BD66
:101A100008B500F098F800F097F800F096F8BDE8E7
:101A2000084000F094B800F000B807B513200DF19D
:101A30000601FFF7EBFABDF8060003B05DF804FB02
:101A400007B500210846E8F791FE08B112280BD12E
:101A500000200DF10701FFF7E2FA28B94FF0FF303F
:101A60009DF8071008F06DF903B05DF804FB10B5A0
:101A700004460A2108F016FA40F6E441204608F030
:101A800013FA002010BDFF207047F6F739BE08F0AA
:101A900010BB10B50446EAF7C7FF2046EAF76CFC16
:101AA00010BD01207047704770477047E4F71ABDBA
:101AB000704708B5E4F738FDFFF7A6FAFFF7BDFA5F
:101AC000E4F726FDE4F702FFBDE80840EAF7FEBEB2
:101AD000EAF7BABE08B5E5F777FDE5F71BFEEAF7CA
:101AE0008FFFEAF79BFFBDE80840E5F781BC08B52A
:101AF000FDF7AEFDE8F7BCFFE9F792FCFEF7ECFF5F
:101B0000E5F74EFBFEF74FFDFEF7EAFFFFF777FA2A
:101B10000AF06BFBEAF75AFFBDE80840EAF7DEBEC1
:101B200008B5EAF7E1FAEAF7C9FAFFF789FFEAF739
:101B300073FBFFF7AAFFEAF77FFBBDE80840FDF75C
:101B400071BDE5F723BC70477047EAF7A5BE704743
:101B5000EAF74ABF08B5FFF731FFEAF7B1FBFFF735
:101B600057FFEAF7B3FB09F083FCF8E72DE9F843E8
:101B70000746884614460026D4E90195B9F10109C3
:101B800005D52468002CF7D13046BDE8F883AB8931
:101B9000012B07D9B5F90E30013303D02946384659
:101BA000C04706436835E9E770B50C46B1F90E1039
:101BB00096B0154600291E460ADAA18911F0800167
:101BC00013D14FF48062002031602A6016B070BDDE
:101BD0006A46EBF7ADFB0028EFDB019901F4704199
:101BE000A1F5005359425941EBE700214022EAE7B1
:101BF0008B8973B59E0705460C4607D504F147034C
:101C0000236023610123636102B070BD01AB6A46AA
:101C1000FFF7CAFF009E28463146FFF7E0FDB4F902
:101C20000C3038B99A05EFD423F0030343F00203D4
:101C3000A381E3E743F080032060A381019BC4E913
:101C40000406002BE0D0B4F90E102846EBF73CFB5D
:101C50000028D9D0A38923F0030343F00103A38113
:101C6000D2E7884210B501EB020402D98442234630
:101C700007D8431EA14207D011F8012B03F8012F0A
:101C8000F8E70244824200D110BD13F8011D02F8AA
:101C9000011DF7E702440346934200D1704703F861
:101CA000011BF9E77047704770470A44431E914291
:101CB00000D1704710B511F8014B914203F8014F64
:101CC000F9D110BD9368013B002B10B4936008DA82
:101CD0009469A34201DB0A2903D15DF8044B00F0AB
:101CE000F8B81368581C1060084619705DF8044B6A
:101CF0007047F8B506460F461446D518AC4201D1D8
:101D0000002007E03A4614F8011B3046FFF7DAFFDF
:101D1000431CF3D1F8BD2DE9F047164698468A6872
:101D200007460B690C46DDF820909342B8BF134676
:101D3000336091F843200AB1013333602368990678
:101D400042BF336802333360256815F0060506D1BB
:101D500004F1190AE36832689B1AAB422BDC94F851
:101D600043302268003B18BF0123920630D404F1AF
:101D7000430241463846C847013023D023681A340D
:101D800054F80A2C03F00603042B0ABF54F80E5C27
:101D9000002533684FF0000608BFED1A54F8123CD6
:101DA00008BF25EAE5759342C4BF9B1AED18B542FA
:101DB0001AD1002008E00123524641463846C84760
:101DC000013003D14FF0FF30BDE8F0870135C1E7A6
:101DD000E1185A1C30200233224481F8430094F861
:101DE000451082F84310C2E7012322464146384697
:101DF000C8470130E6D00136D9E738B50B6905464A
:101E00000C4613B90025284638BD18B1036A0BB932
:101E1000EBF738FAB4F90C30002BF3D0626ED00730
:101E200004D4990502D4A06DFFF73DFF2846214652
:101E3000EBF7D0FC636E0546DA07E4D4A3899B0573
:101E4000E1D4A06DFFF730FFDDE710B50C46B1F926
:101E50000E10EBF7A5FD0028ABBF636DA3891B181F
:101E600023F48053ACBF6365A38110BD2DE9F0411D
:101E70001F468B8905460C46DB05164605D5022311
:101E80000022B1F90E10EBF779FDA3893246B4F9BF
:101E90000E10284623F48053A3813B46BDE8F04151
:101EA000EBF790BD10B50C46B1F90E10EBF766FDDF
:101EB000421CB4F90C3015BF606523F4805343F421
:101EC0008053A38118BFA38110BDB1F90E10EBF7A9
:101ED0008BBDF8B50E461446054618B1036A0BB91A
:101EE000EBF7D0F9A369A360A3891A0701D5236989
:101EF00043B921462846EBF7EDFC18B14FF0FF3708
:101F00003846F8BD2368F6B222693746981A6369E5
:101F1000834205DC21462846FFF76FFF0028EDD1FC
:101F2000A368013BA36023685A1C22601E70431CF7
:101F300062699A4204D0A389DB07E1D50A2EDFD17A
:101F400021462846FFF759FF0028D9D0D6E7C9B265
:101F50000346024410B59342184601D1002003E025
:101F6000047801338C42F6D110BDF7B5044614F461
:101F7000004C4FF6FF7608BFFF2620F40040050214
:101F800005F4E065C0F306209E42019145EA000594
:101F900004F0380E0846897904D201A800F0B4F99B
:101FA00000271AE06FF30F044EF0800EEE1844EA9B
:101FB0000E0444EA162436020C31B6B247183443F4
:101FC0004450391D2944BCF1000F09D021F8023CCE
:101FD0001146EBF719FD0028E2D1384603B0F0BDF9
:101FE00001F8013CF4E770B504460E4615680A4650
:101FF0000021FFF74FFE25F40045204621223146FF
:1020000000F0D3F8290A04312046C9B200F053F990
:10201000A3791C44E56070BD026810B501F00400AE
:1020200022F40044C2F306220021043240F02900C9
:1020300000F04FFB10B183790344DC6010BD034610
:10204000002200681A600179EBF7DEBC10B50021B0
:10205000FFF7E2FF044608B9002010BD0179EBF755
:10206000D3FC0028F8D1A3790C33E018F5E72DE96B
:10207000F0411746056801F0040125F400452C02E3
:1020800004F4E064C5F306252C4306461A460434DE
:1020900041F0290507B18BB13B462146284600F0A7
:1020A000EBFB804650B1E1B200F078F93B462A469E
:1020B00041463068BDE8F041FFF757BF0020BDE85A
:1020C000F0812DE9F341002401F004010668074680
:1020D00041F02905106829461460019000F01EF9AE
:1020E000019800F0A0F926F40046310201F4E06105
:1020F000C6F30626314380460122043101A800F0D0
:10210000B9FA30B101A800F0FFF8204602B0BDE8EE
:10211000F08143462A4601993868FFF726FFF5E724
:1021200008B5FCF775FF08B1C3681BB1003818BFCC
:10213000012008BD4069F6E72DE9F04788461646BC
:1021400058B352B3EBF7A8FC074640B3B14600259D
:10215000BA469AF806109AF807403F68641AE4B243
:10216000444584BF4446012544B10C3148462246CB
:102170005144FFF79AFDA144A8EB04085046EBF741
:10218000EBFC002FE4D165B93246022052F8041B63
:1021900008F0D2FA2846BDE8F0872220FBE71B2092
:1021A000F9E71E20F7E77047704738B514460A462E
:1021B00000210546FFF76EFD042324F01C0444F0C3
:1021C00010042C716B7138BD2DE9F74F1F469DF837
:1021D0003030894683460193002850D0002966D0CC
:1021E0000D68002D65D04FF0000AEC79A979641ACA
:1021F000E4B2BC4207D30C31394458462944E41BAD
:102200000BEB020836E02868AA463F1B002836D0B0
:102210000546EAE70619464588BFA8EB00042246B2
:1022200088BF4646FFF741FD019B002B3CD0A879B3
:10223000E4B23FBB2044A871E979AA79914233D135
:10224000D9F800202F68AA4208BFC9F80070BAF177
:10225000000F01D0CAF800702846EBF77DFC67B18B
:10226000BA79FC7902F10C013D4639443046002729
:10227000A41AE4B24045CDD30646A6EB0B0003B04A
:10228000BDE8F08FEA793919121AD2B2914207DA11
:102290000C302844D21B0144121B3844FFF7E1FCE8
:1022A000EA79121BEA71C7E7AA462F68D7E7084602
:1022B000E5E72846E3E710B5C4790246C4F14503D3
:1022C000D8B2884228BF08460444D47110BD38B53E
:1022D0000546C079C0F14504E4B2944288BFD4B247
:1022E0000C3022462844FFF7E0FCEB7920462344DB
:1022F000EB7138BD1FB503910021009103A9FFF7D1
:1023000063FF05B05DF804FB38B50446206800B9EA
:1023100038BD0568EBF720FC2560F7E7034601F0C0
:10232000EC0103B970471A79834202F0130242EAC2
:1023300001021A715A790CBF42F0010202F0FE024A
:102340005A711B68EDE710B578B1026872B90023C5
:1023500009E0194603600B68002BF8D05C79E407AC
:10236000F7D500240C600360104610BD1146F2E75B
:1023700020B1006810B14379DB07FAD570470346F6
:1023800058B10020DA7999791B68521A50FA82F014
:102390001BB15A79D207F5D57047704770B50D4615
:1023A0000446E8B186798E4203D3751A85710120FF
:1023B00070BDC27906F145039B1ADBB299420FD872
:1023C00006F10C010144921BA81BD2B20844FFF78E
:1023D00048FC0023A371E3791D44AD1BE571E6E7DA
:1023E0000020E5E710B50C4698B191B18979E27902
:1023F000C379521AC3F14503D2B2DBB2934208D378
:102400000C312144FFF763FF2046EBF7A5FB0120C9
:1024100010BD0020FCE70346006818B102681A608E
:102420000023036070470346002003B97047DA7940
:1024300099791B68521A50FA82F0F6E703680BB9D3
:10244000016070471A461B68002BFBD11160704772
:10245000036803B10B600160704739B10B461A463F
:102460001B68002BFBD1036813600160704770B5D7
:10247000046806460D4644B12046FFF7D4FFA84243
:1024800011D8236813B9E379A37170BD2046336076
:10249000EBF762FB3468F4E7ED1A236820463360FB
:1024A000EBF75AFB3468002DEFD0A279E3799B1A41
:1024B000DBB2AB42F0D92A44A271E6E7F8B5066870
:1024C00005460C4646B13046FFF7ADFFA0421DD889
:1024D000336813B9F379B371F8BD30462B60EBF76D
:1024E0003BFB2E68F4E7064638460768002FFAD112
:1024F000C2798379D31ADBB2A34202D9121BC2710B
:10250000EAE7E41AEBF728FB3EB13760002CE3D092
:1025100028680028E0D00026E7E72E60F6E7F8B547
:1025200004460F46BC4200D1F8BDA179E5796D1A89
:10253000EDB2C5F14506B6B20EB92468F2E749B16D
:102540000C312A46214404F10C00FFF78AFB0023DA
:10255000E571A3712368BB42EFD05A79D207ECD45E
:102560009979DD79A0796D1AEDB2B54228BF35466B
:10257000E2790C3010440C312A4619442044FFF70C
:1025800094FBE379206853FA85F3E3718379761B32
:1025900053FA85F5C379EDB2AB42B6B2857103D17A
:1025A00003682360EBF7D8FA002ED3D1C5E738B51E
:1025B0000C46016809B9046038BD0D460968002958
:1025C000FBD1236823B12046FFF7A9FF2C60F3E776
:1025D00021462846FFF706FF0028EDD1F6E738B17F
:1025E0000023027903604360836004230271437116
:1025F000704700221146EBF72DBB38B504460D4657
:10260000FFF7CCFEA8B994B12079FFF7F2FF68B1CB
:1026100004606279437992074CBF43F0020303F0F0
:10262000FD03437145235D1BC371857138BD0120D6
:10263000EBE72046FAE738B5036804460D46ABB130
:102640001879FFF7D6FF98B1226843790260527972
:1026500092074CBF43F0020303F0FD03437145238F
:102660005D1BC37185712060002038BD0120E8E743
:102670001920FAE770B50C461646054628B30068DF
:1026800018B309B9002070BD0AB145291FD8E1B2BD
:10269000FFF784FE0028F5D11EB92B689A799E7148
:1026A000A41A442C08D8002CECD02846E1B2FFF73D
:1026B000C2FF0028E6D004E045212846FFF7BBFF13
:1026C00008B11920DFE7453CEBE72220DBE72120BA
:1026D000D9E75318452B02DCC9B2EBF7BBBA00208F
:1026E0007047F7B5002605460F4601960DB9019CC7
:1026F00009E0002238461146EBF7ACFA044628B947
:1027000001A8FFF701FE204603B0F0BDA979437987
:102710008171EA7923F00303C2716879521A00F0DB
:102720000300034301F10C0063712918D2B2204465
:10273000FFF7BBFA019B03B9019406B1346026464A
:102740002D68D3E72DE9F74F0C4690460746002841
:1027500052D0002C53D0E279A579521BD2B29A42C2
:1027600007D9C2460C351D442544BAF1000F0ED1DD
:102770003EE024689B1AECE7254634E0002C39D073
:10278000002238791146EBF765FA386007468CB3BA
:1027900087B3E679F8790C362644761B56453346DE
:1027A00028BF5346C0F1450B5FFA8BFB5B4599464A
:1027B00028BFD9460C304A46294638440193FFF7D2
:1027C00074FAFA794E454A44019BFA714D44AAEBDA
:1027D000090A08D12468002CCED0A579E279AA4252
:1027E000F8D00C3525445B45BFD3BAF1000FC5D1F5
:1027F0004FF0000AA8EB0A0003B0BDE8F08F2046B6
:10280000FAE72DE9F8430E461546074680B389B32B
:102810005AB30446E279A3799A4202D1A146A84666
:1028200011E02368002BF9D0D9799A799142F5D03B
:102830001C46EFE72AB9B9793879EBF70BFA02466B
:1028400088B1A1461446424631462046FFF73FFD77
:102850004C4518BFC9F80040A8EB000822680644A0
:10286000B8F1000FE6D1A5EB08052846BDE8F883CE
:102870000546FAE70D46F8E7452937B515461C46E3
:1028800011DC0022C9B2EBF7E5F9019040B1224614
:102890002946FFF7B6FF844202D901A8FFF734FDAD
:1028A000019803B030BD0020FBE738B51546C9B22A
:1028B000FFF795FE81712944C17138BD0B6803B1E2
:1028C0001868086010B14379DB0703D5003818BFDA
:1028D000012070470068F4E70B6813B90860012015
:1028E00070471868086020B1407900F0010080F05E
:1028F0000100704713B500240246019438B1104618
:1029000001A9FFF7E9FF28B9002C18BF224610469D
:1029100002B010BD019CF2E7EBF778BB09F01DBED9
:102920002DE9F0410E460746EBF7F8FE836830606C
:10293000D90703D400242046BDE8F08100224321BA
:10294000EFF7E4FA0578044605F00F05032D90F83B
:1029500001800DD1BB8A9A060CD4BB8A9B0702D496
:10296000B8F1250FE6D8032DE5D0052DE3D0E1E73A
:10297000052DF2D13068ECF7E1FB0028EDD1D9E765
:10298000838A9B0602D5084602F0ACBA704702F073
:10299000A9BA41773120EFF777BB56280CBF012346
:1029A000022331204B77EFF76FBB08B5EBF7B0FF91
:1029B000BDE808403120EFF767BB38B500F12C05C2
:1029C0000446284602F048FA50B194F8203013F03B
:1029D000180F05D02846BDE83840002102F052BA51
:1029E000A06A38BD2DE9F84390F823300546012B45
:1029F0000E4602D90020BDE8F88390F82030D907B0
:102A000058BF86F00106002E4AD1077EFFF7D5FF9A
:102A100002F01CFB0378417807F1FF389A0601F1B8
:102A200002015FFA88F80BD5B8F1010F08D8012F21
:102A300014BF04240824837803F01F0304EBC306A7
:102A4000384602F039FA95F8213081465B0754BFC9
:102A5000022195F82510384648BF0231B8F1010F20
:102A60009DBF013189B24FF0A0084FF0000802F07D
:102A700023FA0746EC68EBF7D1FFA4F59673A3EBB6
:102A800009039B1BDB1BA3EB08031B1A002BB1DD07
:102A900095F8210000F00C00003818BF0120AAE7CB
:102AA0000120A8E738B504462C3002F0D5F994F897
:102AB000213001288CBF43F0080303F0F70384F8AA
:102AC00021302046FFF779FF054602F0BFFA94F85F
:102AD0002030228CC3F38001C3F340039B0043EA00
:102AE000C10394F8211042F40052C1F3C00143EA3B
:102AF0000113017842F0080201F023010B43037037
:102B0000437803B122842846BDE8384002F0A3BAD6
:102B10005328F8B50C4615D009D8232800F0EA80D0
:102B2000512800F0C880BDE8F840FFF73EBF5628A6
:102B3000F9D191F82030DA075CBF23F0100381F857
:102B40002030F0E7EBF7EAFD054600220221EFF71F
:102B5000DDF9AB680646D80735D494F82330013345
:102B600084F8233094F82630013384F82630002688
:102B700001212046FFF736FF0746C0B194F8203008
:102B8000D80740F1818094F8213059077CD404F1B2
:102B90002C0002F061F9012894BF002301235800A2
:102BA00094F82210EBF724FD2046FFF77BFF284620
:102BB000EBF7EEFD032E69D1284602F093F92B7B4B
:102BC00084F8273064E0002394F8212084F823302F
:102BD00042F0100384F82130317894F82030C1F3AA
:102BE0008001C3F38000814218D083F0040343F0D6
:102BF000100184F8201042F05002090784F82120C7
:102C00000CD523F0080343F0100304F12C0084F8E2
:102C1000203002F03FF93320EFF736FA327894F89B
:102C20002030C2F3C001C3F34003994228D194F885
:102C30002130D2064CBF43F0040303F0FB0384F8B9
:102C400021307378B3B994F8203083F0020384F80C
:102C50002030327897078AD072789AB143F02003F7
:102C600084F8203094F82130032643F0200384F8C0
:102C700021307DE72846ECF761FA0028E3D176E7BA
:102C8000012675E7022673E7022089E7002E96D118
:102C900094F82130DA070AD494F8202043F0010395
:102CA000D60748BF6A6884F8213048BF2260002FE9
:102CB0003FF439AFF8BD91F82030084623F03003D7
:102CC00081F8203091F8213043F0020381F821305F
:102CD000FFF773FE02F0BAF900212046FFF782FEEB
:102CE00000283FF420AF94F822100120BDE8F840FE
:102CF000EBF794BC91F82030DD06DBD518070BD438
:102D00006568EBF78BFE2D1AB5F57A7FD2DB20468E
:102D1000BDE8F840FFF7C6BE91F821301907EFD59E
:102D200004F12C0002F098F80128E9D9C2E7EFF786
:102D300075BE0A2802D80130C0B27047242801D8D5
:102D40000230F9E7252805D0262805D0272818BF06
:102D5000FF207047002070470C20704708B5EFF740
:102D600063FE20B1BDE808402020EBF78FBF08BD0F
:102D700070477047704770478B691847002070474D
:102D8000704770474FF00000704700207047704751
:102D900070470020704700207047002070470020D7
:102DA0007047002070474FF0FF3070477047704702
:102DB0000020704700207047704770477047704789
:102DC000704770477047F5F771BCF5F777BCF5F7BA
:102DD0008FBCE6F709BA704708B5EBF7F1FA18B1FE
:102DE000BDE80840EBF7C8BF08BD2DE9F8430E6AFF
:102DF00005460C461EB106600020BDE8F883088B2E
:102E00004B8B18440A3080B2EBF798FB286090B3E4
:102E10002046EBF7BDFCD5F800800A2198F8067033
:102E20004046FFF748FA0C37A37B08EB070989F8FF
:102E30000730637B314689F80630628B238B20464E
:102E40001344A9F80830237B4FF6FF7289F8053048
:102E5000636848F807302B68EBF7CCFC238B628B58
:102E60001344984201D12660C6E72B681BB128465F
:102E7000EBF728FB2E601920BFE710461946704774
:102E800037B50C4605460DF1060101A8ECF736F8FA
:102E900043F6FF739C420DD047F6FF739C4209D066
:102EA000BDF904309C42B8BF1C46BDF906309C42B7
:102EB000A8BF1C46AC8103B030BD704770470020EE
:102EC00070470020704770471120704700207047FE
:102ED0000020704770477047704701238371D31CEF
:102EE000C3714379417343F00303827343717047A5
:102EF00000207047002070477047704700207047DF
:102F0000704770474FF0FF307047002070477047A0
:102F10007047002070474FF0FF3070471120704716
:102F20000020704701207047002070470020704744
:102F3000002070477047002070477047002070479E
:102F4000002070477047704700207047002070478E
:102F50007047704700207047704770B515461A1DBE
:102F60000E46D2B20E21FFF7B8FF83790C33184416
:102F70000123A0F803608370457170BD38B5044625
:102F80000D46FF21FFF7A9FF83791C44A57338BDC7
:102F900038B504460D463E21FFF79FFF83791C4458
:102FA000A57338BD70B50E4615460F210422FFF7F4
:102FB00094FF83790C33184401238680C370857095
:102FC00070BDFFF78ABF10B504460023FFF7C5FFA9
:102FD0002046BDE81040ECF7F5B82DE9F0418046F9
:102FE00002200F4616461D46FFF703FB044688B134
:102FF0000C210822FFF771FF83790B441C449DF8D4
:103000001830A4F803806771E6802581A370ECF77F
:10301000D9F80120BDE8F081F8B504460F46164600
:10302000132109221D46FFF7B3FF83790C331C449B
:103030001323E770A37026712B68C4F80530AB88A2
:10304000A4F80930BDE8F840ECF7BCB870B5054607
:1030500002200E46FFF7CDFA0446B8B12846EDF738
:10306000EBFD01F0E4F900F0010004221421A0605E
:103070002046FFF78DFF1422A3790C3323449A7066
:10308000A3F803505E71ECF79DF8012070BD08B500
:1030900006F00BFE08BD2DE9F041074602200D4663
:1030A00090461E46FFF7A5FA0446E0B10922212109
:1030B000FFF76EFF0A2283790C331C44BDF91830E8
:1030C00084F8038093FBF2F323729DF81C30A780F1
:1030D0006372BDF92030A67193FBF2F3E571A37220
:1030E000ECF770F80120BDE8F08100F0F2B970470C
:1030F000704738B5044602F0DFFB054658B9C820D2
:10310000EBF716FFC82202212846EBF7AFFF8442F7
:10311000A8BF044624B22046EBF70AFF02F0CCFB1E
:10312000BDE83840C8220221EBF7A0BFB0F900206B
:10313000B1F900302DE9F3479A4204460D464BDCC5
:1031400008F03AFF8046EDF7D5FF002841D1EBF7B4
:10315000A1FF824602F0B0FBC8220221EBF786FFF6
:103160000DF10601814601A8EBF7C8FE47F6FF7393
:10317000B5F900209A4204BFBDF806202A80B4F9B0
:1031800000209A4204BFBDF804302380B5F9000046
:10319000FFF7AFFF0746B4F90000B842C4BF384696
:1031A0002780EBF715FF02F0D0FF064660B15046CE
:1031B000EBF70EFF4846EBF7BBFE404608F0F7FE84
:1031C000304602B0BDE8F087EBF764FF20802F8027
:1031D000F3E741F20C06F0E72126F1E730B190FA6F
:1031E000A0F00123B0FA80F08340D8B2704770B5E8
:1031F000064601F022F9C0F3801484F001040206AF
:103200000546E4B206D40821304601F0AEFD44EA9A
:103210004004E4B2EB0506D40B21304601F0A5FDD5
:1032200044EA8004E4B2204670BD4B1E032B10B567
:103230000C4601D8032902D10023184610BDFFF720
:10324000D6FF04EA00038443F6D1F6E72DE9F743FD
:10325000044688461646019301F0EFF8C0F3401586
:10326000204601F066FB21468146284601F0D6F84B
:10327000074606B32046EDF7F7FC8046204601F0EE
:103280005BFB32460146019B1FFA88F0ECF79CF885
:103290002146284603F0E1FB2021204601F0D3F827
:1032A00057E8003F43F4805347E80032002AF7D143
:1032B00003B0BDE8F08301A8FFF726F899F80110E4
:1032C000404601F00F0101F0EBFD2A46062814BF2D
:1032D00001463146204601F0DEFAD9E7032970B5F0
:1032E00006460D4614460CD0042919D0012915D1E3
:1032F000222101F0E7F82846314603F0DEFB0020EA
:1033000070BD136812791B680021FFF79FFF002230
:103310002368314601201A6003F0CFFB0120EFE75C
:1033200013680C221B68EFE7012910B504460CD185
:1033300001F083F82146C0F3401001F06FF800233C
:10334000817C1A462046FFF781FF012010BD2DE940
:10335000F7430F46054601F070F800F02009C0F36E
:103360004018284601F0E5FABB7900780C333B445D
:103370005E789B7800EA10101E403040FFF72EFF69
:10338000044648B9B9F1000F06D12846FFF72FFFD0
:103390003040FFF723FF0446284601F0CDFAEEF750
:1033A00065FDA04223D01CB30221284601F08DF810
:1033B00000210646284601F04FF91821384603F04F
:1033C000C3FA384603F0B1FAB6B239464470847095
:1033D000A0F80360284603F09DFA234622462946BA
:1033E00040460096ECF744F803B0BDE8F0830024B3
:1033F0002646E2E770B504460D4603F08EFB28B979
:1034000029462046BDE87040FFF7A1BF4028294665
:103410002046BDE870404FF0160314BF2A22232235
:10342000F0F79CB938B505460C4601F006F883065E
:1034300004D42046BDE83840EAF78EBB2146284632
:10344000BDE83840FFF783BF2DE9F3418C7906468C
:103450000C340C440D4600F0F0FFA17807463046CE
:10346000FFF7E3FE617880463046FFF7DEFEB4F8F2
:10347000032003460092C7F3401042463146EBF763
:10348000F7FF284602B0BDE8F041EAF765BB08B592
:103490008B790B441B7B162B03D0172B05D00020F8
:1034A00008BDFFF7A7FF0120FAE7FFF7BBFFFAE728
:1034B00008B58B790B441B7B162B03D0182B05D03A
:1034C000002008BDEBF7FEFF0120FAE7FFF7BCFF85
:1034D000FAE77047C0F3845303EB830300EB8300E8
:1034E00080B27047F8B500231360047D05468068FC
:1034F000FFF7F0FF14F00807034603D00B446B609E
:103500000120F8BD6E68701AB0EB030CF8D514F00A
:1035100001000AD1D5E90374E41B14EB0C0FF0D4BD
:1035200019448E1B16606960EAE73846E9E710B572
:103530000446ECF71BF86168E069ECF797F8BDE822
:10354000104001F045BD38B50C46C94301F00101FA
:103550000546ECF7CBF8A30702D4E869ECF7B0F81E
:10356000BDE8384001F034BD10B50446ECF7BEF8B4
:103570002046EBF7FBFFBDE8104001F029BD007DC0
:1035800000F00100704707B5036801A80193EAF74E
:103590000BFD03B05DF804FB01F0FCBCFFF7C6BDFA
:1035A00070B504460D4608F007FD236A06462B4316
:1035B0002362A36973B16368C3F57A75EBF72EFADA
:1035C000E84202D52046ECF779F93046BDE8704074
:1035D00008F0EDBCB5F5007F04D1E06AFEF723FFEB
:1035E0002085F2E7206BFEF71EFF6085EDE702F015
:1035F000BABD2DE9F04F85B09146139A8A46B2F9CB
:1036000000201D46009200229DF838301399019346
:103610000A809DF84830826902930446DDF840B084
:103620009DF850309DF858609DF864809DF8687052
:10363000002A40F00C8105F01C021C2A00F0EF80EB
:10364000EA0617D405F00302032A08BF05F0FD05BA
:1036500005F0F70500222046218D0393ECF7E6FFE5
:1036600040F2712202FB09F29042039B08D941F219
:103670004500D1E0012605F01403142B3346E9D1AF
:10368000A80608F0FD0248BF05F0FC05012A00F07D
:10369000CC80B8F1020F08BF4FF004089A0784F8F5
:1036A000718000F1C5805B0740F1C480B8F1030F61
:1036B00014BF0321042107F0FD03012B84F88010BF
:1036C00000F0BA80022F08BF0427B00784F8727098
:1036D00000F1B480720740F1B380032F14BF0323BD
:1036E00004230020009A84F89030EBF7BFFCEF062B
:1036F0000646A4F85C0008D402F0DEF8009A94F8BC
:103700009010EBF7B3FCA4F85C00139B31461880D3
:1037100004F17800FFF7B4FB47F6FF7104F188006D
:10372000FFF7AEFBE06C94F89010FFF7CCFBFF22A4
:10373000236A84F862209DF8602023F09F0343EA07
:10374000021305F01802182A08BF43F0800323F083
:103750006003680723620CD4029AD10744BF43F088
:1037600020032362029B9A0742BF236A43F040036F
:1037700023622946204600F0D9FB236AA4F858505A
:1037800023F00703236204F16902BBF1000F59D053
:10379000DBF80010C4F86910BBF8041091809DF8A4
:1037A0003C20012A02D143F004032362019B03F071
:1037B000FD03012B02BF236A43F001032362019B37
:1037C000023B012B9EBF236A43F002032362FFF7F3
:1037D000AEFA94F874309DF85C2084F8730023F0FE
:1037E0000F03C0F30320034362F3071384F874301C
:1037F0009DF84430204684F86030EB0648BF236AC9
:10380000A4F854A048BF43F40023A4F8569048BF3E
:10381000236200F0A8FC002005B0BDE8F08F01266F
:103820004FF0060A3346D1462AE74FF0030835E742
:10383000022140E701213EE7032746E7022350E744
:1038400001234EE7C4F869B0A2F804B0AEE741F234
:103850000C00E1E7F8B51646026A044622EA0602C1
:103860000262DA070D46069F0ED50846FEF74CFDAC
:10387000A3694BB9B4F85830DB0605D4B6F5007F20
:10388000204608D100F036FB1FB139462846FEF726
:10389000D5FD0020F8BD00F03BFBF5E770B5044610
:1038A000C06A0D46FEF7BFFD0646206BFEF7BBFD66
:1038B000B1B282B22046ECF7B9FEA36933B140F24F
:1038C0007122B4F854305343984201D8002070BD9F
:1038D000B4F85630834205D22846FEF715FD41F272
:1038E0004500F4E700F51C70B0FBF2F0A4F85400BA
:1038F000ECE7930701D5FFF753BE7047F0B585B0ED
:1039000016460446039330B903A8FEF7FDFC41F2C6
:10391000420005B0F0BD01291BD0022906D059B1E3
:1039200003A8FEF7F1FC41F21200F2E703A8FEF74C
:10393000EBFC41F20C00ECE74FF4007700F12C05B2
:10394000B4F858305B0709D503A8FEF7DDFC00206A
:10395000DFE74FF4806700F13005F1E7039B3A465B
:103960002946009320463346FFF774FF2868FEF788
:103970005AFD1F2801DC032E01D02846D1E7294635
:103980002046FFF78BFF20B939462046FFF708FE97
:10399000DDE741F24500BCE783693BB1B0F8583040
:1039A000DB070FD490F86130FE2B0BD0036A43F491
:1039B000005303620B68C0F863308B88A0F867304F
:1039C0000020704741F20C00704738B5B0F858300D
:1039D0000446DB070AD4204600F075FB054618B103
:1039E0000021204600F054FB284638BD836C002B94
:1039F000F1D1EDF797FBA0640028ECD141F2090565
:103A0000F2E7A0B1CB0742BF036A43F480530362DD
:103A10008A0742BF036A43F4804303624B0701D421
:103A200000207047036A43F400430362F8E741F261
:103A300042007047A0B1CB0742BF036A23F4805312
:103A400003628A0742BF036A23F4804303624B0781
:103A500001D400207047036A23F400430362F8E7AF
:103A600041F2420070471FB5436B0C4623B9836B8C
:103A700013B9002004B010BD9A79002198180E30B7
:103A80006A4601F012FE9DF80730002BF1D0009A33
:103A90000120D35A2380EDE738B50546FF2190F881
:103AA000900001F0BBFD2B6A04469B0209D5284615
:103AB000EBF7DCFFFFF771F9837903F01F0304EBE9
:103AC000C304204638BD10B5044609B1012010BD1D
:103AD000C06C48B9206D60B9B4F858309B07F5D177
:103AE000206AC0F38050F2E7FFF7EBF90028F1D02D
:103AF000ECE7FFF720FA0028EED0E7E710B5044620
:103B0000FFF7E1FF002814BF18200020B4F8583058
:103B10009A06C3F3800103F0400358BF40F0010050
:103B200043EA4103184310BD38B50C460021054651
:103B3000FFF7C9FFD0B9E30615D504F0180095F8D2
:103B40008030012B11D12B6AB5F858201C0444BFDA
:103B500002F040010843910607D4920704BFC3F363
:103B60008033184301E004F05B0038BD1820E6E71D
:103B70002DE9F04F8BB01E46149B0F46D3F800A0E2
:103B80009DF854809DF8585003908DF81F20BAF18D
:103B9000000F45D15046FEF72CFD044618B91920F8
:103BA0000BB0BDE8F08F149B186063793A4623F0A0
:103BB0000103637103980023CDE900640DF11F0137
:103BC000ECF78AF90246B8F1000F06D00720A37976
:103BD0002344197B60F3030119731AB3D7B100238F
:103BE00039462046FEF7AEFD06462046FEF782FE29
:103BF0008146002D14BF4FF00C0B4FF0080B4BF01B
:103C00001002CBF38003049205933846FEF70BFCB9
:103C1000B0420CD86379002043F001036371BFE721
:103C20005446C2E7002FF5D0A1461646E1E73846D4
:103C3000FEF7F9FB0021A0EB06085846EFF7BAF8AB
:103C4000059B03B10730C0F1FF0323EAE3739845F6
:103C5000D1BF5A46C0F1FC03049A23EAE3739845A6
:103C60004FF000000692A8BF9846FEF7C2FC069AE5
:103C7000054638B9BAF1000F2FD0236820600993A8
:103C800009A82BE0437909A943F0010343710023FC
:103C9000C9F800008DF8242001903A46009303985B
:103CA0003346ECF719F91FFA88F2904206D0EB7907
:103CB000A879023B434429181B1A4B735AB1334667
:103CC000394628461FFA88F2FEF73CFD064428468E
:103CD000FEF710FE0546A94697E71498FEF714FB79
:103CE0005DE7B0F85830D90608D45A07C3F380000E
:103CF00005D513F0030018BF01207047002070475E
:103D000010B50446C06C18B9206D68B900200AE0EF
:103D1000FFF7D7F80028F7D0B4F8580000F00300F8
:103D2000B0FA80F0400910BDFFF708F90028F3D180
:103D3000ECE72DE9F84F054690461F46FFF7DEFEFB
:103D4000014606462846FFF7EFFE83462846FFF762
:103D5000D7FFB5F858A081461AF0030F06F0EF041C
:103D600007D11AF0200F02D11BF0010F01D006F08D
:103D7000EE042B6A44EA4914E4B2C3F380562846A1
:103D80005B0254BF44F0080444F00C04FFF7A9FFA1
:103D900048B144F002040A9B88F800403E7083F862
:103DA0000090BDE8F88F1AF0040F08BF04F0FD047E
:103DB000F1E72DE9F043B0F858300446C3F300169C
:103DC000DB0687B05CD400F138052846FEF79CFA84
:103DD000B4F858300DF1170813F0020FC3F340097F
:103DE00029D0314620460DF116030DF11502CDF80C
:103DF0000080FFF79EFF9DF8167001233146204694
:103E0000CDE901679DF815200095FFF7B1FE48B98F
:103E1000236A57B143F400139DF8172042B143F4CD
:103E20008013236207B0BDE8F08323F40013F3E7A7
:103E300023F48013F5E7E76A3846FEF7F4FA0DF14C
:103E4000160381B20DF115022046CDF80080FFF770
:103E500070FF9DF81660012339462046CDE9019692
:103E60009DF815200095FFF783FE88B9236A4EB1AF
:103E700043F400139DF817203AB143F480132362F2
:103E80000020CFE723F40013F4E723F48013F6E7D0
:103E90001920C7E770B5B0F858300446DA0686B086
:103EA00002D5002006B070BD9B07FAD500F1400690
:103EB0003046FEF729FA256B002DF2D0B4F87330A6
:103EC000204605A9ADF81030FFF7CDFD18B1BDF8BB
:103ED0001430A4F87330002307222946CDE90123CA
:103EE000204609220096FFF743FEBDF81030A4F8E3
:103EF0007330D7E710B504463430FEF705FA04F105
:103F00003800FEF701FA236A23F46013236210BD20
:103F100010B504463C30FEF7F7F904F14000FEF717
:103F2000F3F9236A23F40023236210BDB0F858305C
:103F300070B5DA060446C1F3001601D50EB170BDA6
:103F4000BEB100252046FFF7D5FF2046FFF7E0FF72
:103F500004F12C00FEF7D8F9E562258504F1300064
:103F6000FEF7D2F9236A2563658523F4C0632362D3
:103F7000E5E7C1F34005C3F34003AB42DFD0FFF7F1
:103F8000B9FF2046FFF7C4FF4DB104F12C00FEF746
:103F9000BBF9236AE662268523F40073E7E704F1A0
:103FA0003000FEF7B1F9236A2563658523F4806349
:103FB000DDE72DE9F8438846114605461746994640
:103FC000FFF79CFD014606462846FFF7ADFD0021A0
:103FD000EEF7F0FEC11C95F88000042804D195F896
:103FE0007130032B18BF032000F066FF4FF4FA7303
:103FF00008F1FF345C43F30600FB0844A5F85A00BF
:1040000015D595F89080B8F1040F05D195F8723068
:10401000032B18BF4FF00308B5F8580000F0030059
:10402000012807D0022819D004F5487478B1204639
:10403000BDE8F8832421404600F03EFF10210546EC
:10404000404600F039FF04F58A642C4404443A46A3
:104050004146304601F0B8FA0444E8E70E214046F4
:1040600000F02AFF05464A464146304604F58A6478
:1040700001F0AAFA2C44EFE710B50446EBF718FC60
:10408000844204D1BDE810402220EDF7FDBF10BDF1
:1040900038B504460D460830EFF76EF82046FFF7B6
:1040A000EBFF85F0010100252046FFF74CFAA06CDC
:1040B000A56110B1EDF782F8A56404F14400BDE8F4
:1040C0003840FEF721B970B590F861300446FE2BF8
:1040D00009D1633000F055FF00F04CFF18B1236A9E
:1040E00043F40053236242F20103256A2B40012B63
:1040F00036D0A9072BD5C5F3800504F16906002247
:1041000031462846FEF707FF002184F86200FEF7DB
:1041100011FF002231462846FEF702FF18B194F93C
:104120006200002815DA236A23F002032362B4F840
:104130005830DA070BD59B0709D4012231462846AF
:10414000FEF7EEFE18B1236A43F008032362002055
:1041500070BDB4F8581001F00101FEF7EBFEE6E780
:1041600041F21200F4E738B5044607F025FF628DEE
:104170000546218D2046ECF759FAB4F85410B4F8EE
:104180005620E060521A40F2712101FB020303F550
:104190009C53083328462361BDE8384007F007BF29
:1041A00038B50446B4F85820B0F95C0012F0100F8E
:1041B00094F88030C2F3001104F1780514D002465F
:1041C00019460020EAF752FF01462846FEF758FE3E
:1041D00047F6FF7104F18800FEF752FEB4F984003F
:1041E000BDE83840EAF764BF94F8812001F05FFB36
:1041F00001462846F0E710B590F85E200446AAB1C3
:10420000A1B190F85F300133DBB29A4280F85F30A1
:104210000CD80121FFF73CFF236A43F4803323626B
:104220004FF08050BDE8104000F0D0BE226AD105AA
:104230000CD5636A61685B1A002B07DA01212046FE
:10424000FFF726FF236A43F48023E8E7130624D40C
:10425000FEF76DFD1123B0FBF3F394F9702003EB2F
:104260000313C01A83B212FA80F0102888BFC3F17A
:1042700010035BB2083A1A4484F8702040F27121AE
:10428000B4F8542020461A44636801FB023301212C
:104290006360BDE81040FFF767B90023EEE773B530
:1042A0000446FEF744FDC0F30F23542B34D9A92B49
:1042B0008CBF02230123C0B27E288CBF02220122C0
:1042C00003218DF804301344B3FBF1F000EB400000
:1042D0001B1A8DF805301344B3FBF1F202EB4202D6
:1042E0009B1A8DF80630002319461A4601AD15F8C1
:1042F000010B44FA00F6F60705D55600B04003431B
:104300000132DBB2D2B20131C9B20329EFD143EAA3
:104310008210C0B202B070BD0023CCE7C94350E8A0
:10432000003F0B4040E80032002AF8D1704738B512
:1043300005460C4601F0C2FA20B149F640439C42C2
:1043400028BF1C46EA68A2420BD240F27121B5F8A0
:104350007E304B43934238BF1346A34228BF2346C7
:104360001A462A6138BD826A034612F4007F00F1C2
:10437000480005D0D3F82821B3F84010EEF7D4BD9B
:1043800093F87310EEF7C6BD002070477047002009
:10439000704700207047704770470020704700202A
:1043A0007047704770477047704700207047002083
:1043B000704770470020704701207047C820704741
:1043C000002070477047012070477047704790F891
:1043D000892010B5531C03F00F03072B28BF0023BF
:1043E000044663F30302034480F8892083F88210B3
:1043F00090F889306F2B4FEA13129EBF013262F39F
:10440000071380F88930FFF7E1FF204694F8301158
:1044100001F0C6FC10BD70477047704710B101F144
:10442000B000704701F1D4007047F8307047806ADF
:104430007047836A0B4383627047C06A7047C36AE0
:104440000B43C3627047C36A23EA0103C362704728
:1044500000F59C70704790F8891008B50F2904D9B1
:104460000909823002F008FF08BD7F20FCE770B523
:1044700040F2712606FB01F345685643826A1D44EB
:10448000D207044645600ED500F14405294690F850
:104490004220EFF745F8334629462046BDE87040F4
:1044A000012202F0BFB905EB5605456070BDD0F89A
:1044B000A40000B9704743799B0701D40068F8E76E
:1044C0000120704780F87B10704738B504460D46D0
:1044D000ECF7CAFB80B2FFF75CFF80B14288022D87
:1044E000B4F8400011D0032D0BD0012D06D1A38FBD
:1044F000A26B1B01B3FBF2F3184480B238BD01225A
:10450000EDE74FF47A43A26BF4E7E38F5B000733E8
:1045100013FB0200F1E738B5044602F078FB04F122
:10452000A400FDF7F1FE04F1A800FDF7EDFE04F193
:10453000AC00FDF7E9FE2046ECF796FBC4B220463E
:10454000FEF727FC05462046FEF725FC01462846D7
:10455000FEF71EFC38BDB0F8343110B5A0F832318A
:104560000446ECF781FBC0B2FFF728FF94F8303126
:1045700094F8312104F1480101F099F9014604F55C
:104580009470FEF77DFCB4F93221B4F934319A42CB
:1045900009D0A36ADB0406D52046BDE810404FF4DD
:1045A0000041ECF777BB10BD806B7047836A0A4609
:1045B00000F14801C3F34020EEF768BC70B5044633
:1045C0000E4615463AB9A36A23F440534EB9A36286
:1045D00055B9002004E0EEF75DFD0028F3D111206D
:1045E00070BD43F48053F2E743F40053A362F0E755
:1045F0002DE9FF41836A0446DB0428D5B0F93481F4
:10460000B0F932710020EAF745FD8045CCBF0025A6
:10461000012501F051F9C82294F83011EAF726FD7E
:1046200006462046ECF720FBB045B4BF0026012625
:10463000002345EA4605CDE90085A8EB07073FB210
:1046400002971A4694F8301180B2FEF724FD04B0A8
:10465000BDE8F0818A307047F8B504460E4600295F
:104660005BD040F27123876B30465F43A7F28A2705
:104670007F08394600F029FC94F89230851FADB2CE
:104680009D4239463046A8BF1D4600F01EFC94F8F6
:104690009320831F9BB29342A6F10300A8BF134649
:1046A0000128B4F88A10B4F88C202BD8B1F5296F02
:1046B00044F29020B8BF4FF429618142A8BF01465F
:1046C000B2F5296FB8BF4FF429628242A8BF0246F3
:1046D0001B2DB8BF1B251B2BB8BF1B23304684F8EE
:1046E000953084F89450A4F88E10A4F8902000F02F
:1046F000ECFB831F9BB2AB42A8BF2B46DBB284F816
:104700009630F8BDB1F5A47FB8BF4FF4A471B2F5EF
:10471000A47FB8BF4FF4A472DAE71B23EFE72DE9BB
:10472000F341876B490089B28F42044616461D4605
:104730003FD040F271224368816302FB073302FBE2
:1047400011334360ECF790FA4FF0000887B233461C
:104750004246012138460195CDF80080FFF721FE41
:104760003846FFF726FE41463846FFF71BFE012379
:10477000E28FB242A28F1CBF0123E687AA42A26A3F
:104780001CBF0123A587D20700D5A3B1A38FA26BBD
:104790001B01B3FBF2F3204694F83011A4F8A030CB
:1047A000FFF75AFF0421204602B0BDE8F041ECF7C4
:1047B00071BA0023DCE702B0BDE8F081F0B585B046
:1047C00004460E466A4600F18A0300F19207154638
:1047D00018685968083303C5BB422A46F7D11868E0
:1047E000314628609B882046AB80FFF735FF9DF857
:1047F0000B2094F895309A4211D1BDF80620B4F8F8
:1048000090309A420BD19DF80A2094F894309A4245
:1048100005D1BDF80420B4F88E309A4207D04FF489
:104820008141204605B0BDE8F040ECF733BA05B051
:10483000F0BD37B5044694F89250BDF818008D428B
:104840000BD1B4F88A50954207D194F893509D4209
:1048500003D1B4F88C5085421BD08DF80610ADF80A
:104860000420019D84F8921084F89330A4F88C0001
:1048700094F830112046C4F84051A4F88A20FFF77C
:104880009DFFB4F88E30A4F88A30B4F89030A4F8C4
:104890008C3003B030BD70B5044616460D4671B17C
:1048A00090F830318B420AD00126012201F046FBFC
:1048B00000222946204601F001FB84F830512046B1
:1048C00094F83011FFF77AFF36B12046BDE870400A
:1048D0004FF48441ECF7DEB970BD30B4C56A15F011
:1048E000040F0DD145F00405C56280F89E10A0F8B4
:1048F0009A204FF4006130BCA0F89C30ECF7CAB9A4
:1049000030BC704710B511B190F89E400C7012B1D8
:10491000B0F89A10118013B1B0F89C201A8090F86A
:104920002C00C0F3800010BD836A43F4806383626F
:10493000704700F5A270704790F830017047F8B5E5
:10494000044607F039FB65680646EAF767F82B1A54
:10495000B3F5FA7304D53046BDE8F84007F027BB3D
:1049600040F27122A16B94F874505143B3FBF1F300
:10497000B4F8402098B2121AA4F8402094F873209A
:1049800000FB1522252592FBF5F705FB1722002ACF
:10499000B8BF521984F87320B4F8A020121AA4F8F2
:1049A000A020626800FB1122002120466260FEF711
:1049B000DBFDD0E7F0B5036B04469D0790F87B6004
:1049C00087B001D5FFF7A7FD236BD90700F14D8113
:1049D000236B9A0411D52046ECF746F9A16AC0B2C0
:1049E000C1F34021FEF732FB002800F063814FF451
:1049F000005104F13000FFF791FC236BD80409D576
:104A000000212046ECF740FE4FF4805104F13000C5
:104A1000FFF784FC236B590513D52046ECF724F9E6
:104A2000002394F89F50C2B21946284601F04BFC6F
:104A3000002800F03F814FF4806104F13000FFF75F
:104A40006DFC236B5A0712D52046ECF70DF9A16BCC
:104A5000A38FE28FC1F34F0180B201F007FD002860
:104A600000F02881042104F13000FFF757FC236B8C
:104A70001B070AD5204602F051FA002800F01A81DF
:104A8000082104F13000FFF749FC236BDF0617D53E
:104A90002046ECF7E9F8E16A80B211F4805100F0A9
:104AA0001C81002101F077FD002800F00381E36AFA
:104AB000102123F48053E36204F13000FFF72EFC51
:104AC000236B5D0613D52046ECF7CEF894F87B30C7
:104AD00080B20093D4E9082301F040FD002800F0E3
:104AE000E980402104F13000FFF718FC0026236B19
:104AF000180516D52046ECF7B7F800230093B4F854
:104B00009C30B4F89A2094F89E1080B2FEF765FAB3
:104B1000002800F0CF804FF4006104F13000FFF76F
:104B2000FDFB236B13F480452FD1990513D5204647
:104B3000ECF79AF82B462A4694F8301180B2EAF73F
:104B400043FC002800F0B6804FF4007104F13000FF
:104B5000FFF7E4FB2E46236B1A0616D52046ECF72A
:104B600083F8B4F8903080B2009394F89530B4F89C
:104B70008E2094F8941001F040FD002800F09A80F7
:104B8000802104F13000FFF7C9FB236B9B0610D591
:104B90002046ECF769F894F87B1080B201F012FD22
:104BA000002800F08780202104F13000FFF7B6FBD9
:104BB0000026236BDF0508D504F130004FF4807127
:104BC000FFF7ACFB204602F03CF8236B1D0408D530
:104BD00004F130004FF40041FFF7A0FB204601F044
:104BE0002AF8236B580308D504F130004FF48021D4
:104BF000FFF794FB204601F07BFA236BD90308D51D
:104C000004F130004FF48031FFF788FB204601F0BB
:104C100013F9236B9A0308D504F130004FF40031E7
:104C2000FFF77CFB2046FFF7D0FB236B9B0718D5D3
:104C3000002220461146FFF7C6FB2046FFF7C5FBC2
:104C40002046ECF711F894F87B1080B201F07AFD61
:104C500080B304F130000221FFF760FB2046ECF73F
:104C6000ADFA012084F87B6025E0A76AFB07C7F353
:104C7000803522D5002D0CBF012503252046EBF7FA
:104C8000F3FF94F89F30294605930023049394F88A
:104C90004230C7F340020393A38F80B20293E38FA5
:104CA0000193A36BC3F34F03009304F1750301F069
:104CB000FDFB20B9002007B0F0BD6D00DEE701214B
:104CC00004F13000FFF72AFB50E8003F43F40053A3
:104CD00040E80032002AF7D17AE601F073FCE3E6FF
:104CE00008B50220FDF785FC28B9BDE808404FF063
:104CF0008060EDF7E5BABDE8084001F0FFBC826ACC
:104D0000002122F0C0028262ECF7BEBC012310B584
:104D1000A1F12002C1F1200423FA04F403FA02F203
:104D200022438B40D0E9084123400A40134314BF7B
:104D30000120002010BDC36A10B5044613F008001E
:104D400012D00123A1F12002C1F1200023FA00F0CA
:104D500003FA02F202438B40D4E9080103400A40FF
:104D6000134314BF0120002010BD10B50C46C9B27A
:104D7000FFF7E1FF70B1EDF739FBC4F12002A4F1B8
:104D80002003E04001FA02F2104321FA03F3184332
:104D900000F0010010BD70B504460E46EEF762FD4E
:104DA00007F00AF905460221204684F87B60EBF7FC
:104DB00071FF20460121FEF7C6FB2846BDE8704082
:104DC00007F0F5B870B50D46044607F0F5F806464D
:104DD0002046EBF7E3FE304607F0E9F82946204687
:104DE000BDE87040FFF7D7BF0B68C0F8403170478F
:104DF00038B540F64805D0F840310C460B609BB200
:104E0000AB4204D90B21FFF7B0FF08B9258038BDAC
:104E100044F290232380FAE708B5ECF78DF801F00F
:104E200076FA00F06DFD01F033FDEFF785F9BDE88E
:104E30000840EFF7E9B938B50546FDF7AAFF044683
:104E40002846FDF7A8FF214602460220FDF7AEFFE7
:104E500038BD00230384704790F8203090F821205B
:104E6000981AC0B2704710B590F8203090F8212001
:104E70005C1C9A1A80F8204003F0070340F82310C6
:104E8000D0B210BD90F82130194401F0070150F85C
:104E90002100704790F82130013380F821307047AD
:104EA000022808D0042803D0012818BF0620704724
:104EB00001F00101C81C704710B50C46ECF7ECFF7F
:104EC0000279408804FB020010BD10B50C46ECF7D7
:104ED000E3FF4388A3429BBFE41A03790020B4FB9D
:104EE000F3F010BD37B50446E9F752FC2046EAF767
:104EF0003DF9002301A80193E9F7F2FC054640B90A
:104F0000A368322043F00403A360019B2362EDF702
:104F1000BBF8284603B030BDEDF74CBB38B50546AD
:104F2000EDF776FB044607F047F82B68A360AB88E3
:104F3000A381A37943F00103A37107F038F801209E
:104F400038BD38B50C460546EDF762FB014605B1A4
:104F500008310622204605F0DEFBB0FA80F0400959
:104F600038BD10B50446EDF753FB03682360838812
:104F7000A38010BD08B5EDF74BFB807900F0010070
:104F800008BD10B50446EDF743FB836823608389B1
:104F9000A38010BD70B50E461546EBF7F3FF04462F
:104FA00048B93046EAF7C0FE044620B92846EDF776
:104FB000AFFE044640B10020EBF7E4FF0020EAF723
:104FC000B3FE0020EDF7A4FE204670BDF2F7CCBC86
:104FD0004FF40010F2F7C8BCEDF7C6B8112808B5B9
:104FE00002D0122805D008BD1320BDE80840EDF717
:104FF0004BB8EDF771FAEDF703FBEDF7E1F814208C
:10500000F3E7ECF7EDBF08B5EDF7F2FAEDF718FAB4
:10501000ECF7AEFFBDE808401120EDF735B81328D6
:1050200008B502D0142809D008BDEDF7F1FAFFF752
:1050300073FFBDE808401220EDF726B80020ECF71A
:10504000BDFFBDE80840FAF7E6BA704783790C3334
:10505000184470477047002337B504460125019373
:10506000204601A9FDF738FC08B903B030BD01980E
:105070002A468379C1790025C91A0C33C9B218446C
:10508000E9F7EAFDECE70378024603F00F03072B8C
:1050900010B50FD1837813F03F000AD0D37813F006
:1050A000100006D0012103F00F00941CEDF798FCCE
:1050B000204410BD0020FCE7512810B50C4607D154
:1050C000E9F726FC2046BDE810400021FDF761BC51
:1050D000BDE81040FDF761BC51280B4609D18A8A12
:1050E00018461305C2F3C02101D5EDF79DBAFDF7AF
:1050F00050BCFDF752BC10B50C780378C4F3801493
:10510000B4EBD31F1BD162B9023103F00F03032BA1
:1051100013D10622083005F0FEFA003818BF01202E
:1051200010BD8A7894060AD0CC78E40707D502F03F
:105130003F02062A03D90431E7E7052BE9D0012015
:10514000EEE72DE9F0410D46848A11462846C4F366
:1051500040021E46FFF7CFFF10B10120BDE8F081ED
:1051600015F8027BFDF7DEFE04F4C07880F0010341
:10517000B8F10002C7F38017294618BF012238464C
:10518000DBB200F086F8014630B14FF4C070304019
:10519000B0FA80F04009E1E7FDF7CAFE0028DCD153
:1051A000B8F1000FF1D0E04300F4C070EFE721B197
:1051B00040780C3818BF012070470120704770B547
:1051C00086B004469DF828600B9D11B9012006B0F9
:1051D00070BD62B9012204A90DF10F00FDF7A6FE12
:1051E000D0B9204610F8021BC1F3801117E0002B44
:1051F000F0D129463046FDF78CFE0028EAD123780D
:10520000C3F38013B342E1D106222946A01C05F066
:1052100082FA0028DAD1DDE79DF80F1004A8EBF739
:10522000EFFF0028D2D10123218B00930846638B26
:10523000A28B01F001FB0028C8D0627D531E072B12
:10524000C4D8238B9342C1D9E28A9A42BED8A37FA5
:105250005BB9E37F4BB994F8203033B994F821302F
:105260001BB994F822300F2BB0D994F823001B30CF
:1052700000F01F000B2894BF00200120A7E710B505
:105280000C4608B9E9F7FAFC2146BDE81040FFF7E3
:1052900013BEF0B587B00E4617468DF8070002B969
:1052A000B3B331469DF80700FDF73EFE044680B9D2
:1052B00031469DF80700FDF73BFE38B9012587B957
:1052C000FDF723FE80F001000543ECB2204607B055
:1052D000F0BD012204A90DF10700FDF727FE0546E8
:1052E000EDE79DF80710003918BF01210CB105B199
:1052F00004AE30460DF10F02EDF7C8FC28B99DF859
:105300000F40013418BF0124E0E74FF0FF34F8E705
:105310000124DBE783790C33C218937813F03F0044
:1053200004D0D3781940081E18BF012070472DE91A
:10533000F7434FF00009044686798DF807100C36C4
:105340000321A0F80690904687191D46FCF7B3FF8D
:10535000072224F80690A35D18F0020F62F30303FE
:10536000A355BA7808F0010318BF43F0020363F3B2
:1053700087129DF80730BA7003B935B10122204673
:105380000DF10701FCF7A3FF0125BB7865F30503C9
:10539000BB7003B0BDE8F08310B501210446FFF7F0
:1053A000B9FF28B12046BDE810400621FCF783BFB5
:1053B00010BD70B50D4602210446FFF7ABFF00B3E8
:1053C000A07900F10C02A35CA11823F08003A35480
:1053D000E379D5F869601B1AD8B20E5051FA83F3FD
:1053E000B5F86D10204699802B6A062113F00C0F3A
:1053F0001EBFA35C43F08003A354BDE87040FCF7DC
:105400005ABF70BD38B50D4604210446FFF782FF30
:1054100030B12046A91D0122BDE83840FCF757BF36
:1054200038BDF7B504460F4616461D460DF1070177
:10543000013301228DF80730FDF7E3F90DF1070183
:10544000012220468DF80770FDF7DBF92A46314628
:10545000204603B0BDE8F040FDF7D3B9F0B50546EE
:1054600014889C420AD2281947782E5D8F4204F195
:10547000010416FA84F403D19C4203DD002002E00B
:10548000A4B2EEE71480F0BD37B50D460421044602
:10549000FFF740FF78B140F2FF23ADF80030002362
:1054A0008DF80230AB886A46ADF80330FF21052342
:1054B0002046FFF7B6FF03B030BD38B50D460821D2
:1054C0000446FFF727FF30B129462046BDE83840A3
:1054D0000222FCF7FCBE38BD2021FFF71BBF37B509
:1054E0000C4640210546FFF715FF50B10A2394FBF7
:1054F000F3F4012228460DF107018DF80740FCF76F
:10550000E6FE03B030BD10B58479C37904F10C0216
:105510001B1B02390244D8B251FA83F353709378BB
:10552000033860F30503937010BD837873B59A0652
:1055300004460D4620D0C07843071DD50121EDF764
:1055400039FC0138ADF80600E61CA378FF2130468F
:1055500003F03F030DF10602FFF780FF60B103780F
:10556000062BF2D140F2FF2342889A42EDD1037913
:10557000002BEAD1A0F8055002B070BD38B5837891
:1055800004469A060D460CD0C078C30609D5012101
:1055900000F00F00EDF70EFC0444A37865F305035B
:1055A000A37038BD38B5837804469A060D460AD0F4
:1055B000C078030707D5012100F00700EDF7FAFBDB
:1055C0002B880444638038BD70B505460E4600F054
:1055D0006B0000211446EDF7EDFB54FA80F4FF2C2C
:1055E00005D821463046BDE87040FFF748BEFF2190
:1055F0003046FFF744FE05F04005FC3D00F54870DD
:1056000061190446FF2904EB000304D83046FFF774
:1056100036FE204470BD1C462944F3E708B502312C
:10562000C0B2FFF72CFE00F5FA7008BD37B5024690
:10563000136A084603F0020403F48055DB0705D41F
:105640007CB9FFF78EFC204603B030BD4CB9B5FAEB
:1056500085F4D2F8631064090160B2F86720828093
:10566000F1E7019092F96230B5FA85F400930023D6
:105670001A4619461846FDF751FC6409E3E710B5D0
:105680000446A378084613F03F030CD0E37813F0E8
:10569000010308D0211DFFF7C9FF237860F38613AB
:1056A0000120237010BD1846FCE770B5144605466E
:1056B00010220E4620460021FCF7ECFA2B789A06C1
:1056C0004FD06B1C23606A78D30743BFF34303F0CA
:1056D00001032371012348BF0723900707D516F064
:1056E000020F0CBF1946002106336171DBB250076F
:1056F00007D516F0040F0CBF194600210133A17124
:10570000DBB2100707D516F0080F0CBF19460021B1
:105710000233E171DBB2D00607D516F0100F0CBFD3
:105720001946002103332172DBB2900607D516F02B
:10573000200F0CBF1946002112336172DBB25106F3
:1057400007D516F0400F0CBF1A4600220133A27293
:10575000DBB22A7802F03F029A4282BFD21AE37289
:10576000227370BD1FB50C466A4600210230FFF758
:105770009CFF9DF8063013B1A179009AD15404B072
:1057800010BD30B585B004460D4602306A46002192
:10579000FFF78BFF9DF8050088B12378009A23F06E
:1057A00080032370D5F8693011181350B5F86D30A7
:1057B0008B802B6A1A0704D45B0702D4012005B042
:1057C00030BD237843F080032370F7E72DE9F74FCE
:1057D00006468A46144699469DF830B09DF83450E6
:1057E000FCF7FDFE0322B7790E990C3706EB07088C
:1057F00088F8032008F10400BBF1000F16D1E5B9C9
:10580000FFF7AFFB9DF83C3008F10A0B83F0010372
:105810001D40BAF1000F15D1ACB9D9F80030C8F865
:105820000A30B9F80430ABF8043017E02DB931B1C3
:105830000B68C8F804308B8883800125E2E7FFF706
:10584000A0FBFAE724B3FDF75DFB01230021CDE9BE
:10585000000B1A460846FDF761FB01240D214B1C85
:1058600088F80130F35DAA0103F00F0342EAC41285
:105870001A43F255304688F802100331FCF71BFD3D
:105880000822F35D62F30303F35503B0BDE8F08F24
:105890000124C2E7CB08C05C012301F007018B4063
:1058A0001840003818BF0120704770477047024603
:1058B00019460020E9F7DABB002070470020704746
:1058C00007B500214FF0FF336A46084600938DF874
:1058D0000430EDF7DBFA03B05DF804FB38B505469C
:1058E000006805F03CF80446287900F01F0005F038
:1058F00036F82044C0B2012894BF0020012038BDF2
:10590000704770B515460E461C46FEF78EFD2B6897
:105910004EB103606B6843602368C0F8253023688C
:10592000C0F8153070BD83606B68C3602368C0F831
:1059300029302368C0F81930F4E770B50546FEF742
:1059400074FD044606F038FB064640212846FEF763
:1059500070FD4FF400612846FEF771FD304606F0F9
:1059600026FB0023284623612375236284F8243014
:10597000FEF75DFD802310F0010F14BF237584F83E
:10598000243070BD10B50446FFF7B9F92046BDE8D4
:1059900010401021EBF77EB910B504464FF460615A
:1059A000FEF751FD2046BDE81040FFF7A8B97FB5CE
:1059B00006460C46FEF739FD4FF4C06105463046F9
:1059C000FEF73DFD4FF400613046FEF73CFD4FF41D
:1059D0008060ECF785FC224670B969462846EDF7F1
:1059E00011F96B4605F1100213F8011B02F8011DB5
:1059F000AA42F9D104B070BD6C4602F110062346EC
:105A000010685168083203C3B2421C46F7D1E8E778
:105A100037B50D46ADF80420FEF707FD044600F14A
:105A20002003024601992846EDF718F8236A01334E
:105A3000236223B994F82430013384F8243003B06E
:105A400030BD37B50D46ADF80420FEF7EEFC0199E8
:105A50000446024600F110032846EDF767F830B11E
:105A600023690133236113B9237D0133237503B007
:105A700030BD013903291FD8DFE801F002091017F2
:105A800012B190F90000704790F90100704712B10F
:105A900090F90200704790F90300704712B190F935
:105AA0000400704790F90500704712B190F90600A4
:105AB000704790F9070070477F2070470028ACBFFF
:105AC00005236FF0040318440A2390FBF3F05843B6
:105AD000A3F5FF7300B29842B8BF1846C828A8BF04
:105AE000C820704708B5C822E9F7C0FABDE80840E9
:105AF000FFF7E4BF10B504464FF40050ECF7F0FB9D
:105B000018B12046EDF75AFA08B9002010BD072059
:105B1000FCE72DE9F74F81464FF400500E4617463B
:105B2000ECF7DEFB002849D04846EDF765FAF31E96
:105B3000012B81BF012506F1FF33DBB29D400446F6
:105B400098BF0C2580464FF000034FF0060240F24C
:105B5000EC4B88BFEDB202FB03FA14F80A1045FAC9
:105B600003F000F0010021F00C01013341EA800153
:105B700004F80A100020D9B20193FFF7B3FFA8F888
:105B800002B0A8F8040014F80A10019B21F00301E8
:105B900004F80A10FF21042B88F801104FF00602C8
:105BA00008F10608D7D100200437314627766083F4
:105BB000A083FFF797FFE083A9F8320103B0BDE8A7
:105BC000F08FF8B504464FF40050ECF789FB70B342
:105BD0002046EDF711FA0622054694F8303104F11B
:105BE0004801581EC0B202FB005094F83121B0F9B0
:105BF0000400FFF75CFEFFF761FF064606F0DCF9E4
:105C000031460746EE8304F59470FDF739F9B4F98F
:105C10003221B5F91E309A4204D04FF4004120469B
:105C2000EBF738F83846BDE8F84006F0C0B9204632
:105C3000FEF791FCF8BD2DE9FF4704464FF40050F4
:105C4000ECF74EFB002865D006F0B6F981462046F9
:105C5000EDF7D2F9B0F91E600546B4F832710020B4
:105C6000A4F8326194F830A1E9F714FA94F83031CD
:105C7000864294F831214FF0C80004F14801B5F98B
:105C80001E80A6EB0707CCBF00260126FFF70FFEFC
:105C9000FFF714FF6B8B8045B4BF4FF000084FF047
:105CA00001083FB2D3B901210AF1FF3AB5F91E301C
:105CB0005FFA8AFA01FA0AF148EA46020093C9B289
:105CC0003B46204601F02FFA2046FEF76DFC830884
:105CD00003F548724308B2FBF3F36B832046FEF7EB
:105CE000A6FBC30410D5204646EA4806EAF7BCFFE7
:105CF00002970196B5F91E3080B20093002394F804
:105D000030111A46FDF7C7F9484604B0BDE8F04720
:105D100006F04DB92046FEF76BFC04B0BDE8F087F5
:105D200010B50C46EDF768F9447610BD10B54C1E61
:105D3000E4B2032C07D8EDF75FF906235C43005D5E
:105D4000C0F3800010BD0020FCE7F0B585B006462A
:105D5000EDF752F9447E054604B30623013CE4B254
:105D60005C43035D1B0710D53046EAF77DFF002733
:105D7000697E02232222CDE90177009780B2FDF7E8
:105D80008AF92B5D67F3C3032B554FF4802130460E
:105D9000EAF780FF2B7E23F002032B7605B0F0BDDF
:105DA00070B505464FF400500E46ECF799FA0028FE
:105DB00041D021212846FEF7BEFF00283BD02846CF
:105DC000EDF71AF90622731EDBB25343C35C044697
:105DD0005A0730D500212846FEF777FB238C9842DE
:105DE00012D9C31A9BB2208483B1A28B93428EBF77
:105DF0000022D21A92B2A283628B93428DBF0023FB
:105E0000D21A6283638301E012D32084A38B93B9F7
:105E10002846FEF712FB43040DD428464FF4803188
:105E2000EAF738FF31462846BDE87040FFF778BFF3
:105E3000C31A013BD6E770BD2DE9F8430746EDF7DD
:105E4000DBF8037E04465B0733D40623467E06F167
:105E5000FF395FFA89F903FB09F900EB09083146BC
:105E60003846B8F90220EDF7D7F8051E21D014F80E
:105E7000093020DA13F0010F1BD13846FEF794FBEE
:105E8000830803F548734008B3FBF0F305EB850581
:105E9000A3836A0031463846B8F9043012B2EEF7EF
:105EA0001DFA30B9F11E01299EBF237E43F0020383
:105EB0002376BDE8F88313F0020FDDE7F8B5074657
:105EC0004FF400500D461646ECF70AFA10B91126A9
:105ED0003046F8BD21213846FEF718FF0028F6D0DD
:105EE0003846EDF789F86B1E0446DBB20EB9828B9B
:105EF00012BB062202FB0343294600223846B3F9AF
:105F00000430EEF7EBF906460028E1D13846FEF7FB
:105F10004BFB830803F548734008B3FBF0F3033DE4
:105F2000012DA3839EBF237E43F002032376237EAD
:105F300023F004032376CBE72326C9E72DE9F347B3
:105F400005464FF400500E461746ECF7C9F9A8B1C4
:105F50003146284677B1FFF7E9FE78B92846EDF7D4
:105F60004BF806F1FF38032E04465FFA88F808D193
:105F7000B1460CE0FFF7DAFE0028EFD102B0BDE831
:105F8000F087042E0CBF4FF002094FF0FF090623E3
:105F900003FB08F3E25C04EB030A67F38202E254BA
:105FA0003FB1207E314600F00100FFF79BFDAAF8CB
:105FB0000400B9F1FF0F11D0062303FB09F3E25CE3
:105FC000E61867F38202E25447B1207E09F101012D
:105FD000C9B200F00100FFF785FDB08022212846FC
:105FE000FEF794FE0028C9D02846FEF726FA0304DF
:105FF000C4D50123B9F1FF0F03FA08F10CBF002348
:1060000003FA09F349B218BF5BB21943C9B2AFB181
:10601000062303FB0848B8F9043001220093284600
:10602000002301F080F82846FEF7BEFA830803F546
:1060300048734008B3FBF0F363839FE740F2EC43FF
:10604000EBE72DE9F04F884685B00746ECF7D4FF23
:10605000062308F1FF34E4B25C4340F2EC4300EB6A
:10606000040BBBF902A005469A4525D13846FEF738
:10607000E4F910F4103617D1012241463846FFF7F3
:106080001DFF814680B13846EAF7EEFD02234A46FD
:106090004146CDE90166CDF800A080B2FCF7FBFFD8
:1060A0002B5D66F3C3032B554FF48021384605B0B2
:1060B000BDE8F04FEAF7EEBD4FF00009035D38464A
:1060C000C3F34002C3F3000646EA4206EAF7CCFDFA
:1060D000F6B2CDE90169BBF902304A460093414668
:1060E000022380B2FCF7D7FF2B5D69F3C303DAE725
:1060F00010B50446ECF780FF0021062303FB01F2F4
:10610000825C013112F0080F05D02046BDE8104036
:10611000C9B2FFF796BF0429F0D110BD38B50C46BF
:106120000546ECF769FF0622631EDBB25343C25CEF
:10613000110709D442F00802C2544FF480212846C6
:10614000BDE83840EAF7A6BD38BD0020704741F0F1
:10615000004141F4E02101607047036861F3DB43D3
:10616000036070477047704710B5E9F765F88379A9
:1061700000210C33C418E078E9F76AFD68B1211DED
:10618000FDF70AFC0446E9F75DF8E2B20023BDE83A
:10619000104042F23501FCF7E0BE41F24204F2E762
:1061A0002DE9F041E9F748F8837900260C33C4184B
:1061B000E778E9F741F80568E9F73EF8A7F1FE024C
:1061C0005142066051413846E9F742FD22790446C2
:1061D00090B1B0F85830DB060ED52B463146FDF7AE
:1061E0008DFB0446E9F72EF8E2B20023BDE8F0414A
:1061F00042F23701FCF7B1BE2B460021204601F0E8
:10620000A6F9EEE770B5E9F717F883790C33C418EF
:10621000E678E9F711F80568E9F70EF80023A6F12A
:10622000FE025142036051413046E9F711FD2279E7
:10623000044690B1B0F85830DB060ED52B4601214C
:10624000FDF75CFB0446E8F7FDFFE2B20023BDE882
:10625000704042F23801FCF780BE2B4601212046F7
:1062600001F075F9EEE710B5E8F7E6FF8379002154
:106270000C33C418E078E9F7EBFC6168FDF7C1FB6B
:106280000446E8F7DFFFE2B20023BDE810404FF616
:106290001941FCF762BE10B5E8F7CEFF8379002103
:1062A0000C33C418E078E9F7D3FC6168FDF7C2FB52
:1062B0000446E8F7C7FFE2B20023BDE810404FF6FE
:1062C0001A41FCF74ABEFE282DE9F84306468946E6
:1062D00090461F4616D00220FCF78BF9044690B179
:1062E00006221221FCF754FE1223A57920460C3514
:1062F0002544AB7085F803902E71A5F80580EF71E9
:10630000E8F760FF0120BDE8F88300207047704780
:1063100010B5FCF7EDFD0446FCF718FE2043C0B2B3
:1063200010BD10B5E8F788FF83790C331844447921
:10633000B0F80300EAF780FC60B12146EDF76AFD92
:106340000446E8F77FFF2246BDE8104040F20641D0
:10635000FCF728BE0224F4E770B5E8F76DFF8379F7
:106360001844B0F80F5005F027FE04462846EAF717
:1063700063FC80B11621FEF725FD0025204605F0BF
:1063800016FEE8F75FFF2A46BDE8704000234FF68F
:106390000441FCF7E2BD0225F0E7F8B5E8F74CFF51
:1063A000847905460C340444B4F80300EAF744FC4D
:1063B000064640B9E8F746FF0222BDE8F84042F23F
:1063C0001301FCF7EFBDAA79EB7900219B1A0C327F
:1063D0000220DBB22A44FCF74FFA014618B9E8F76D
:1063E00031FF0722E9E78379033383713046B4F83C
:1063F0000D50B4F80F70EDF7B3FC04463A46294649
:106400003046EAF727FFE8F71DFF2246D5E738B503
:1064100005F0D2FD0446FFF77BFF00280CBF0C25DA
:106420000025E8F70FFF2A4642F20E01FCF7CBFDEC
:10643000FCF763FD2046BDE8384005F0B8BD10B557
:10644000E8F7FAFE83790C330344B3F80300B3F89A
:106450000510C0B2EAF714FFE8F7F4FEBDE81040FB
:10646000002342F224011A46FCF777BD2DE9F843D8
:1064700081460220884617461E46FCF7BAF80446B5
:1064800090B10A220321FCF783FD0023A579204661
:106490000C352544EB70A5F80490A5F806802F81F3
:1064A0006E81E8F78FFE0120BDE8F8832DE9F04307
:1064B000814685B002200E461F469DF844808DF827
:1064C0000F20FCF796F80546002844D02222292107
:1064D000FCF75EFD0022AC7930460C342C4404F10C
:1064E0000E0304F11401C4F80E209A806261228325
:1064F00000913A460DF10F01FCF70AFD9DF840307E
:10650000A4F80490E37006F00103A3719DF80F3026
:1065100016F0FD0FE3713B68A360BB88A3814FF6C3
:10652000FF7304D0032E08BF43464FF0FF08BDF8A9
:10653000302028466283BDF8342084F82180A2836D
:10654000BDF838206384E2839DF83C2084F8202045
:10655000E8F738FE012005B0BDE8F083F8B507463E
:10656000022016461D46FCF744F8044690B10C2262
:106570000421FCF70DFDA1799DF818300C31214460
:1065800020468F80C1F80660C1F80A50CB70E8F74A
:1065900019FE0120F8BD70B5064602200D46FCF735
:1065A00028F8044668B103223021FCF70AFDA379DC
:1065B00020460C332344A3F803609D70E8F702FEE5
:1065C000012070BD70B5064602200D46FCF711F89B
:1065D000044688B104220821FCF7F3FCB5FA85F2E1
:1065E000A37952090C3323442046A3F803605A715F
:1065F0009D70E8F7E7FD012070BD2DE9F843814665
:106600000220884617461E46FBF7F3FF0446B0B14A
:106610000B220721FCF7BCFCA579BDF820300C3516
:1066200025442046A5F80390A5F80580A5F8077035
:10663000A5F80960A5F80B30E8F7C4FD0120BDE816
:10664000F883F8B5074602200E461546FBF7D1FF42
:106650000446A0B10D220521FCF79AFCA37920463F
:106660000C332344A3F80370A3F80D602A68C3F821
:1066700005206A68C3F80920E8F7A4FD0120F8BDE9
:106680002DE9FF41164680460F466A466D460A9C34
:1066900003F1100E9446186859680833ACE80300FB
:1066A00073456246F6D124B90220FBF7A2FF0446E7
:1066B00008B31D22ED212046FCF760FCA3790C33C2
:1066C0002344A3F80380A3F80D702EB13268C3F8F9
:1066D00005207268C3F809200F332A4603CA59609F
:1066E00004A98A421860154603F10803F5D1204633
:1066F000E8F768FD012004B0BDE8F08137B513214B
:10670000827901900C328154851800220321C280C5
:10671000FBF7D1FD0198EBF7F9F804460198FFF774
:10672000F4FD204410F0FF0004D101A8FBF7ECFDBC
:1067300003B030BDA8708000013068700198E8F7A0
:1067400041FDF5E770B5064602200D46FBF751FF07
:10675000044678B104220521FCF733FC0022A3791A
:1067600020460C332344A3F803605D719A70E8F768
:1067700029FD012070BD13B5837901900C33C41835
:10678000C05CEAF759FA20B901A8FBF7BDFD02B0D9
:1067900010BD019962788B7912F0300F03F1040378
:1067A0008B714B790CBF43F0010303F0FE034B7177
:1067B000EAF76AFFEBE72DE9F041E8F73DFD837961
:1067C0000C33C418B4F803801FFA88F0EAF734FADF
:1067D0000746E8B1A2796179FDF7F0FE0646E8F7D1
:1067E00031FD05460223324642F27A01FCF7B5FB41
:1067F000AB791D44A5F8128066B9A37953B1384628
:10680000FEF79AF801463846BDE8F041FFF786BC2E
:106810000226E4E7BDE8F0814368143B4360A0230F
:106820000B6070471AB94268A2EB530242600A68D3
:1068300002EB83020A60704730B58842BDF80C4015
:1068400019D8052817D9B1F5486F14D8B3F5FA7FD0
:1068500011D240F67645A2F10A0080B2A8420AD8C9
:1068600003FB04444C4312B26400B4EBC20F94BF68
:106870000120002030BD0020FCE7C94350E8003F64
:106880000B4040E80032002AF8D1704700207047E2
:1068900008B5ECF7A3FEBDE80840EDF7F7B82DE921
:1068A000F04104460F4600260125214686F00100EE
:1068B000FDF7B4FD4FF48051FFF7DFFF836880469A
:1068C0003BB1028ABA420CD10022012120469847EE
:1068D0000540731C022B4FF00106E6D12846BDE8A7
:1068E000F0810268D10502D500221146EEE7930738
:1068F000EFD52046FDF7DBFD02460028E9D1052152
:10690000D8F80830E2E708B5FDF7A2FD00230380C0
:10691000436008BD38B504460D46FCF7E8FB294640
:106920002046BDE83840EAF7AFBE10B5837904468B
:106930000344187BECF742FE01462046FBF7BBFC04
:10694000A0790C30204410BD07B540F20332C2805C
:1069500042798DF8071042F0030242710DF10701F0
:106960000122FBF7B4FC03B05DF804FB70B50C46E4
:106970000546072120461646FFF7E6FF2046FFF7AB
:10698000D4FF214646702846BDE87040FFF7C2BFDD
:1069900038B50C4600210546FDF797FD47F6FE7316
:1069A000241AA4B29C4205D928462821FEF7F3F9FF
:1069B000002038BD0120FCE738B504460D460146ED
:1069C0000020FDF72BFD03689B0505D429462046D2
:1069D000BDE83840FFF7DCBF002038BD2DE9F041AD
:1069E00015461F469DF81880FDF718FD044605F072
:1069F000E3FAB8F1010F064623D154E8003F43F40F
:106A0000807344E80032002AF7D105B354E8002F20
:106A100042F4007244E80023002BF7D1FF21204606
:106A2000FFF72BFF54E8002F48EA020244E8002356
:106A3000002BF7D13046A5602782BDE8F04105F074
:106A4000B6BA4FF480712046FFF717FFDDE74FF429
:106A500000712046FFF711FFE0E773B506460120FD
:106A60000C46FDF7DBFC002305461A460093214641
:106A70003046FFF7B3FF6B6863B14FF48071204677
:106A8000EAF708F955E8003F43F4007345E800329F
:106A9000002AF7D105F090FA05462046FDF7D8FC0C
:106AA00028B103881BB14FF40070FEF78FFA284617
:106AB00002B0BDE8704005F07ABA38B505460C461C
:106AC000FDF7ACFC83684BB10221204600229847B9
:106AD00021462846BDE83840FFF7BFBF38BD012931
:106AE00038B505460C4608D0CC1E012C03D801460B
:106AF0000120FFF7E2FF012038BD2221FDF7E2FC73
:106B000020462946FFF7D9FF0020F5E708B5FDF735
:106B100085FC006800F0F00008BD10B50146044691
:106B20000120FFF7F3FF20B92146BDE81040FFF731
:106B3000EDBF10BD70B506460D4601460120FDF7BC
:106B40006DFC314604460020FDF768FC22680368AE
:106B500042EA0301C90523D4920549BF248A4FF6AE
:106B6000FF74641BA4B29B0554BF4FF6FF73038AE6
:106B7000304644BF5B1B9BB29C42A8BF1C46FCF73F
:106B800012F9002804DB411B89B28C42A8BF0C46D5
:106B90004FF6FF739C4208BF4FF0FF34204670BD94
:106BA0000124FBE72DE9F341044601910146012050
:106BB0001546FDF733FC214606460020FDF72EFC66
:106BC00080462046FDF733FC010706D501A8FBF7F8
:106BD0009BFB0C2002B0BDE8F08105F0EDF93368B5
:106BE00007469A0503D4D8F800309B0509D50199CA
:106BF000301D8D60FBF722FC384605F0D8F90020E7
:106C0000E8E705F0D4F920460199A847E2E738B54E
:106C1000014604460120FDF701FC05460C30FBF758
:106C200073FB281DFBF770FB21460020FDF7F6FBE8
:106C300004460C30FBF768FB201DBDE83840FBF72D
:106C400063BB70B5014605460120FDF7E7FB06462C
:106C50000430FBF7E0FB044670B14FF4007130469E
:106C6000FFF70BFE21462846A368984720B120462F
:106C7000BDE87040E6F770BF70BD00238260C0E9D8
:106C800000310373704708B50B4601461846FDF7FF
:106C9000C5FB4078C0F3400008BDFFF720BFCB1E06
:106CA000012B70B504460D46164606D81A21FDF78D
:106CB00009FC40212046E9F7EDFF324629462046EF
:106CC000BDE87040FFF70BBF38B504460D46FDF731
:106CD000EEFB28B1012D04D122212046FDF7F2FB65
:106CE000002038BDF8B50C468B7907460B44D3F825
:106CF0000D60D3F811303246EAF71EFC0921204618
:106D0000FFF722FE2046FFF710FEA579EBF76EFB9A
:106D10000C3566F0FF0625440640C5F80160EBF728
:106D200065FB3846C5F805102146FFF7F3FD022143
:106D30003846ECF77FFCF8BD70B50E4605460146B7
:106D40000020FDF76BFB012E044603D0022E11D06C
:106D5000012070BDC16828468B7919440D31FDF7BB
:106D600025FCE068E6F7F8FE00202946E060FFF722
:106D700074FEEDE7C068E6F7EFFE0023E360E7E7A7
:106D800038B50D46044601460120FDF747FB012DAD
:106D900008D100F112012046FDF708FC21462846E3
:106DA000FFF75BFE012038BD08B5FDF746FB00F09C
:106DB000010008BD38B50C4602210546FDF73FFB32
:106DC0000C212046FFF7C0FD2046FFF7AEFD4FF037
:106DD000FF3383700223C3700F234370602303715A
:106DE0000623214643712846BDE83840FFF792BD8F
:106DF000F8B50C460546FDF71AFB00F0010787F0D1
:106E0000010729463846FDF709FB012C0646C068F4
:106E100003D0022C21D00120F8BD83790C33C41893
:106E200023892846E288A188FDF779FC6188627889
:106E300049005200284689B2FDF719FBF068E6F7D1
:106E40008BFE002328464FF48031F360FDF7FBFAF8
:106E500029463846FFF701FEDDE7E6F77DFE002311
:106E60004FF480312846F360FDF7EDFAD3E70429AB
:106E700010B5044601D0002010BDFDF7D8FA00F08F
:106E80000100C0F10200EBF72BFA0028F3D1FBF769
:106E9000B0FB014608B90220EEE72046ECF784FF7C
:106EA0000028F8D10120E7E72DE9F0410F4604461C
:106EB0009046FDF7BCFA00F0010585F0010521467A
:106EC0002846FDF7ABFA012F064603D0032F0FD05B
:106ED00001200BE02046FEF75FFD22212046FDF752
:106EE000F1FA28462146FFF7E8FD0020BDE8F081D1
:106EF000C068E6F731FE00232046F360FEF74CFD44
:106F0000204698F80410FDF7DDFA20462021E9F725
:106F1000C1FE21462846FFF7D0FDD9E7F7B5014667
:106F200004460020FDF77AFA054600F112074FF4F7
:106F30008060EBF7D5F950B92046E9F795FE3A465F
:106F4000698B80B203B0BDE8F040FFF77ABB204602
:106F5000E9F78AFE064620466D8BFDF766FA0022A9
:106F60000346009229463A46B0B2FFF789FB03B0C8
:106F7000F0BD83781A2B09D81B2383700288B2F5E1
:106F8000A47F07D24FF4A473038007E0FB2BF5D94D
:106F9000FB23F2E744F290239A42F5D870472DE99B
:106FA000F04304468A884E888B790D88C97987B06A
:106FB00043EA012303A8ADF80C308DF80E20EDB2A2
:106FC000FFF7D7FF04A8BDF80C909DF80E80ADF830
:106FD00010608DF8125005A9FFF7CBFF2046BDF8D1
:106FE00010709DF81260FDF703FF0B212046FDF79E
:106FF000BCFE40F6480544F29023002818BF1D4609
:107000004346BDF814209DF816104D45D4BF009599
:10701000CDF80090FB2BA8BFFB23BA42A8BF3A468D
:10702000B142A8BF31462046FDF703FC07B0BDE8DA
:10703000F08337B5144605461046FFF785FC204619
:10704000FFF773FC01A904462846FDF7D1FE0B218A
:107050002846FDF78AFE6FF004036370002344F2B4
:107060009022A37040F64803002818BF1346A4F8E6
:1070700003309DF80630A4F80530BDF80430A4F8BC
:10708000073003B030BDFFF72ABD022973B50546AE
:107090000C4603D00024204602B070BD0521FDF748
:1070A00035FE0028F6D0EAF7F1F81B28F2D94FF4A4
:1070B0000040EBF715F90028ECD1FBF79AFA0646E9
:1070C0000028E8D0284601A9FDF792FE314628465F
:1070D0009DF80630BDF80420EDF7B0F80028D9D1AE
:1070E0000124D8E7012910B504460FD0033901293E
:1070F0000AD8FEF72AFE4FF480412046FDF7A3F997
:1071000021460120FFF7D9FC012010BD2221FDF707
:10711000D9F94FF480412046FDF795F92046FEF756
:1071200014FE0020F1E72DE9F0478A46222180462F
:1071300015461F46BDF92090FDF7E8FD60B302201B
:10714000FBF757FA064648B32521FFF7FDFB30460B
:10715000FFF7EBFB6B0003F00203C5F340051D4393
:1071600085700A2540F2EC4397FBF5F799450446F4
:1071700080F801A0C7700DD04846E7F7CBFF90FB21
:10718000F5F35BB2404631462371FFF7C3FB0020A5
:10719000BDE8F0877E23F5E71120F9E70720F7E740
:1071A0007FB54A1E042A03460E464FF0000451D80C
:1071B000012902D1008804B070BD022905D10088E0
:1071C0005B88984238BF1846F5E74A00014601A897
:1071D000ADF80440ADF80640ADF80840ADF80A40FF
:1071E000ADF80C40FAF761FD032EBDF80400BDF8C0
:1071F0000650BDF8081030D0042EBDF80A3035D046
:10720000A84298BF2C46BDF80C209CBF05462046DE
:10721000934202D814461A462346AA4238BF2A4649
:10722000834228BF034698B2814222BF0B460146E3
:10723000184692B2904228BF104680B2884238BFAA
:107240000846B8E723464FF6FF72E3E71A464FF6C3
:10725000FF73E2E74FF6FF70ADE7A842F2D82B4686
:107260002246054618464FF6FF73D6E7A842EDD8EA
:107270002A4605461046E6E7F7B54A1E062A0546A1
:107280000C464FF0000300F28680012903D190F9EB
:10729000000003B0F0BD022907D190F9000095F974
:1072A00001309842B8BF1846F3E70A46033C01464E
:1072B00068468DF800308DF801308DF802308DF879
:1072C00003308DF804308DF805308DF80630FAF76C
:1072D000ECFC9DF900309DF901509DF902609DF98B
:1072E0000500032C41D8DFE804F0594743027F2210
:1072F00098429DF9044044DB9DF903108B42DEBFA8
:107300000F4619463B46AA4202DA2F4615463A4630
:10731000A642DEBF274634463E468D42B8BF0D46E4
:107320009842A2BF014618460B469442DEBF114662
:1073300022460C468242B8BF024652B2A242A8BFC1
:107340002246B342A8BF33466DB258B28542DCBF75
:107350000346284652B2D8BF1D469042B8BF1046D9
:1073600040B2A842A8BF284693E79DF90620BFE790
:107370007F226FF07F00BBE77F226FF07F04104613
:10738000BAE7194603460846B6E77F206FF07F014B
:1073900002460C46BCE76FF07F007AE713F1800FDE
:1073A000F3D17F221C4619461046B1E72DE9F04182
:1073B000446B05460E4604B9846B2B6AC3F3402028
:1073C0009B052ED50CB9EB6A4BB32846FCF798FC0D
:1073D0002B6AC3F30052904211BF01205F0D87EA70
:1073E000935707F0010007469CB194F806802846A1
:1073F00008F10C08A044FCF774FC98F8023013F074
:107400003F031CBF98F80330C3F340032FB9584023
:10741000C0B206B13460BDE8F0810120F9E7204632
:10742000F9E7002CD1D1F6E7F7B5026A05469205D7
:107430000B460CD5C26A52B1FCF7BBFC0446F0B94E
:107440002846E8F73BFA0024204603B0F0BD0026AA
:10745000184601A90196E8F7D7FF044678B905F167
:107460002C073846FAF750FF019B2846EB62FCF7E1
:10747000A0FC044648B13846FAF746FFEE6241F2F6
:107480000703192C08BF1C46DEE72B6A43F40023D0
:107490002B62D5E7B0F85830024613F0020013D043
:1074A000C3F30010DB060ED4D36B0BB9136C5BB1C6
:1074B0009A790C321344987810F03F0004D0D878B1
:1074C000C0F340007047002070472DE9F3410546A6
:1074D000C06B10B9286C002837D04FF0000801A904
:1074E000CDF80480E8F790FF044600BB05F13C07A7
:1074F0003846FAF709FF05F13006EC6305F1400064
:10750000FAF702FF30462C64FAF7FEFE019B28468C
:107510002B63FCF7BFFC044668B13046FAF7F4FE73
:1075200041F20703192C08BF1C46C5F830802046DD
:1075300002B0BDE8F0813846FAF7E6FE2B6C304623
:10754000C5E90F34FAF7E0FE2C630024EFE72DE9DC
:10755000F04385B0894617460546039340B903A812
:10756000FAF7D2FE41F24204204605B0BDE8F083AE
:10757000022910D1C06C28B903A8FAF7C5FE41F260
:107580000C04F1E71946FBF79FFC002800F0868009
:1075900040F48054E8E739B101292DD003A8FAF767
:1075A000B3FE41F21204DFE74FF4007800F12C063D
:1075B000B5F85830980704D5B9F1000FEED0990707
:1075C00002D4B9F1010FE9D0039B42460093314642
:1075D0003B462846FCF73EF904460028C4D13068F3
:1075E000FAF721FF40F2726398420AD93046FAF75F
:1075F0008BFE41F20704B7E74FF4806800F13006D4
:10760000D6E7B9F1000F0BD1BF2809D9B5F858302A
:107610009A0705D03046FAF777FE41F24504A3E712
:1076200031462846FCF73AF9044600289CD1BB07AE
:107630002FD595F8743095F8739003F00F02B8F5D4
:10764000007F49EA022915D02846FCF723FC0446AE
:10765000F8B195F87430304623F00F0343EA19234C
:1076600085F8739085F87430FAF74EFE192C7FF484
:107670007BAFBEE709F1010285F8732023F00F0309
:10768000C2F303221343284685F87430FCF791FBBC
:10769000DDE73A4641462846FCF72BF9002463E72C
:1076A00070B5044604F088FC002106462046E8F741
:1076B000CFFA054628B90024304604F078FC20466D
:1076C00070BDC06C30B9286D0028F4D0FBF733FCD6
:1076D0000446F1E7FBF7F5FB04460028ECD1F2E79E
:1076E000FCF767BC002208B511461046FBF75EFBAD
:1076F00008BD002238B50D46044611461046FBF77A
:1077000055FB3DB1A07FFBF748FB0021024604205A
:10771000FBF74CFB38BD10B504460620E2F702FB30
:107720000122014623461046E4F7EEF908B1002392
:10773000236010BD07B50421019001AA40F2074063
:10774000EFF768FC03B05DF804FB70B506460D4624
:107750001C461BB98A420BD06FF083042946304681
:1077600000F0DCF82046FFF7E5FF40F2074070BD6F
:1077700000F0BAF82046FAE72DE9F347002407465F
:1077800068468846164699460094FFF7C4FF0546AA
:1077900020B13460284602B0BDE8F0873268DDF8D9
:1077A00000A0002A3AD0DAF80430CAF81420DAB27D
:1077B0002AB923F0FF0343F00103CAF8043001247F
:1077C000F9F78CF90A9B44EA00240098CAF80440AF
:1077D00014F0FF0408BFCAF81440C360BDF82C3091
:1077E000C0F8089003800C9B438000230193BFB135
:1077F0004246394601ABDFF773FB0446009F38462B
:10780000F8F782FA384604F0A4FE6CB10023204653
:107810003360FFF78FFF40F20745BBE70446CFE731
:1078200001A9DFF789FCE8E7019B3360B2E708B5FF
:10783000DFF7B6FC18B1FFF77DFF40F2074008BD47
:1078400008B5F8F771F810F1880F05D018B1FFF7F7
:1078500071FF40F2074008BD0020FCE708B5F8F7CB
:10786000EFF818B1FFF766FF40F2074008BD2DE9B9
:10787000F3414FF00008076801AB10220446384678
:107880000D46CDF80480F8F7FDF806463846F8F7BF
:10789000B9F8384604F05DFE334610212846019AB7
:1078A000C4F80080FFF751FF02B0BDE8F08138B5A1
:1078B000056804462846F8F7A5F8284604F049FE6E
:1078C0000023236038BD70B505460E46F8F71CF955
:1078D000044640B13146284600F020F82046FFF724
:1078E00029FF40F2074070BD0B4630B5421E0844E8
:1078F000CC1AA34200D830BD12F8014F10F8015D38
:10790000013B15700470F3E70A4401388A4200D144
:10791000704712F8013D00F8013FF7E700230144EA
:10792000884200D1704700F8013BF9E7002070471A
:1079300083790C331844704710B50446A1F1140044
:10794000FAF771FD201A20EAE07080B210BD70B520
:107950001C460D461646FFF7EFFFA04207D322460E
:107960003146A5F11400FAF74CFF012070BD00204C
:10797000FCE773B506460C46104601929AB90A46D2
:107980000821FAF7A6FE019028B9224608212920ED
:10799000FAF79FFE0190019818B183790C331844CF
:1079A000067002B070BD01A8FAF735FD054601A8C2
:1079B000FAF7AAFC2246082128460195FAF775FF36
:1079C000E9E72DE9F0411646069A074688461D4626
:1079D000FFF7CFFF0446F8B114382A463146069027
:1079E000FAF70FFF854218D9069B06A81C7904F008
:1079F0002004FAF789FC7CB9424608212920FAF7CD
:107A000068FE069040B12A463146FAF7FAFE8542F2
:107A100006D906A8FAF778FC00242046BDE8F081D4
:107A2000069A93790C33D418D754F6E711B1143968
:107A3000ECF7D6BF1A20704738B5002204460D4631
:107A400002200321FFF795FF014608B1A0F801507D
:107A50002046BDE83840FFF7E9BFF8B504460F46B9
:107A6000164605210120069A1D46FFF782FF0146B2
:107A700038B14770468005712046BDE8F840FFF7F1
:107A8000D5BFF8BD38B50D46032104460846FFF7BB
:107A900070FFA0F8015001462046BDE83840FFF7CE
:107AA000C5BF73B50546084611466C891A46641A67
:107AB000BDF81830A4B29C4228BF1C46079B089E04
:107AC00000932346FFF77DFF014630B128463480FE
:107AD00002B0BDE87040FFF7A9BF1A2002B070BD28
:107AE000012110B5002204461320FFF742FF014692
:107AF00020B12046BDE81040FFF798BF10BDF7B594
:107B00004489054618460F4616460193FAF78BFC42
:107B1000053CA4B2844203DA011B01A8FAF7CEFCAB
:107B200005210198FAF769FD014628B901A8FAF77D
:107B3000EBFB1A2003B0F0BD83790C33C218172079
:107B4000C8542846A2F80170A2F80360ECF748FF79
:107B5000F0E7012110B5002204461920FFF709FFC4
:107B6000014620B12046BDE81040FFF75FBF10BDC1
:107B700073B50E46002144890546033CA4B2A342D6
:107B8000009128BF234603211B20FFF71AFF01465F
:107B900078B110F80F3CA0F8016003F00F0343F038
:107BA000100300F80F3C284602B0BDE87040FFF714
:107BB0003DBF1A2002B070BD73B50E460021448946
:107BC0000546033CA4B2A342009128BF23460321EB
:107BD0001D20FFF7F6FE014638B1A0F801602846E7
:107BE00002B0BDE87040FFF721BF1A2002B070BD9F
:107BF0004B88042B07D1836C08885B8998428CBF23
:107C00000020012070470020704710B504468069AD
:107C100020B10021EEF784FF0023A36110BD07B55A
:107C200001228DF807100DF10701FAF7EAFD03B004
:107C30005DF804FB73B505464FF428500C4601F07F
:107C40004EF8064600F0F8FD90B3022C02D8002052
:107C500002B070BD002031460DF105030DF10602A2
:107C6000ADF8060000F00EFFBDF80630621E9A4225
:107C7000064619DC072CEAD9023CA3B20824ADF869
:107C800006300133D9B22846FFF7C9FF21462846FE
:107C9000FFF7C5FF31462846BDF80620FAF7B1FDCB
:107CA000BDF806000230D3E7002BD0D00924E8E766
:107CB0004FF0FF30CCE702292DE9F34104460D4691
:107CC0001746184603D8002002B0BDE8F08101F045
:107CD00006F8064600F0B0FD0028F4D04FF000088A
:107CE00031460DF105030DF106024046ADF8068060
:107CF00000F0C8FEBDF80630BDF8202006469342CD
:107D000028BF1346AB4228BF2B469DF80500ADF8AF
:107D10000630C0B9002BD7D001339AB2AA42D3D2D1
:107D2000D9B22046FFF77BFF39462046FFF777FFA1
:107D300031462046BDF80620FAF763FDBDF806007F
:107D40000230C0B2C0E74046BEE707B501A9ECF774
:107D500023FF38B9019B93F82500C0F3800003B0DE
:107D60005DF804FB0020FAE7002008B5ECF79AFF65
:107D700008B9FF2006E0C37B012BF7D1436ADB067D
:107D8000F4D5007808BD37B50D4601A91446ECF7C7
:107D900003FFA0B9019A536A13F010000DD0C3F38A
:107DA000C0232B70D27B0120531E042B8CBF0023D9
:107DB0000123032A08BF0023237003B030BD002035
:107DC000FBE738B5436A0446580705D500232078F9
:107DD0001A461946EEF7F2FC636A990706D5204663
:107DE000ECF7EEFE636A23F0020363621A0719D50B
:107DF000E5799B04C5F3C0022DD4532D2DD0A5F1F8
:107E0000140CDCF1000545EB0C05214611F8010BC3
:107E1000EEF776FCF0B9636A0DB343F4802323F0E8
:107E200008036362D80614D513F400651AD02046FF
:107E300000F021FA70B9636A590736D45B0308D59C
:107E4000214611F8010BEEF7CDFF636A23F480237E
:107E50006362002038BD0025D7E70125D5E723F46C
:107E60008023DCE71A060FD5E37B03F0FB03012B2D
:107E7000E1D021692078EEF769FC636A256123F07F
:107E8000800363620028E5D1E27B023A012AD2D85E
:107E9000D805D0D561692078EEF774FC00236361C2
:107EA000636A23F480736362C4E7E17BA28D0129D6
:107EB00003D192B1802A28BF802259064CBF0123EA
:107EC00094F8303001212078EEF778FC0028C1D1F9
:107ED000636A23F004036362B0E74022EDE72DE913
:107EE000F04F054600F1100987B0484605F1140827
:107EF0000C461646FAF708FA4046FAF705FA00204B
:107F0000FAF777FB0390002800F0EB80012E40F297
:107F1000726618BF1F26012C6BD0022C0CBF0624E2
:107F200004240221FFF77BFE01210398FFF777FE6F
:107F300021460398FFF773FE0398FAF774FA0123BA
:107F400084B2311B0A22009389B242F607230398B8
:107F5000FFF7B1FE04230444A4B2311B00931222A4
:107F600042F60423039889B2FFF7A5FE00EB040A4A
:107F70001FFA8AFA039BA6EB0A07012F04933ADC47
:107F8000002401F0B3FE002840F0A580391B0398BF
:107F900089B2FFF74FFE04464846039FFAF7B4F94B
:107FA0006B6A2F6143F0800203F4006323436A622B
:107FB00015D101F09BFE90B9FAF71BFB039070B14D
:107FC0003146FFF737FE002840F387804046039C88
:107FD000FAF79AF96B6A6C6143F480736B62686AB2
:107FE00010F0100002D02846FFF7EBFE07B0BDE806
:107FF000F08F052495E70020FAF7FBFA059000289A
:10800000BED00221EDF75CFCB41EA4EB0A04A4B2BE
:108010008442824654D224F001011FFA81FB411AA6
:1080200005A8DA46FAF74AFA4FF0020BBAF1000F48
:1080300014D00AF101010498C9B2FFF7F0FD5946C6
:108040000498FFF7ECFD059904A8FAF7B0FA0020B0
:10805000FAF7CFFAA4EB0A040590A4B20598002819
:1080600034D0022C38BF0224023CA4B20F2C2DD9EC
:108070001021EDF725FC8442834624D224F00F0121
:108080008CB2411A05A8A346FAF718FA06240BF198
:1080900001010498C9B2FFF7C2FD21460498FFF719
:1080A000BEFD059904A8FAF782FA0AF102035B44BF
:1080B0009BB2BAF1000F01D002339BB21C4660E7BD
:1080C0004FF0030BB2E708B10724E0E705A8FAF781
:1080D0001BF95346EDE700245EE703A8FAF714F90D
:1080E0007DE71A2082E713B50C4601A9ECF754FD91
:1080F000024640B9022C06D82146019802B0BDE8DC
:108100001040FFF7ECBE212002B010BDF7B50E46BF
:1081100001A915461F46ECF73FFDF8B94FF6DF738E
:10812000A6F120029A4219D8A5F120029A4215D848
:10813000AE4213D8019CE369B34202D1236AAB4239
:1081400005D0636AC4E9076543F0020363629DF8E2
:108150002030A78584F8303003B0F0BD2120FBE744
:1081600037B590F8393004465B070D462BD4ECF751
:108170007DFC6B1E042B14D8032D12D0E379142B35
:1081800023D0A3696BB9684600F0A6F9ECF7C2FFEB
:108190006946EEF73BFC18B91A25284603B030BDF6
:1081A000A061636AE57343F0160320466362FFF73C
:1081B00008FE054618B12046FFF727FDEDE72078B9
:1081C00001F092FDE9E70225E7E72125E5E707B59C
:1081D00001A9ECF7E1FC30B90198C17B03B05DF86F
:1081E00004EBFFF7BDBF03B05DF804FB37B50C46E9
:1081F00001A9ECF7D1FCE0B9052C1AD8019D28693A
:10820000FAF711F91F2814D86869FAF70CF91F2832
:108210000FD8012C0DD0231F012B0AD92146284647
:108220006B6A23F404636B6203B0BDE83040FFF770
:1082300097BF212003B030BD37B5FFF795FDFF286C
:10824000044616D001A9ECF7A7FC90B9019D204681
:108250006B6A23F010036B6201F047FD2846FFF7BD
:10826000D4FC204605F1340103B0BDE83040EEF700
:1082700099BD03B030BD436A10B5044613F08000C9
:108280000CD0E37B2078032B216908D1EEF77AFA32
:1082900000232361636A23F08003636210BDEEF75D
:1082A00055FAF5E773B504464A7968460D46063136
:1082B000ECF772FFDDE90001A4F85010090C11F091
:1082C000800FE06484F8521004F1530312D00122AD
:1082D000184605F11201ECF75FFF0C35284601F056
:1082E00070FC28B10122294604F15A00ECF754FF32
:1082F00002B070BDB4F8501094F85220C4F8530086
:1083000099809A71E9E7002337B580F8723040F61A
:10831000FF73A0F86E3083680446DA040D46C1602E
:1083200010D443F480636A46A36040F203212046E0
:10833000CDE9004502F0B2FB00212046EEF7F0FB4C
:1083400003B030BD90F87600FFF741FFA36823F437
:108350008053E8E71FB590F87420044602F001034B
:1083600001908DF808300BB102F002038DF809304E
:1083700094F8753020468DF80A30039101F0BFFB68
:108380004FF4017101AA204602F088FB2046EEF767
:108390003FFC04B010BDEEF79BBB0A460021EDF791
:1083A000D9BF427A38B5C2F380120446B0F86E00E5
:1083B0000D46EEF745F820B9A3681DB143F400530C
:1083C000A36038BD23F40053FAE710B50446B0F8B3
:1083D0000300EEF759FB38B1617909B141F48051DE
:1083E000BDE81040FFF78FBF10BD10B50446B0F8D0
:1083F0000300EEF749FB38B1A17809B141F480518F
:10840000BDE81040FFF7A6BF10BD10B50446B0F898
:108410000300EEF739FB90B1627990F874305AB1ED
:1084200043F0010380F87430A17809B141F4805120
:10843000BDE81040FFF78EBF03F0FE03F2E710BD6A
:1084400010B504468088EEF71FFBB8B1E278AAB9F0
:10845000E179A27942EA0122A0F86220E17AA27AC7
:1084600042EA0122A0F86420227A617ABDE8104035
:1084700042EA0122A0F86620EEF7CABB10BD10B593
:1084800004468088EEF700FB20B1A179BDE81040DA
:10849000EEF7E0BB10BD532838B505460C4604D1B5
:1084A000BDE83840084601F023BC06212046FFF70E
:1084B0000AFA60B96379142D03F03F02627104D0A7
:1084C000722D07D163F03F036371A57138BD40F28F
:1084D0000740FBE72120F9E70023036083808371D5
:1084E000704710B5044660B1806C50B1ECF7BEFE29
:1084F000A06C0028FAD12046BDE810400321EEF719
:108500000FBB10BD438907B58B420CD050F80C2B24
:1085100040F2014192F87020ADF806308DF8042049
:1085200001AA02F0BBFA03B05DF804FB436943F013
:10853000040343617047436923F0040343617047B8
:10854000007DC0F38000704747F23053002200687E
:10855000F6F76CBF006802F034BA38B543690446D8
:108560009B070D4603D540F20941FFF7F3FFECF7F7
:108570004FFA08B1A3691D702046BDE8384040F2AB
:108580000941FFF7E1BF07B5027C012A09D00122AA
:10859000027440F20942914206D040F20A429142EE
:1085A0000ED003B05DF804FB4FF4816150F80C3B32
:1085B00001AA93F870308DF8043002F06FFAF0E7FA
:1085C00050F80C3B01AA93F870308DF80430F4E7B2
:1085D00038B522F000430D46114640F20322934283
:1085E00004461AD0B3F5017F09D240F2012293422A
:1085F00013D040F20222934209D0002038BD6FF41C
:1086000081621344012BF8D8FFF7BDFFF5E700F0B6
:1086100034F9204601F046F9EFE763699B0704D57A
:1086200040F209412046FFF795FF2846FFF759FF22
:10863000E3E708B500B10068EEF742FA08B903466F
:1086400002E0836C002BF7D0184608BD10B5044635
:1086500042F62A3000F043FB031B5842584110BD3C
:10866000022806D142F62A330888C31A58425841D4
:1086700070470020704710B5044642F6293000F0DC
:108680002EFB031B5842584110BD90F8200000F00B
:10869000010070471FB504466846ECF70BFF102237
:1086A000694604F1210002F036F8B0FA80F0400982
:1086B00004B010BD08B5FFF7EDFF80F0010008BD64
:1086C00070B5044600F1210591B92846ECF7F2FE99
:1086D000236893F8750001F0A2FA78B120682B4660
:1086E000BDE8704010220D2190F8750001F095BA98
:1086F000102200212846F9F7CDFAE9E770BD38B518
:108700000446002390F8202041FA03F0C50703D463
:1087100042FA03F0C0071ED40133082BF4D101F054
:10872000010523682A4384F8202093F8750001F09E
:1087300076FA40B1234653F8200B01220C2190F821
:10874000750001F06AFA0DB9002038BD00212046FD
:10875000FFF7B6FFF8E71320F7E778B14B1C0CD012
:108760003F290ADC00EBA10090F8310001F0030181
:108770004900084100F0030070470020704710B521
:108780000368044693F8750001F049FA50B1234696
:10879000BDE8104053F8310B10220B2190F8750002
:1087A00001F03BBA10BD10B590F87430DB0706D469
:1087B00090F87530FF2B14BF0F20052010BD847C6E
:1087C00001F0C1F9844234BF0C200020F6E7F8B56F
:1087D000044642F6021642F603070134A4B22046CC
:1087E000EDF748F8054670B1EDF714F858B1284692
:1087F00000F0B4FBB04204D1287AC31F584258415C
:10880000F8BDB842E9D10020FAE71FB50446684632
:10881000ECF750FE2046EDF72DF86A46C3680633A4
:10882000144603CC596004A98C421860224603F117
:108830000803F5D104B010BD08B5EDF71BF808B179
:10884000ECF7E8FFC0B208BD013810B580B2EDF713
:1088500011F8044608B9002010BD408800F06FFBF5
:108860000028F8D0207BF7E708B5EDF703F818B13A
:10887000007AC31F5842584108BD70B5054655F8E7
:10888000213B044693F8750001F0C9F920B9284648
:10889000BDE87040ECF70EBE234653F8310B1022B2
:1088A0000B2190F8750001F0B6F9234653F8200B20
:1088B00001220C2190F8750001F0ADF920682B46DB
:1088C000BDE8704010220D2190F8750001F0A3B9A9
:1088D00001302DE9F04185B228460E46ECF7CAFF7B
:1088E00042F60217044642F603089CB12046ECF714
:1088F00091FF78B1204600F031FBB84205D10EB1AE
:1089000023883380607BBDE8F081204600F026FBA1
:10891000404502D14FF0FF30F5E70135ADB22846B2
:10892000ECF7A8FF0446E0E7F8B5064608460D4612
:108930001746FFF74CFF044658B939462846FFF75B
:10894000C7FF431C014606D03046BDE8F840FFF79C
:1089500004BF0320F8BD2046FCE770B50546084675
:108960001446ECF787FF064608B9012070BDECF706
:1089700051FF0028F9D0E3071FD4A0073DD46307B7
:1089800040D5B38858073BD5B38813F4E06002D0D4
:108990002868FFF708FFB388990540D50028E5D17E
:1089A0002A6892F8742092071AD55B052DD52B689A
:1089B00093F87530FF2B28D11DE0B388D90731D546
:1089C00013F0700002D02868FFF7EDFEB3889A0616
:1089D00008D50028CAD12A6892F87420900703D4D9
:1089E0000520C3E70028C1D15906C6D52B6893F8E6
:1089F0007530FF2BC1D10820B8E7B3889A07BED4E1
:108A00000320B3E714F0060FBED114F40060ADD01C
:108A1000B38813F4006F0CBF06200020A6E70028DF
:108A2000A4D1C2E70220A1E738B504460846ECF716
:108A300021FF054608B9012038BDECF7EBFE002800
:108A4000F9D0AB8813F4E04002D02068FFF7ABFE0A
:108A5000AB88990408D50028EED1226892F87420DA
:108A6000920703D40520E7E70028E5D113F48040FE
:108A7000E2D0236893F87500A0F1FF0358425841F3
:108A8000C000D9E72DE9F0474FF00009044683F80C
:108A900000900846A2F80090884616461D46ECF75E
:108AA000E9FE074620B9012300202B70BDE8F087BE
:108AB00074B1ECF7AFFE0028F5D04046FFF7DBFDC0
:108AC00030B1012385F8009004F120003380EDE7F8
:108AD0002B46324639462046BDE8F047ECF776BCD7
:108AE00070B516461C460D4609B9012070BDF0B997
:108AF000297A072907D8DFE801F0042225282A046B
:108B000004200320F2E70022BDF910309342B8BFE1
:108B10001346B3421DDB022908BFEB6804EB0600D5
:108B200008BF5B889842CCBF0D200020DEE70846D6
:108B3000ECF770FE0028DBD1D7E78020D6E7EB68A2
:108B40005A88E1E7EB689A88DEE70222DCE7062034
:108B5000CCE70720CAE72DE9F043064685B0084672
:108B6000894690460393ECF785FE044638B903A87E
:108B7000F9F7CAFB0127384605B0BDE8F083ECF7EA
:108B800049FE0028F3D0039888B1F9F74CFC85B270
:108B90004FF0FF334246009321462B463046FFF705
:108BA0009FFF074628B103A8F9F7AEFBE3E70546A8
:108BB000EEE7207A022827D003282AD0012841D1C5
:108BC000E06806303B462A4603994044F9F792FB99
:108BD000002EE8D0237A032B36D103A8F9F794FBB3
:108BE00000212046ECF7FEFD002836D00588617B89
:108BF0003046FFF7B2FD0122034629463046CDF844
:108C0000009000F0A5FCB6E7E06805EB0803838060
:108C1000D7E7039B9A79D979891AC9B24D1E012DDC
:108C20001FD8134402291A7B04BF5B7B42EA03224C
:108C3000237B32EA030315D101233046617BECF735
:108C40009BFBC5E7002EAED0039B49460093304600
:108C50004346327F00F062FC8DE709F1FF35ADB28B
:108C6000C5E70D2007469EE7884270B504460D46CD
:108C7000164611D8012838BF01242046ECF7FAFD2A
:108C800010B14388B34208D00134A4B22046ECF7B7
:108C9000D1FD08B1A542F0D20024204670BD70B5C8
:108CA0000C4616461D460146B8B1B3B1022C01D0A0
:108CB000102C12D1E0B2ECF711FD4FF6FF71884293
:108CC000024602D141F20A1070BD3046FFF7CCFFD8
:108CD0000028F7D028800020F6E72120F4E70023C1
:108CE00007B50122ADF80400ADF8063002210DF100
:108CF000060301A8FFF7D3FFBDF8060003B05DF837
:108D000004FBF8B50F461646441CA4B22046ECF707
:108D1000B1FD10B9013CA0B2F8BD00F01FF9054645
:108D2000304600F0F7F820B1284600F0F3F80028AC
:108D3000F0D1304600F0E7F820B1284600F0E3F823
:108D40000028E7D10134A4B22046ECF773FD08B146
:108D5000BC42DBD94FF6FF70DEE72DE9F04F9A46B3
:108D600087B08B880D460C88814604A90220ADF897
:108D700010309046ECF7B2FCAB680090A888AF8941
:108D8000059300F0C0F838B1102F05D105A8ECF715
:108D90008BFC022808BF02279DF840B00BF0010BA6
:108DA00038E02046009AFFF75FFF0646A8B3AA887E
:108DB0006988FFF7A6FF04463046FFF73DFD40EA0D
:108DC0000B00C0B200B30DF10F03314648460DF160
:108DD0001202FFF757FE9DF80F302BB1A8F8006084
:108DE000184607B0BDE8F08FBDF81220BA420BD18B
:108DF0003A460599019301F08EFC019B20B9A8F831
:108E00000060AAF80040EBE74FF6FF739C4201D0E8
:108E10000134A4B26988A142C3D20A23E0E708B5AD
:108E2000ECF728FDBDE8084000F098B838B50546D5
:108E30000846ECF71FFD044610B94FF6FF7038BD29
:108E40000DB96088FBE7ECF7E5FC0028F9D1F4E701
:108E500070B5044642F60520FFF741FFB0B100218E
:108E6000FFF736FD054601462046FFF776FC06462D
:108E70001022002104F13100F8F70CFF3246294698
:108E80002046BDE870400023ECF776BA70BD7FB590
:108E900004460D46102200216846F8F7FBFE002626
:108EA000AA57531C19D031462046FFF756FC1146ED
:108EB0000346002AB8BFD11C04A800EBA101504210
:108EC00000F0030002F0030258BF424252009340F8
:108ED00011F8102C134301F8103C0136402EDFD15D
:108EE0006B4604F131051A4603CA696004A98A4237
:108EF0002860134605F10805F5D1204604B0BDE809
:108F00007040FFF73CBCA0F5205001288CBF00202A
:108F10000120704742F60303C31A58425841704774
:108F200008B5030409D4ECF7A5FBA0F5205080B2E6
:108F300001288CBF0020012008BD0020FCE70204AE
:108F400008B507D4ECF796FB42F60303C31A584260
:108F5000584108BD0020FCE7C00B70470346B3F939
:108F600002304088002B01DBECF784BB0020704707
:108F700008B5FFF7F3FF42F60303C31A58425841FE
:108F800008BD08B5FFF7EAFFA0F5205080B2012820
:108F90008CBF0020012008BD1FB550F80C4BADF868
:108FA0000A3094F87040069BADF806108DF8082042
:108FB00040F2035101AA8DF80440039301F06EFDC5
:108FC00010B906A8F9F7A0F904B010BD2DE9F047D3
:108FD000089C0E4617469846054610B1037C012BA7
:108FE00061D02846FFF7A2FA14F0800930460CBF82
:108FF0004FF0100A4FF0200AFFF726FC1AEA000F84
:109000004DD03046FFF70BFF42F6052398420FD1B3
:1090100014F0010219D031462846FFF705FD08B3C8
:1090200000F588542846FFF786FA2046BDE8F08709
:109030002846FFF72AFB0028EAD02846FFF73AFB2C
:109040000028E5D041F21214ECE7B9F1000F3146E7
:1090500028460CBF01240224FFF766FC2042DAD127
:109060000224DFE7B9F1000F11D0EB8BCBB94346F7
:109070003A4631462846FEF79FFD04460028D1D1E6
:1090800040F20A412846EE83FFF75EFACAE74346FC
:109090003A4631462846FEF76BFD0446C2E72124D6
:1090A000C0E70524BEE70724BFE72DE9F047002508
:1090B00086B09DF8389090F81CA004460F46904664
:1090C0000F9E0577B9F1000F09D00A464B4651466D
:1090D0000096FEF7C2FC284606B0BDE8F087BAF15C
:1090E000080FADF8169026D145893246043DADB241
:1090F0009D424FF002014FF00900A8BF1D46FEF748
:1091000038FC0222814605A93046ADF81470F9F703
:1091100078FB2A4641463046F9F773FB0546831C27
:109120003146204689F80130EBF75AFCADF816506D
:10913000BDF81600D0E7BAF10A0F0DF1160214BF00
:109140000D210B21CDE90162009301224346FEF778
:10915000A8FC1A28ECD111233A4651462046CDF8F6
:109160000090ADF81690FEF778FCE1E7F0B5002529
:1091700089B017460122039304460E46ADF81650F7
:10918000FFF7EBFB03468DF81500002844D130466D
:10919000FFF75CFA10B13046FFF737FB3046FFF7B8
:1091A00063FBB8B103A8F9F7AFF8204650F80C2BD1
:1091B000237F92F8702040F202518DF8182006AA01
:1091C000ADF81A608DF81C30ADF81E7001F066FC29
:1091D00009B0F0BD0DF115030DF116023146204620
:1091E000FFF750FC9DF8153002465BB9BDF816102C
:1091F0008F428BBF0723C91B8DF81530D21998BF3A
:10920000ADF8161003992046CDE900313146BDF87E
:109210001630FFF74AFFDBE72A46F3E72DE9F04F68
:1092200089B00290184605930C461546FEF780FB60
:1092300080460598F9F7F7F80023B0F1010A8DF898
:109240001D3000F08B801AF0010740F087805046F7
:10925000B5F80A90E4F7DAFE0646002800F08480AC
:10926000524608F10101F8F720FD01212046059A38
:10927000FEF77FFBB8460AEBDA7A09F1FF3B039071
:109280004FEA6A0ABA4544DD36F817400122214602
:109290002846FFF762FB8DF81D0068B92046FFF7EE
:1092A000D5F910B12046FFF7B0FA2046FFF7DCFAF7
:1092B00078B180238DF81D303046F9F72FFB059BE0
:1092C0002246009328469DF81D300299FEF7C5FB03
:1092D00026E00DF11D03214628460DF11E02FFF781
:1092E000D1FB9DF81D300490002BE5D1029B202B73
:1092F0001BD1ABEB0803012B0BDD0DF11E0102228C
:109300000598F9F77EFA012801460CD805A8F9F767
:10931000D5F83046F9F702FB28460399FEF786FB9D
:1093200009B0BDE8F08F08F10208BDF81E20ABEBD4
:1093300008039A42C2BF09F1FF32A2EB080292B2BF
:10934000DDE90410C8BFADF81E20F9F75AFABDF8E0
:109350001E309842DDD39844013793E7042300245C
:109360008DF81D302646A7E71123F8E700232DE9E5
:10937000F04F89B004460F46164605932AB9436953
:109380001A0726D523F00803436105A8F8F7BCFFA8
:1093900004F14400F8F7B8FF00232377002E7AD0B9
:1093A00000933A46334618212046FEF756FB06F551
:1093B0008856204650F80C3B40F2055193F8703027
:1093C00006AA8DF81830079601F068FB09B0BDE8D1
:1093D000F08F406C0590D8B9054604F1440840462A
:1093E000F8F7B1FF034605900028CED099792046C2
:1093F00001F10C021A44B2F801700531B2F80320F1
:1094000099713946FFF7A7FB05950028E7D022E0C0
:1094100083794FF0FF3B0C331844B0F80170B0F87B
:1094200003A03846ECF726FA03900598F8F7A7FF53
:10943000656CA0F105081FFA88F8059B9D420CD1C8
:109440004346524620460399CDF800B0FFF748FB4B
:10945000E8B100230593064697E7AB790C3305EB9B
:109460000309B9F80120BA420CD12846F8F787FF62
:10947000B9F80320431F12FA83F35B45B8BF5B467C
:109480000FFA83FB2846F8F773FF0546D5E70598E2
:10949000F8F76EFF9EE72046FEF75BFB89E7F7B51E
:1094A0001E4600231360338004460D461746FFF71F
:1094B000CDF810B12046FFF7A8F9214600200DF1A4
:1094C00005030DF10602FFF7DDFA9DF8054024B90A
:1094D000BDF806402CB9002001E004F5885003B027
:1094E000F0BDAC4204D32844641B38603480F2E7FA
:1094F00041F20710F3E770B504460D461646FFF734
:10950000A5F840B933462A462146FFF724FB08B1A7
:1095100000F5885070BD41F20310FBE71FB550F80D
:109520000C4BADF80A3094F87040069BADF806106D
:109530008DF8082040F2015101AA8DF804400393F0
:1095400001F0ACFA10B906A8F8F7DEFE04B010BDC1
:109550001FB550F80C4BADF80A3094F87040BDF8C8
:109560001830ADF806108DF8082040F2045101AA19
:109570008DF80440ADF80C3001F090FA04B010BD45
:10958000F0B5122785B003920777022205460E46F2
:10959000FFF7E3F9044668B103A8F8F7B5FE002326
:1095A0002B77002332460093122123462846FEF7EC
:1095B00054FA0FE0039A3046937903339371FFF71F
:1095C00053F948B1039B3A46009331462346284657
:1095D000FFF7E2FC05B0F0BD42F62930FFF77FFB54
:1095E000B042039B1BD15BB90D2403A8F8F78CFE96
:1095F00000232B77002CD4D12846FEF771FAE9E737
:109600001846F8F710FF80B20128EDD1039B2846D9
:109610009A791344197BFFF772F80446E5E722466E
:1096200031462846FFF797FA0446E1E72DE9FF4166
:109630000392042204460D46FFF78FF9074628B12E
:1096400003A8F8F761FE04B0BDE8F0814FF05208BE
:10965000039A284693790333937184F81C80FFF7AB
:1096600003F9064640B1039B4246009329463B4618
:109670002046FFF791FCE6E742F62930FFF72FFB83
:10968000A842039B0BD19A7920461344197BFFF71C
:1096900036F803A8F8F738FE00232377D3E73246DD
:1096A00029462046FFF757FAF6E72DE9FF418B7967
:1096B00004460C330B44B3F801700D463846B3F83A
:1096C0000380FFF7B9F800285BD002223946204614
:1096D000FFF743F90646E8B93846FFF7C5F80646EE
:1096E00068B116222277AB7939460533AB71204633
:1096F00043460095FFF750FC04B0BDE8F081E4F765
:1097000031FC2A463346591C0ABBDBB20633984269
:1097100020DC092604F14400F8F7F6FD33463A460A
:10972000162120460095FEF798F9092EE4D120462F
:1097300050F80C3B40F2055193F8703002AA8DF8B6
:10974000083041F20913039301F0A8F9D4E70B465E
:109750001268D8E701212846F8F7C3FF0146002820
:10976000D7D004F14400F8F769FEAB7942460533DF
:10977000AB7139462B46204604B0BDE8F041FEF7F8
:10978000BEB90126C6E713B5044641B94430F8F71F
:10979000BBFD204602B0BDE81040FEF7DAB9182242
:1097A0004369027713F0080306D00023194600939B
:1097B000FFF7F2FB02B010BD1A46194602B0BDE831
:1097C0001040FFF7D3BD7FB5C58B04462DB342F6DD
:1097D0000520FFF784FAA84207D100212046FEF7B2
:1097E0006FFF636923F001036361002640F20A41C1
:1097F0002046FEF7AFFE29460DF10E022046ADF8D9
:109800000E60FFF791F8BDF80E200346009229463E
:1098100002222046FFF79CFEE68304B070BD2DE9CE
:10982000F74305460F469046FFF706F898B32846DB
:10983000FFF70AF810F0300F30D02846FFF704F891
:1098400006460020FEF7F5FE044606F010091CB996
:10985000204603B0BDE8F083002229462046FFF7EA
:1098600063F8B9F1000F01D0C10712D4B20617D5C1
:10987000830715D5802300933A4643462946204660
:10988000FFF7A4FB1A28E4D02046FEF7D2FE0446D8
:10989000DDE70023EFE741F20110DAE72120D8E706
:1098A0000220D6E7F0B5054689B042F60520FFF75D
:1098B00016FA064604A8EBF7FDFD102205F121017A
:1098C0000DEB020000F027FF50B101212846FEF702
:1098D000F7FE2846FFF7BCFA6B6923F001036B61C2
:1098E00042F60303022003A9ADF80C30EBF7F6FEB5
:1098F0000124074620463A464FF6FF71FFF7B4F9B8
:10990000044608B909B0F0BDFEF796FF0134A4B2D1
:109910000028EFD0A64203D131462846ECF706F8DE
:109920002046FEF754FF0028E4D1ADF80E00214692
:1099300028460DF10E02FEF7F7FF03460028D9D0A6
:10994000BDF80E202146009228460122FFF700FEB6
:10995000D0E708B5EBF79CFD0020ECF719FC0020E0
:1099600008BD08B500F037F8407940F4805008BDD4
:1099700008B500F030F8407940F4805008BDF7B5E4
:1099800006460C46154600F097F9827901900C3294
:109990008652214687182646F8F78DFC9DB12B4646
:1099A0005A7922F0010242F002025A711B68002B20
:1099B000F6D12846F8F737FD2946261801A8F8F70A
:1099C0003DFDFF2E00D8F4B23846BC7003B0F0BDA8
:1099D0000022FFF7D4BF08B5E5F734FC83790C33D8
:1099E000184408BD08B5FFF7F6FF407940F48050F1
:1099F00008BD4B88052B05D108880E288CBF002098
:109A00000120704700207047F8B505460F461646FE
:109A100004210A220020F8F75CFE0246B8B18479DE
:109A200005210C3403194FF0060C00209970D870F2
:109A300002F804C013241C7102245F715870D8719D
:109A40009C7128461E81BDE8F840ECF73FBDF8BD8B
:109A500073B50546104601920C46F8F7E4FC042164
:109A600086B20198F8F7C9FD024628B901A8F8F7AF
:109A70004BFC1A2002B070BD837901900C33C118E1
:109A80004C80C65221462846ECF720FD0020F1E725
:109A90002DE9F04106468846174604210A22002097
:109AA000F8F717FE0246B8B1857900240C35431942
:109AB000052106209970DC70505501201871022094
:109AC0005C70987183F805803046DC711F81ECF77B
:109AD000FDFC2046BDE8F0811A20FBE7002070471E
:109AE0000020704707B501A80192F8F70DFC03B0FC
:109AF0005DF804FB704700207047002070477047F6
:109B00000020704713B5044601A80191F8F7FCFB4B
:109B1000022208210020F8F7DCFD024648B10521A9
:109B200083790C331844D154417006212046FFF745
:109B30008FFF02B010BD836843F400738360002080
:109B40007047704770470020704708B5ECF78CFBF2
:109B5000ECF754FEBDE80840EBF782BB08B5ECF724
:109B600047FD28B9BDE8084000200021F5F7A4BC56
:109B700000200021F5F7A0FCECF784FBEFE737B5F8
:109B8000044642F60720FFF7AAF80546B8B10A23B3
:109B9000002CCBBF0534053CB4FBF3F394FBF3F38B
:109BA0008DF807300123002118460DF10702F8F760
:109BB00063FE0022034629461046FEF7CCFF03B0A1
:109BC00030BD10B5411D441E002014F8013F5A0855
:109BD00002F055029B1A03F03302C3F3850303F02E
:109BE0003303134403EB131303F00F03A142184490
:109BF000EBD110BDA0F86E10704701238B4090F898
:109C00007110194380F87110704708B50120E4F70E
:109C1000BFF9C0B208BD0020704700F058BF00F087
:109C200059BF0078EAF764BF13B50C460DF107027F
:109C30000DF10601FEF7A7F830B19DF80600031BF1
:109C40005842584102B010BD0120FBE7EDF7F8BBC8
:109C5000FFF751BF7047704700207047704770474B
:109C60007047EDF711BE704713B50C4601A901F01E
:109C7000F7FF10B9019BC4E9003002B010BD08B570
:109C8000EDF7A2FC80F00100C0B208BD08B5FFF7F7
:109C9000F6FF00280CBF0420012008BD08B5FBF723
:109CA0009BF9002008BDEDF7A7BEEDF7B5BE002279
:109CB00080B21146EDF7AEB913B5E5F7BDFA0190E4
:109CC00001A8F8F7A8FB044601A8F8F71DFB2046F9
:109CD000032209210194F8F7E8FD0198437943F044
:109CE0000303437102B010BD7047704700207047F6
:109CF00008B5FEF7F1FB0E2008BD022070470220D8
:109D000070470020704701207047002070470846C8
:109D10001146012200F047B800F07DBA00F085BA84
:109D200000F0A0B8431E042818BF012B94BF0120E7
:109D30000020704700F01EBC4FF4DC720021F7F7E2
:109D4000A9BF0846F1F7E4BE10B50446EFF7E8F9FD
:109D5000E8B9A169D9B1238ACBB1204604F1100238
:109D600000F0FFFAB8B9E169A9B1638A9BB1204656
:109D700004F1120200F0CAFA88B9216A79B1A28A04
:109D80006AB12046E38ABDE8104000F07EBA0023A5
:109D90002382A361E6E700236382E361ECE700230B
:109DA0006361236210BDEFF7A3BB0A7838B505469F
:109DB0001046FFF7B7FF60B14C782046FFF7B2FFBF
:109DC00038B12243530704D42846BDE83840EEF7A3
:109DD0007FBE212038BDFFF7E8BF10B504460878E4
:109DE000FFF7A0FF58B14A781046FFF79BFF30B14C
:109DF000042A04D02046BDE81040EEF787BE21209B
:109E000010BDFFF7EABF00F078B9084600F05EBB6E
:109E10007047F8B506460D46EEF772F8D8B94FF61A
:109E2000FF734FF0240CEF68C1B28F4208D81C4674
:109E300021463046EEF70CFA00F0A0FB2046F8BDB4
:109E4000AA680CFB0122D4899C4202D2002CEFD0DC
:109E500023460130E8E74FF6FF74EFE7008E7047C6
:109E600000F088B970B504460D46164600F039F882
:109E700058B129462046EEF7EBF938B93246294663
:109E80002046BDE87040F3F7C5BA0E2070BD08B596
:109E9000EDF7ACFF18B1BDE80840F2F7EDBF08BD23
:109EA00000F0B3BAEEF74CBE00F0A5B90020704741
:109EB0000846F1F71DB900F0AABAEFF775B8F0F748
:109EC000E1BDEEF767BFEFF72BB838B5044615468E
:109ED00009B100F0D9FA15B12046EFF79DFE002038
:109EE00038BD0346408A18B1188A003818BF0120CF
:109EF000704700F05EBA0846F1F7E2B910B50446C3
:109F000000F078F820B92046BDE81040EEF7FEBA20
:109F100010BD00F045BB00F043BBF1F711BC2DE9CB
:109F2000FF41984604460E46174602F045F805469E
:109F30002046FFF7E3FF0A9B3A460293002331468F
:109F400001932046CDF80080EEF72EFB044628460C
:109F500002F02DF8204604B0BDE8F08138B5044683
:109F600002F02AF805462046FFF7C8FF2046EEF724
:109F7000F9FA0446284602F01AF8204638BD38B5EA
:109F8000044602F019F805462046FFF7B7FF2046C1
:109F900000F03FF80446284602F009F8204638BD94
:109FA00038B5044602F008F805462046FFF7A6FF3C
:109FB000204600F034F80446284601F0F8FF204619
:109FC00038BD70B504460E4601F0F6FF0546204642
:109FD000FFF794FF31462046EEF732FB0446284651
:109FE00001F0E5FF204670BD01207047F0F7C8B8CA
:109FF00000F065BAEEF7C6B910B501F0DDFF044612
:10A0000000F015F8EEF7E6F92046BDE8104001F043
:10A01000CEBF024608B5EEF7B5F9507D08BD024641
:10A0200008B5EEF7AFF9507D80F0010008BD00F0F3
:10A03000B7BAEEF7ADBC00F0A9B838B503210546B4
:10A04000EEF702FC04462846EFF7FCFF204638BD39
:10A0500038B590F827400D46FF2C17D0023C012C54
:10A060008CBF0024012449682246F0F727F82868AD
:10A0700090FAA0F0000AF2F725F8A97A288922467A
:10A0800081F00101F0F74AF8002038BD0220FCE71A
:10A0900030B505460FC985B08DE80F0069462846E2
:10A0A000FFF7D6FF05B030BDF0F774B80846F0F7FB
:10A0B00081B9013001D1F1F745BD21207047002061
:10A0C0007047002070477047D0F8A03003F060035D
:10A0D000402B0DD0602B03D0203B58425841704795
:10A0E00049B10B68012B06D9486940F0010070475F
:10A0F00040F20110704700207047F7B50446104643
:10A10000D4E956C7DDE908268CEA020587EA06018C
:10A110000540194085EA0C057940C4E956510025EF
:10A1200023F4004106EA010320F0010043F4007328
:10A13000024043F0020301950095F4F783F894F888
:10A1400024309A0713D5D4F85C319B050FD54FF412
:10A150008811204600F0C7FA94F82430024665F3CF
:10A16000410384F8243020460B46EEF75BFB0020C9
:10A1700003B0F0BD30B4D0F8A0300A4023EA0103A8
:10A180001343C0F8A03030BCEFF770BA0520F1F7E8
:10A19000CDBA08B5D0F8F0304BB11A68022A06D90A
:10A1A00093F825204AB1186AB0FBF2F008BD40F6DA
:10A1B0008C324C210020EEF7CFF80020F6E7D0F8E3
:10A1C000F02008B57AB11368022B0CD9536A13F446
:10A1D0007F4FC3F3072106D0126ADBB253438B4291
:10A1E000B3FBF1F006D2002040F6AB324C21EEF783
:10A1F000B3F8002008BD0346B3F83E2108468A4262
:10A2000003D0A3F83E11F0F721BD002070474FF4B2
:10A210008071F4F773BB10B50023EEF7ADFC044674
:10A2200008B9F3F7E1F8204610BD38B51D46002304
:10A230000446EEF7A1FC28B929462046BDE838407F
:10A24000F3F7BCB938BDD0F8F00040B10368122B69
:10A2500004D9006D202828BF2020704700207047B7
:10A2600038B54FF03A430546DC6A808AC4F30C04E3
:10A27000A04234BF0020012041F2D0420821EEF775
:10A280006BF8A88A001B80B238BD2DE9F0418846E2
:10A2900018F0030706461546194633D1B2F5805F1C
:10A2A00030D89A422ED33F2A2AD9B2FA82F4012218
:10A2B000C4F11F03DBB29A4092B2AA422CBFC4F190
:10A2C0001904C4F11A04E2B20120931DDBB29840D4
:10A2D00080B2A84214BF0120002002D096F80131BC
:10A2E00093B996F8253060F3000386F82530404690
:10A2F000F0F770F9C6F82080B5823846BDE8F081E5
:10A300003A46E1E72127F8E70E27F6E7F8B511F01E
:10A31000030607460D46144621D102B313883F2B8E
:10A320001DD9B3FA83F3C3F11901C9B2062901D8C3
:10A33000192B12D0062928BF062101238A1DD2B26B
:10A3400093402846238000F000F923883846FD61B9
:10A350007B82F0F751FA3046F8BD3146EDE7212611
:10A36000F9E738B5148811F003054FEAC4041ED18B
:10A370003F2C1CD9B4FA84F4C4F11903DBB2052BC9
:10A3800001D8192C11D0052B28BF05230124063331
:10A39000DBB204FA03F3C3F3CF04148081610482B7
:10A3A0008387F0F729FA284638BD2B46EEE72125AA
:10A3B000F9E770B50E4610210546F4F79FFA0446FA
:10A3C000102128463201F4F785FAF4F7A1FA204665
:10A3D00070BDF8B504460E46174601F0E4FD3A4656
:10A3E000054631462046F2F72BF80446284601F090
:10A3F000D5FD2046F8BD0520704703207047F1F7D2
:10A400008DB908B190F9260070470020704708B553
:10A410000B46062200F59E711846F7F746FC002011
:10A4200008BD0429F8B505460C460AD10026F7B246
:10A430003846F0F771FC08B13C4602E00136042EC4
:10A44000F5D12046F0F768FC58B195F83C31A342AD
:10A4500009D085F83C4105F59E70BDE8F840F0F75D
:10A46000FBBB2120F8BD0020FCE70022EFF71CBA5F
:10A47000A0F84C30BDF90030C0F89410A0F84A2084
:10A48000A0F84E3000207047EFF7AABB10B5144675
:10A4900008460121F1F72AFD2046BDE810400121C0
:10A4A000F1F724BD8021F4F729BA10B50446EFF77F
:10A4B00011F801462046BDE81040EFF711B8EFF75C
:10A4C0005FBE70470F2390FBF3F0704710B5F2F7B3
:10A4D0007DFA04460021F0F72FF8F0F717F8204630
:10A4E00010BD2DE9F74F01251C469DF8303006467A
:10A4F00001930368174603F0070306339D4005F1F7
:10A50000FF380B46A1B1416804EA080BA5EB0B0A22
:10A5100041F00059524509EB0B0114D95246184637
:10A52000F7F7C3FB49467A1B5A445044F7F7BDFB83
:10A53000019B2BB13C4448EA050804EA0804F46096
:10A5400003B0BDE8F08F1846F0E74FF03A43012220
:10A550005A6741F6FF72D96418651A67704737B5B4
:10A56000002514460095FFF7BCFF204603B030BD20
:10A57000EFF72CBC0020704700207047704700F0B8
:10A58000FD00003818BF01204042C0B270470A46A3
:10A5900090F89410A52901D8EFF710B92120704741
:10A5A00008B5F1F70DF9BDE80840F1F731B938B554
:10A5B0000446FFF7F5FF0546FFF7F2FF431BA342F2
:10A5C000FAD338BD38B50D460446F1F7F9F835B180
:10A5D000844200D90139204601F0030138BD84428C
:10A5E00038BF0131F7E708B5F1F702F9BDE80840D7
:10A5F000F1F70EB908B50121FFF7E4FFBDE8084007
:10A60000F1F706B908B521B19200F7F74EFB00202B
:10A6100008BD2120FCE70B0C23F48053B3F5284F31
:10A62000F7B50D468FB2064699B217D04AF6010328
:10A63000994215D04AF60203994213D0B1F5204F42
:10A6400014BF04240324D6F8EC300BB1196859B9AF
:10A65000D6F8E83093B9286803B0F0BD0024F2E7DB
:10A660000124F0E70224EEE723463A466846F1F774
:10A67000AFF9019B002BEBD10098EDE71968002999
:10A68000E9D023463A466846F1F7A2F9019B002B30
:10A69000E1D1F1E702044FEA901309D4C3F30903AF
:10A6A000A3F1C8006FF4FF739842B8BF184607E0E3
:10A6B0006FEA83536FEA935313F5007F18B2EFD11B
:10A6C00070470E2070477047F3F76AB8F3F768B821
:10A6D000F3F766B8F3F764B808B50846F3F79AFCE1
:10A6E00008BDF3F75DB838B505460C4601F05BFCD4
:10A6F000D5F89C301C40D5F898302343C5F89830E5
:10A7000001F04CFC211E18BF01210020490238BD78
:10A710000020704770470139024410B5904201D1C2
:10A72000002005E0037811F8014FA34201D0181B67
:10A7300010BD0130F2E77047704710B5044600F0D5
:10A740003800F4F759FC78B1D0E901234178C4F31B
:10A75000074411F0010F18BF1346043B53F8040FD0
:10A7600010B10278A242F9D110BD052B07D920F40F
:10A770007F4020F0C70040F4007010609180704767
:10A780000368186800F0EAB838B50546F4F7EAFB44
:10A7900004462846FFF7F4FF204638BDF4F72EBBE9
:10A7A00020F400432DE9F7434FEA032909F4E06957
:10A7B000C3F3062349EA030909EB01031C02A4B20F
:10A7C000C3F302231C4320F47F4323F007031C43FD
:10A7D00007460E46204601A99046F4F70FFB0546B2
:10A7E00060B1031D4B44A6B1B8F1000F0BD1019B22
:10A7F0000246222120460433FFF7B7FF00252846F2
:10A8000003B0BDE8F083184632464146F7F729FA0F
:10A8100003463A044CBF23F8026C03F8016CEEE7E0
:10A8200010B500F1080454F8083C0BB9184605E0CF
:10A8300054F8040C984708340028F4D010BDF8B53B
:10A840000446C0B100F10C073846E3F7DDF90023F8
:10A85000666856F823207AB906EB8305B5420DD118
:10A86000236993B93846F7F74FFD00236380637877
:10A8700023F007036370F8BD0133EAE755F8043DA0
:10A88000DB68002BEAD09847E8E7DD68002DE9D0C7
:10A89000043D55F8043F002BE4D09847F9E738B55C
:10A8A000054660B1046944B1206850B1FFF7B8FFB4
:10A8B000044610B12846FFF7C2FF204638BD2224C7
:10A8C000FBE70446F9E770B5054628B3437823F063
:10A8D000060343F001034370036953B1586840B164
:10A8E000FFF79EFF044620B12846FFF7A8FF204649
:10A8F00070BD6E68043E56F8044F2CB9202005F157
:10A900000C01E3F76FF9F2E7A368002BF3D0984747
:10A9100004460028EFD0E7E72224E8E710B14078AA
:10A9200000F00100704730B1407800F00700B0FA45
:10A9300080F0400970470120704707B501A9FFF773
:10A940002DFF03B05DF804FBFFF72ABF08B500F048
:10A95000C3F8002814BF1420002008BD7047430826
:10A9600003F05533C01A00F03333800800F0333061
:10A9700018444FF0013300EB101000F00F30584333
:10A98000000E704710B5044688B1836A016A7BB136
:10A9900080689847002394F8240023620C286360A1
:10A9A00005D82146E3F7E6FA0D2384F8243010BDDC
:10A9B0000029EFD08368002BECDB0846F7F7AEFFE9
:10A9C000E8E7002307B51A46019101A9F4F7C2FC94
:10A9D00003B05DF804FB002330B587B004939DF805
:10A9E0003430DDE90A4503930C9BCDE90045029321
:10A9F000F4F726FC07B030BD052330B585B00393CE
:10AA00000A9BDDE908450293CDE90045FFF7E3FF26
:10AA100005B030BD30B500230024002585B0CDE958
:10AA200000450293FFF7E8FF05B030BD03680B60F7
:10AA3000016070472DE9F0410E4617460024054697
:10AA4000006808B9BDE8F081D0E90083B3420BD1BA
:10AA50008368BB4208D154B9C5F80080C368DB07DE
:10AA600001D5F7F75BFF204604464046E9E7C4F806
:10AA70000080F3E7002370B51A46194605460468BE
:10AA8000F4F768FC0CB92C6070BDE3682668DB073E
:10AA900002D52046F7F742FF3446F3E72DE9F843A5
:10AAA0000E461746054610B90020BDE8F883046835
:10AAB000002CF9D0D4E900893B4632462946A068EB
:10AAC000C8470028F1D14446F2E7302070470E20F5
:10AAD0007047704700207047034B5868C0F3080068
:10AAE000003818BF0120704700ED00E0014B1868E6
:10AAF000704700BF482300200A4B1B6F03F0070379
:10AB0000013B032B03D8DFE803F00A030608FEE746
:10AB1000054B18687047054BFBE70548704705482B
:10AB2000704700BF008000504823002050230020C1
:10AB300080D54302002D310108B5FFF7DDFF054B3D
:10AB40001B6FC3F303330133B0FBF3F0024B186008
:10AB500008BD00BF0080005044230020004870471B
:10AB600000B4C40400487047002D3101014B18683F
:10AB7000704700BF502300200048704780D5430233
:10AB80004FF400221B4B5A664FF0B4429368C3F354
:10AB900004430C2B0AD8DFE803F00B070909270947
:10ABA000191B1D1F212325001348704700207047E3
:10ABB000936803F04073B3F1807F17D0B3F1007F47
:10ABC00016D0002B0D4818BF002070470C48704766
:10ABD0000C4870470C4870470C4870470C48704749
:10ABE0000C4870470C4870470C4870470C48704739
:10ABF0000C48704700900050404B4C0000093D004D
:10AC0000405DC6000024F400C0EA2101002D31019E
:10AC100080BA8C010048E801005A620280969800D0
:10AC200080841E0040420F00014B1868704700BF2F
:10AC30004C23002048B10122437801789A40302308
:10AC40005943034B00205A5070472220704700BFE1
:10AC500040F003500122437801789A403023594351
:10AC6000014B5A50704700BF40D00350034B5A6805
:10AC7000D20702D5DA69002AF9D1704700800A505C
:10AC800030B9044B5A68D20702D59A6D002AF9D11F
:10AC9000704700BF00800A5008B9014B59647047E3
:10ACA00000900A5008B9014B5964704700A00A503F
:10ACB00008B9014B1964704700A00A5010B9024B43
:10ACC000186C70470020704700800A5010B5FFF7DD
:10ACD000D7FF40B911B9054BD86C10BD0129FCD183
:10ACE000024B186DF9E70020F7E700BF00800A501B
:10ACF00038B51446FFF7C4FF10B911B9034BDC6433
:10AD000038BD012904BF014B1C65F9E700800A50DA
:10AD100008B5FFF7B5FF10B9024B586D08BD00200C
:10AD2000FCE700BF00800A504FF48062034B9A6634
:10AD3000BFF34F8FBFF36F8F00207047009000501C
:10AD4000014608B5A8B1FFF7EFFF084601F0B6F9D4
:10AD50004FF098435A6CD202FCD54FF48062586D84
:10AD6000054B10F470209A6604D0BDE8084001F04D
:10AD700062B9212008BD00BF00A0005030B5154BBE
:10AD800087B00293144B0390049346F611030D46CB
:10AD9000059300F06FF91428044616D1684601F0B7
:10ADA00049FA4FF0A843032202A95A6319601D61B2
:10ADB0009A63DA6B9207FCD1142C02D1684601F039
:10ADC00047FA00F08BF9044601E00028E9D020465C
:10ADD00007B030BD580F0020040000202DE9F04FCF
:10ADE000B1B005468C46E9466F4F3B9EDDF8F8E072
:10ADF000409C07F1100AC846386879680837A8E807
:10AE000003005745C146F6D10EEB0208C8F1000910
:10AE100009F00F09002E00F0AD80774207F00F0710
:10AE20000121DDF8FCB0C4F1100ACDF810B0059195
:10AE300044F0005106914FEA0A2101F4F85141F023
:10AE40002101079106B96B460893002D40F09480CC
:10AE5000002C00F0918004AB0993002E00F08E804E
:10AE600046F000530A93002D40F08B80002C0CBF5D
:10AE70002123012343EA07230B9308A842F0005340
:10AE8000CDF830C03D990D900E934FEA092343F061
:10AE900041030F931091002A75D00CA91191002144
:10AEA000002A18BF412341EA0E01129113933C9BE3
:10AEB0003E4A149310AB15933D4B0021169340F678
:10AEC000110317933B4B002D18BF1346189314AB77
:10AED0001993394B10221A9311231B931CAB18465C
:10AEE000F6F7D8FE01221D924AF080421E920022FF
:10AEF0000346239205B9EB46102C08BF01230DF140
:10AF0000900A102200215046CDF880B0219322945F
:10AF1000F6F7C0FE002C3AD020AB002125938F42DB
:10AF200018BF534647F0804226923A9A2CA828929E
:10AF30002993B2FA82F35B0946EA837310222B91BC
:10AF40002A93F6F7A7FE26B328ABC8442D932CA965
:10AF500048F0804318A82E93FFF710FF38B935B991
:10AF600003460246A34216D1002A18BF2C2031B056
:10AF7000BDE8F08F102753E701236DE747F000533A
:10AF800070E7212376E74FF00051119088E7012305
:10AF9000C3E75346D9E703F1C001694411F8C01C67
:10AFA00001330A43DEE700BF17C90208F0CC0208EC
:10AFB00010000020ECCC020804000020F0B5C029ED
:10AFC0009FB0249E4FD0B1F5807F04D0802941D01E
:10AFD00029201FB0F0BD40F2144440F23445002E49
:10AFE00018BF2C46212710250194012402960394B2
:10AFF00004950597259F069706B102AC0794012496
:10B00000089509940A9221220B940C950D92174AE7
:10B010000AAC0E92164A0F94109242F61102119247
:10B02000129313941495159201AA1692CBB112ABF8
:10B030001793042318931123199316AB1A901B939B
:10B0400040F61103C9081C911AA806A91D93FFF721
:10B0500095FEBEE7002E0CBF4FF482644FF4866469
:10B06000C0E70EABE4E70F20B3E700BFE8CC02086F
:10B070001000001038B5164B5A6E42F004025A66A2
:10B08000D3F8802242F00102C3F88022114B5B68A2
:10B09000C3F3080343B14FF0A842D36B13F0430F3F
:10B0A000FBD11424204638BD4FF0A843DC6B14F0CC
:10B0B0004304FBD1084D2B681BB904212846F4F743
:10B0C00023FD2B68013343F000432B60EAE700BF08
:10B0D0000080005000ED00E0580F0020014B0020E0
:10B0E0005B68704700ED00E0C0B1026812F4E07FD9
:10B0F000C2F382130DD0012B10D1094B59B103F5C6
:10B100008053012102F03F0201FA02F200201A608E
:10B110007047044BF2E703F50053F2E70E20704747
:10B12000688000506480005070B506460D4600F0FF
:10B1300043FF04460E4B1B68183B13F1180F04D154
:10B140002046BDE8704000F032BF1A681268B24273
:10B1500001D09B69F0E7074A13601B69064A53F860
:10B160002530157003B198470022024B1A60E7E7BB
:10B17000640F00205C0F002029200020014B53F8B1
:10B1800020007047680F002070B5044601F0F9F800
:10B1900000B1FEE7074A2101555802EB041345B1FF
:10B1A0009968204601315A6899602B46BDE8704085
:10B1B000184770BDC810002008B50B4B01461B781E
:10B1C0005BB107280BD8094B03EB00131B7B43B182
:10B1D000074800F0FDFE002008BD1120FCE72120FB
:10B1E000FAE72520F8E700BF2E200020C810002035
:10B1F000000004500C4B10B51B780C4673B10728A7
:10B200000ED869B1094B03EB00131B7B53B1014608
:10B21000074800F0EDFE2070002010BD1120FCE773
:10B220002120FAE72520F8E72E200020C810002072
:10B23000000004500C4B10B51B780C4673B1072866
:10B240000ED869B1094B03EB00131B7B53B10146C8
:10B25000074800F0DCFE2060002010BD1120FCE754
:10B260002120FAE72520F8E72E200020C810002032
:10B27000000004500346064802689A4203D8416819
:10B280000A44934202D3406A0028F5D1704700BFB8
:10B29000541100200229F8B596BF104B00245C5CC5
:10B2A000012805460E4608D0022809D008B944F006
:10B2B00002040B4B1F6837B9F8BD44F00804F8E7E7
:10B2C00044F02004F5E77B681A68144203D0314645
:10B2D00028465B6898473F68EDE700BF3CCE020810
:10B2E0008811002038B5104D2B78ABB10F4C237866
:10B2F0001BB100F08BFA00232370002000F0AEFA9F
:10B300000B4C50B100F0B4FA0023012120782B70CF
:10B31000FFF7C0FF0123237038BD0122054B1A70CF
:10B320002278054B1A70F7E73620002034200020E1
:10B330003C20002037200020382000200E490B78C8
:10B34000FF2B01D198B170470BB990B97047002815
:10B3500014BF0122FF2213440B7060B1074B1B780E
:10B36000012B08D9064B1B782BB9FFF7BBBF1A4638
:10B37000F1E70122EFE770473B2000203C2000204E
:10B380003720002010B500F00EFE064B04461B7857
:10B390001BB1BDE8104000F001BEFFF7A3FF20463F
:10B3A000F7E700BF3320002002282DE9F04147D005
:10B3B00029480378FF2B41D1002941D11A46134473
:10B3C000DBB2037000293BD0244E3278012A37D9F2
:10B3D000002B3ED000F0E7FD214F04463B780BB335
:10B3E000204D2B781BB901222A701F4A1370DFF8F9
:10B3F0007C8098F8003023B100F008FA002388F828
:10B400000030204600F0CAFD012000F027FA00F0CD
:10B41000CAFD2B7804461BB100F02AFA00232B70DA
:10B4200000233B70204600F0B9FD01243078A04293
:10B4300006D02146FFF72EFF347001E013B931B971
:10B44000BDE8F081002914BF0122FF22B7E70122E5
:10B45000B5E70224EAE700BF3B2000203C200020A3
:10B460003620002033200020372000203420002008
:10B470002DE9FF47EFF3108572B6AFF3008001F0BE
:10B480001BF9002800F0A4806B4E6C4F337823B179
:10B490000020FFF753FF00233370387878B903A9F1
:10B4A00000F08EFB044650B9654B039A1B689A4224
:10B4B00000F296800120FFF741FF012333703B78B3
:10B4C000002B40F0AB805F4B1B78002B00F0A3807B
:10B4D0004FF002085C4CDFF890912078DFF88CA1E7
:10B4E00040450AD0002389F800309AF8003013B99B
:10B4F0004146FFF7CFFE84F8008099F800303BB159
:10B500002378022B04D1002389F8003001F007F9D9
:10B51000B8F1020F0FD1DFF82C8198F8003053B941
:10B520004A4B1B7823B900F06BF90122484B1A7083
:10B53000012388F80030207800F016F99AF80030DE
:10B5400013B1444B1B782370AFF30080284601F001
:10B5500006F8EFF3108572B63F4B1A7852B100220D
:10B560001A703C4B20781B78984203D1012121703E
:10B57000FFF790FE394800F0DDFA01F0A6F88046AA
:10B58000002883D12F4F89F800003B789BB1DFF86A
:10B59000C0908AF8000099F800301BB100F036F92D
:10B5A00089F80080002000F059F9002839D000F017
:10B5B0005FF900233B70337823B10020FFF7BEFE14
:10B5C0000023337000212078FFF764FE00232370EE
:10B5D000AFF30080284604B0BDE8F04700F0BFBFDD
:10B5E0001F4BD3F8008000F0AFF8039B80449845D0
:10B5F000BFF460AF00F080F98200039942F00202CC
:10B6000092B2CDE900422346164AA1EB0801134845
:10B6100000F0AAFF53E700F0DDF859E74FF001080A
:10B6200058E7012000F0A0F8284600F098FFEFF35B
:10B63000108572B6B6E700BF352000203B20002001
:10B6400090110020362000203C2000203A200020CD
:10B6500034200020382000203120002094110020C8
:10B660008C11002085B302083920002037200020EB
:10B6700010B500F098FC0022054B1C781A7000F001
:10B680008DFC00F02BFBE4B22043C0B210BD00BF24
:10B690003220002038B500F086FC094B05461B78A7
:10B6A000012B04D800F07AFC0024204638BD054B5D
:10B6B0001C6800F049F80444284600F06FFCF4E7E9
:10B6C0003C2000208C110020194B1A491A6F10B52C
:10B6D00002F007020A60196F174801F47441016013
:10B6E0001649174C8969032A01F00200C1F3400191
:10B6F00021701AD0D3F8202102F00702022A14D0B8
:10B70000D3F8283103F007039C1E634263410D4ABE
:10B71000137048B143B9064BD3F8003103F003036B
:10B72000591E4B424B41137010BD0123EFE700BF80
:10B7300000800050C0110020BC11002000C001504A
:10B74000402000204120002008B5054B187818B192
:10B75000DFF730FA00EBD000024B1B68184408BD3D
:10B7600041200020B8110020012808B502D002288D
:10B770001ED008BD134A137823B113490B6F43F44D
:10B7800074430B6711490B6923F004030B61BFF38A
:10B790004F8FBFF36F8F30BF1378002BE9D00A4A69
:10B7A0000B49136F096823F474430B431367E0E7F5
:10B7B0000020DDF75DF9054A136923F004031361E6
:10B7C000D7E700BF352000200080005000ED00E0EA
:10B7D000BC110020074A0849D2F8203103F00703C2
:10B7E0000B60D2F82831054A03F007031360F4F721
:10B7F00030BD00BF00800050CC110020C8110020D7
:10B800000122014B1A7070473F2000200F4B10B5EA
:10B810001B7883B10E4C2378A3B90E4B9A6DD103DC
:10B8200002D5DA6D920702D49B6DDB0704D54FF485
:10B830008032094B9A6210BDDFF748F94FF480322D
:10B84000054B9A6200232370F5E700BF41200020DA
:10B850003E2000200040005A0050005A034B1B7845
:10B860000BB1DFF7D7B90120704700BF412000209E
:10B8700008B5F4F7EFFC174B1B7833B10122164BD8
:10B880005A60164A9369DB07FCD5154B15491A6FA8
:10B89000096822F007020A431A671349D3F82021E6
:10B8A000096822F007020A43C3F820210F49D3F8A0
:10B8B0002821096822F007020A43C3F828210C4B0B
:10B8C0001B781BB14FF480320A4B9A62BDE80840E6
:10B8D000FFF732B94020002000D0015000C00150D5
:10B8E00000800050C0110020CC110020C8110020A1
:10B8F000412000200060005A014B1878704700BFBB
:10B900004120002008B5164B1A7822B300221A7085
:10B91000144B1A6F22F0070242F001021A67D3F8A3
:10B92000202122F0070242F00302C3F82021D3F8BD
:10B93000282122F0070242F00302C3F828210A4B13
:10B940001B7833B10122094B5A60094A53689B079F
:10B95000FCD4FFF7F1F80122064B5A6708BD00BF7F
:10B960003F200020008000504020002000E00150D7
:10B9700000C001500060005A0D490B68A0B10022C0
:10B98000A3B1834203D1836822B90B6003E01A4656
:10B990009B68F5E7936083680BB9002070475A698C
:10B9A00041690A445A61F8E7222070470220704733
:10B9B000D811002010B500F051FA0A4C0A4B196852
:10B9C0002368C31A09B9206010BD002BFBD04A6957
:10B9D0009A423ABF9B1A0022D21A4A6128BF00231A
:10B9E0008968EFE7D4110020D811002038B5154D33
:10B9F0002B682BB35B69A3B1134A022014681C4463
:10BA000000F01EFE204600F067FA00230F492A6866
:10BA10000B7022B1D08880070AD501230B7000205B
:10BA200038BD022000F00CFE022000F09FFAECE787
:10BA30009268002AF3D050690344012BEAD9EEE75B
:10BA40002220EDE7D8110020D4110020432000204F
:10BA5000C38870B504460D463BB9FFF71BFE85420F
:10BA6000064602D2F5F789FF35460E4A656113682E
:10BA700083B91460A3600CE02D1A986819466561BB
:10BA8000034618B15869A842F6D929B18C60A36061
:10BA900023B970BD0021F5E71460A3605A69521BF9
:10BAA0005A61F6E7D8110020F8B516469DF81C201B
:10BAB000BDF820700271069A0446026000220D460D
:10BAC000C0E903368260C780B6B900F0C7F92844E0
:10BAD000A0613DB9E368656113B1204621689847CC
:10BAE00016B33546062F0BD10822104B28469A6212
:10BAF000BDE8F84000F0BAB900F0B0F93044E7E72B
:10BB000000F051FA0646FFF755FF29462046FFF799
:10BB10009FFF074B1B689C4201D1FFF767FF304630
:10BB2000BDE8F84000F03ABAF8BD00BF0050005A36
:10BB3000D8110020F8B50446F8B1C388062B01D10E
:10BB400000F01CFA00F02FFA0646FFF733FF0C4B0B
:10BB500020461F68FFF710FF054620B1304600F071
:10BB60001DFA2846F8BDA742F8D1FFF73FFF22286B
:10BB7000F4D1022000F0E8F9F0E72225F1E700BF58
:10BB8000D811002038B50C460546A8B1A1B1002354
:10BB90000B7000F011FA0121084B1B6833B900F05B
:10BBA00006FA002038BDAB4204D121702278002A69
:10BBB000F9D0F4E79B68F1E72220F3E7D8110020E1
:10BBC000F8B506460F4600F0F7F900250446124B7B
:10BBD0001B6823B9204600F0EAF91B2011E05A69DE
:10BBE0001544DA88B2420DD100F038F90B4E3368B3
:10BBF000C01AA8420AD3002320463B6000F0D7F9C0
:10BC00000020F8BDFF2EEFD09B68E2E700F026F998
:10BC100033682B441B1AEFE7D8110020D411002001
:10BC200070B500F0C9F9064600F018F9084B044653
:10BC300001201D6800F0EEFC18B100F00FF9044679
:10BC40000135304600F0B3F92046294670BD00BFEB
:10BC5000E0110020014B1868704700BFDC11002084
:10BC60000B4B70B51B68044683420D460ED340F261
:10BC7000E7300021074B4FF47A721E680023E4FB83
:10BC80000601E0F7EBFF2860002070BD2120FCE7F3
:10BC9000D0110020DC1100200F4B10B51A689AB1AA
:10BCA0004FF47A71531E1342A0FB01010ED1B2FA78
:10BCB00082F2C2F11F04531CD243E04001FA03F3A5
:10BCC000184321FA02F20243104610BD0023E0F7A8
:10BCD000C5FF0246F8E700BFDC11002010B500F0F8
:10BCE0006BF9034B1C7800F062F9E4B2204610BDFA
:10BCF0004220002008B5084B1B7803F0FF004BB131
:10BD000000F078FC054B1B689B69C01A02288CBFA9
:10BD10000020012008BD00BF43200020D8110020D2
:10BD2000014B1870704700BF42200020C2072DE968
:10BD3000F843044607D5464A136801331360FFF7FA
:10BD400039FEFFF753FEA3077FD500F035F94FF01A
:10BD5000000805464646FFF72DFE3E4F3C680CB1F5
:10BD60006369A3B100223C4B012E1A7003D118F075
:10BD7000020F18BF1E70FFF739FE222802D10220E1
:10BD800000F0E2F82846BDE8F84300F010B9234679
:10BD90005A693AB91A792179914288BF1C469B6841
:10BDA000002BF5D1284600F002F92569002D38D086
:10BDB00000F054F8A269A0EB02084FEAE873A84526
:10BDC00073F100032EDB23691344A361012322696D
:10BDD000CAB1C3B9A38BB5EB080533B1E28B1344E9
:10BDE0009BB2B3F57A7F28D2E38300F0E5F8804672
:10BDF00029462046FFF72CFEA369226940461344DA
:10BE0000A36100F0D4F8E36813B120462168984795
:10BE1000B4F8068000F0D0F801360546FFF7CAFDF9
:10BE20009CE7A84600F0C8F881462046FFF7A4FD2D
:10BE3000484600F0BCF80023C9E7A3F57A73E38312
:10BE4000A369013D013BA361CFE7BDE8F88300BFD3
:10BE5000E0110020D81100204220002008B5FEF794
:10BE600005FF014B986908BD00800A5038B50446AB
:10BE700000F099F80546FEF7F9FE0E4B022C9A6980
:10BE80004FF001018CBF12190332B2F1FF3F38BFEE
:10BE9000013A0020FEF72CFF284600F07FF8064B01
:10BEA0001A7832B10221054A91640421916400227A
:10BEB0001A7038BD00800A50A925002000900A5051
:10BEC00007B5044B01A9187900F0EEF9019803B009
:10BED0005DF804FB90CD0208F8B5044600F063F865
:10BEE0000746FEF7C3FE154B9D6900F0A5FB06460D
:10BEF0000020FEF7E3FE830704D4731B032B01D855
:10BF0000AE420FD10021631B022B98BFEC1C0846E8
:10BF1000B4F1FF3F2CBF2246621EFEF7E9FE02206D
:10BF200000F08EFB384600F039F8054B1A7822B144
:10BF30000121044A916400221A70F8BD00800A5061
:10BF4000AA25002000900A50830700F0010106D5C1
:10BF50000123044A41F002011370034A9364002054
:10BF6000FEF7A0BEAA25002000A00A50830742BF0A
:10BF70000222014B1A64704700900A50054B1A7850
:10BF800032B90221044A91640421916401221A7099
:10BF9000704700BFA925002000A00A5010B962B662
:10BFA000BFF36F8F7047EFF3108072B6704780F366
:10BFB0001188BFF36F8F7047EFF31180302383F345
:10BFC000118870474FF4004070474FF47A70704703
:10BFD00038B5044601258D40FFF7EEFF04F5005308
:10BFE00004F580545D65A562BDE83840FFF7DFBF0A
:10BFF00038B505460C46FFF7DFFF6D6BFFF7D7FF3F
:10C000000120A0402840003818BF012038BD70B57D
:10C010000D460446FFF7D0FF3023666B03FB054453
:10C02000646EFFF7C4FFEE40F30756BFC4F30A1077
:10C030000020013070BDB0F5802F24D010D8B0F5AD
:10C04000003F22D006D828B3B0F5803F14BF0120AE
:10C0500048207047B0F5403F14BF01202C207047A6
:10C06000B0F5302F13D008D8B0F5E02F11D0B0F5CF
:10C07000202F14BF012010207047B0F57F0F14BF90
:10C080000120062070474B2070472A20704711205E
:10C0900070472120704708B528B128220021F5F704
:10C0A000F9FD002008BD2120FCE7036A042B9FBF97
:10C0B00000EB83020133D16003627047036A052BF2
:10C0C00014D84FF09842116CC902FCD504339B0080
:10C0D00013650168103B11604168116050F8081F3A
:10C0E00011604FF098420344984200D1704750F8D5
:10C0F000041F1160F8E7836882B013B9816002B051
:10C10000704783680193019B5B68012B019B01D100
:10C110005960F4E75B68F5E7F0B5154649228FB042
:10C12000149C8DF8242004F10C060DF1250254F81E
:10C13000047BB44242F8047BF9D1247814704FF4A4
:10C140008074ADF834409DF8544000228DF836409C
:10C1500004240694169CCDE9001505941324049438
:10C1600009ACCDE902340B4611468DF832208DF82A
:10C170003350FEF733FE0FB0F0BD30B5C02A93B098
:10C180002FD0B2F5807F29D0802A2CD14FF4807433
:10C1900080F00100204301901698012502901024A0
:10C1A0002120039504940590069301AB079508940C
:10C1B00009900A9306AB0B9304230C9311230D9360
:10C1C0000AAB0E910F9340F61103D20802A90EA8F4
:10C1D00010921193FEF7D2FD13B030BD4FF482746C
:10C1E000D6E70F20F8E72920F6E708B5FEF742FF6B
:10C1F000BDE80840FEF772BF1FB5079C02949DF88A
:10C200001840CDE9003413460A4601460020FFF7E6
:10C2100083FF04B010BD1FB5079C02949DF8184021
:10C22000CDE9003413460A4601460120FFF774FFAA
:10C2300004B010BD10B50446FFF7B5FE4FF0A8439B
:10C240001A6822601B696360FFF7A8FE002010BD1A
:10C2500010B50446FFF7A7FE4FF0A84322681A6006
:10C2600062681A61FFF79AFE002010BD10B4044600
:10C27000084611469DF804200192A2685DF8044B1F
:10C28000FFF7BABF10B40446084611469DF80420D3
:10C290000192A2685DF8044BFFF7BDBF8068FEF70E
:10C2A0008DBE8968FFF769BF09B100F008B8222088
:10C2B00070470121FEF718BF0021FEF715BF70B5CA
:10C2C00006460D46FFF778FE0446202E56D8DFE8D6
:10C2D00006F0111A551F222555282B552E5531349D
:10C2E00055373A3D55405543555255555546554994
:10C2F000554C4F00FEF700FC002628602046FFF753
:10C3000056FE304670BD4FF4C070DBF73DFEF3E7DC
:10C310004FF42070F9E74FF44070F6E74FF4607087
:10C32000F3E74FF40070F0E74FF48060EDE74FF46F
:10C330004060EAE74FF4C060E7E74FF4F060E4E7FD
:10C340004FF4B060E1E74FF4D060DEE74FF41060E7
:10C35000DBE74FF4E060D8E74FF4A060D5E74FF497
:10C360002860D2E74FF48070CFE74FF42060CCE72D
:10C370004FF44860C9E74FF40860C6E70020212663
:10C38000BBE7FEF7FBBE0720FEF7FEBE0620FEF76A
:10C39000FBBE0520FEF7F8BE0420FEF7F5BE032025
:10C3A000FEF7F2BE0220FEF7EFBE0120FEF7ECBE64
:10C3B0000020FEF7E9BE10B5FFF7F5FD01210446A8
:10C3C0000846FEF7F1FF2046BDE81040FFF7E6BD46
:10C3D0002DE9F74F0D46002900F0B9800846FEF719
:10C3E00049FF0446D0E90578FFF7E6FD15F808ECAB
:10C3F00035F8061C1EF0010F019000D031B90198EC
:10C40000FFF7D5FD012003B0BDE8F08FA668D4F892
:10C4100010A035F8049CA6EBC1060AF10103A5F1B2
:10C42000080C4A1CA6602361B9F1000F00F085805A
:10C430004FEAC9031846ACEBC90393F800B00EF0FD
:10C44000020E1BF0010F69D1BEF1000F69D1B3F8E4
:10C450000290B3F806E0AEEB090EBEF1010F6CD10D
:10C460008A1C083E4A44C4F810A0A66035F802ECC5
:10C47000BEF1000F65D0D4E900600CEBCE0A06EBEC
:10C480000009CA455DD21CF83EC056461CF0010C9E
:10C4900015D1AEEB0101012911D1BAF80210AAF8A9
:10C4A00002C001310A44BAF80610002947D00AEB4D
:10C4B000C106216901392161A1680839A16015F817
:10C4C000081C013A21F0010105F8081C002125F89B
:10C4D000061C5A801A7861F300021A709EB3C3F1E9
:10C4E00007023244C2F3CF02DA80B2806FB3BB429C
:10C4F0002BD37A88002A08BF1F46B8F1000F06D058
:10C50000434504D8B8F80220002A18BF43460198D2
:10C51000C4E90573FFF74BFD002074E7BEF1000F7F
:10C520000BD0361AA66015F8086C4A4426F00206AD
:10C5300005F8086C00269E8098E7634696E70E464D
:10C54000B7E70026BBE7DE80D0E71F46D5E722200D
:10C5500059E701460020FFF73BBFFFF7FABF10B9CC
:10C5600062B6BFF36F8F70472DE9FF410E46174645
:10C5700098460546A0B10024C461FFF7DBFABDF878
:10C580002C30284602939DF828302246CDE90083BE
:10C5900031463B46FFF788FA204604B0BDE8F081FB
:10C5A0002220FAE72DE9F0419846002386B00E4696
:10C5B000174605468DF81730C0B1C3610DF117015C
:10C5C000FFF7E0FA9DF8174094B9BDF834302846DB
:10C5D00002939DF830302246CDE9008331463B4638
:10C5E000FFF762FA204606B0BDE8F0812220FAE7A4
:10C5F0000320F8E738B5FFF7DFFC0546FFF72EFC10
:10C6000004462846FFF7D3FC204638BD00F021B889
:10C6100000F030B810B504460020FEF74FFB012CA7
:10C6200004D0022C05D1C0F3400010BD00F0010081
:10C63000FBE70020F9E7704700210846FEF746BBFC
:10C6400000F00101830748BF41F002010020FEF71E
:10C6500023BB002008B5FEF731FB10F0080008D01E
:10C6600000200821FEF724FBBDE808400020FEF76B
:10C670004FBB08BD04210020FEF71ABB38B5FFF7F9
:10C680009BFC04460020FEF719FB830700F0010520
:10C6900048BF45F0020500F003010020FEF708FB4B
:10C6A0002846FFF743FB2046BDE83840FFF77FBC34
:10C6B000012070470120704710B5FDF7E0FA0446ED
:10C6C000FFF7F6FF2040C0B210BD38B5FEF7D0FF2F
:10C6D0000446FDF7DBFA04281BD0022808BF44F00B
:10C6E00001040025E4B2E0F785F9042813D00228FC
:10C6F00008BF44F00104E4B2FFF7DCFF04280CD0CB
:10C70000022808BF44F0010485F0010504EA050091
:10C7100038BD0125E7E70125EEE70020F8E7022113
:10C720000120F2F7AFB90000000000000000000097
:10C7300000000000000000000000000000000000F9
:10C74000F8B500BFF8BC08BC9E467047F8B500BFFE
:10C75000F8BC08BC9E4670475FF800F0B522002088
:10C760005FF800F0112200204E0C0000C0C7020844
:10C77000A0C70208000000000000000084C70208F3
:10C780000000000060E8020818E8020828E8020833
:10C7900040E8020880E8020878E70208000000008C
:10C7A00089760108F8C702082F7802080000000007
:10C7B0007972010822C80208000000000000000091
:10C7C000F9750108F8C70208C16F0108F8C7020827
:10C7D000239C020820C802084972010822C80208E6
:10C7E000519C0208000000002D79020800000000A2
:10C7F0000000000000000000000000004E0C0000DF
:10C800000000000068E302080000000000000000D3
:10C810000400000000000000E2FF500000010000E2
:10C8200001000400FB000B00CB8302080B8402080C
:10C83000EB83020841840208895001082D50010849
:10C840007F8402083D4D0108D56D0108C1500108E3
:10C85000794F010800000000000500080030033E89
:10C86000043E073E0C3E123E133E213E293EFFFF92
:10C870000000000001650008010000000000000049
:10C8800002000000000000000100000001000000A4
:10C89000010400000000000000000000020302028A
:10C8A0000201000013B779FAC925DDB7ADF3CFE077
:10C8B000F1B614B80102000000000000FFFFFFFF06
:10C8C0002000000001000000000000000000000047
:10C8D0000000000000000000000000000000000058
:10C8E0000000000000000000000000000000000048
:10C8F00000000000951C020810141400101C2030C9
:10C90000401C2000001C20304000000000000000FF
:10C910003F002800292000FFFFFFFFFFFFFFFFFF70
:10C92000FFFFFFFFFFFFFF005B495D20004E6F74BC
:10C93000696669636174696F6E2073656E743A200D
:10C940003078253032780A004174747269627574E7
:10C9500065207772697474656E3A203078253032BC
:10C96000780A005B455D2000736300537461747541
:10C97000733A202573203D2030782530347820000C
:10C980005B435D20002F55736572732F6D6979616C
:10C99000626C6F6E2F53696D706C69636974795343
:10C9A000747564696F2F76365F776F726B73706121
:10C9B00063652F534D505F62745F736F635F626C8A
:10C9C000696E6B792F6170702E630025733A256450
:10C9D000203A25733A2000417373657274696F6E53
:10C9E000206661696C656400426C696E6B792065D4
:10C9F00078616D706C6520696E697469616C697AC3
:10CA000065642E0A00436F6E6E656374696F6E20F5
:10CA10006F70656E65642E0A00436F6E6E65637499
:10CA2000696F6E20636C6F7365642E0A004C454419
:10CA3000206F66662E0A004C4544206F6E2E0A0059
:10CA4000496E76616C696420617474726962757490
:10CA5000652076616C75653A203078253032780A29
:10CA6000004E6F74696669636174696F6E20656EEC
:10CA700061626C65642E0A004E6F74696669636159
:10CA800074696F6E2064697361626C65642E0A005C
:10CA900053657474696E67205377697463682052B4
:10CAA00065636F726420746F3A2025640A005377BF
:10CAB00069746368205265636F72642073657420C3
:10CAC000726573756C743A2025640A00526573654B
:10CAD0007474696E67204465766963650A007663DD
:10CAE0006F6D002F55736572732F6D697961626C7C
:10CAF0006F6E2F53696D706C6963697479537475C7
:10CB000064696F2F76365F776F726B7370616365E0
:10CB10002F534D505F62745F736F635F626C696E19
:10CB20006B792F736C5F676174745F73657276697C
:10CB300063655F6465766963655F696E666F726D74
:10CB40006174696F6E5F6F766572726964652E637A
:10CB500000232D302B2000686C4C0065666745462D
:10CB60004700303132333435363738394142434467
:10CB700045460030313233343536373839616263F7
:10CB8000646566002F7661722F6C69622F6A656E2C
:10CB90006B696E732F6769746875622F6267617065
:10CBA000695F70726F746F636F6C2F70726F746FE8
:10CBB000636F6C2F6576656E742F7372632F736C61
:10CBC000695F62676170695F6576656E742E630088
:10CBD00062676275665F696E0062676275665F6F45
:10CBE00075740062676275665F6E6F666C6F770062
:10CBF00062676275660061636C006C6C5F636F6E88
:10CC00006E656374696F6E006C6C5F6164765F73F0
:10CC10006574006C6C5F76616C696461746F72003E
:10CC200062675F6D65737361676500736F66745FDC
:10CC300074696D65725F6D657373616765006C6CB7
:10CC40005F6164765F73796E63006C6C5F736361C0
:10CC50006E5F73796E63006761705F706572696F94
:10CC60006469635F616476006761705F70657269B3
:10CC70006F6469635F73796E63006C326361705FC8
:10CC8000636F635F6368616E6E656C006D6265649F
:10CC9000746C735F636F6E746578740006060102CE
:10CCA000031201000300000000000000000000006B
:10CCB0000000000000070008000000000000000065
:10CCC0000000000001020405000000000000000058
:10CCD000000000000006000000000000000000004E
:10CCE000DC984CA0D81018000000000001200000C3
:10CCF00000200000FFFFFFFF00000000FFFFFFFF1C
:10CD0000FFFFFFFFBCE6FAADA7179E84F3B9CAC2C6
:10CD1000FC63255101260000040000000000000013
:10CD200000010000000000000B0000000C000000EB
:10CD300003000000000020200000000003000000AD
:10CD40003C3C3C000000000000000000000000002F
:10CD500001031001010903001E0000001B00000078
:10CD60001600000001000000000000001A00000092
:10CD700057000000560000000000045001000000B1
:10CD800068CD020800000000000000000808000054
:10CD900000800A501300000058CD020800000A501D
:10CDA0000A00000070CD0208C8CD0208C4CD0208F8
:10CDB0000000015B1500000074CD0208D0CD020810
:10CDC000CCCD0208010010000000100001000F008F
:10CDD00000000F00B1C30208ABC30208A5C30208DC
:10CDE0009FC3020899C3020893C302088DC30208B7
:10CDF00087C302080000002000100030050000007A
:10CE00000000000000C2010000020000001000004D
:10CE1000000000000000000000000000050000000D
:10CE200000000000802500008002000000100000CB
:10CE3000000000400000000000000000010410009D
:10CE4000380043000000000050CE0208010000003E
:10CE50000000000018DD020800000000E4CE020817
:10CE60000300000000000000005A620218DD020802
:10CE70000000000050CF0208030000000000000086
:10CE8000005A620218DD020800000000BCCF020850
:10CE90000300000000000000005A620218DD0208D2
:10CEA0000000000028D0020806000000000000007A
:10CEB000005A620218DD02080000000000D10208DA
:10CEC0000300000000000000005A620218DD0208A2
:10CED000000000006CD10208030000000000000008
:10CEE000005A6202D8D10208809C2B8F80841E00D9
:10CEF000000000002500FF7F5C23002000000000F0
:10CF00008CE1020800000000D8D10208809C2B8F21
:10CF100080841E00000026002600B7005C2300204D
:10CF2000000000008CE1020800000000D8D10208D7
:10CF3000809C2B8F80841E000000270027008C001F
:10CF40005C230020000000008CE1020800000000CB
:10CF5000B8D30208809C2B8F80841E000000000044
:10CF60002500FF7F5C2300200000000090E1020804
:10CF700000000000B8D30208809C2B8F80841E0024
:10CF8000000026002600B7005C23002000000000FF
:10CF900090E1020800000000B8D30208809C2B8FAB
:10CFA00080841E000000270027008C005C230020E6
:10CFB0000000000090E102080000000098D502087F
:10CFC000809C2B8F80841E00000000002500FF7FC6
:10CFD0005C2300200000000094E102080000000033
:10CFE00098D50208809C2B8F80841E0000002600AC
:10CFF0002600B7005C2300200000000094E1020836
:10D000000000000098D50208809C2B8F80841E00B1
:10D010000000270027008C005C2300200000000097
:10D0200094E102080000000078D70208809C2B8F52
:10D0300080841E00000000002200FF7F6423002087
:10D040000000000098E102080000000078D7020804
:10D05000809C2B8F80841E00000023002300B600DC
:10D06000642300200000000098E102080000000096
:10D0700078D70208809C2B8F80841E00000024003B
:10D0800024009D00642300200000000098E10208B5
:10D090000000000078D70208809C2B8F80841E003F
:10D0A0000000250025007D00642300200000000012
:10D0B00098E102080000000078D70208809C2B8FBE
:10D0C00080841E00000026002600530064230020F8
:10D0D0000000000098E102080000000078D7020874
:10D0E000809C2B8F80841E00000027002700FF7F7C
:10D0F000642300200000000098E102080000000006
:10D1000058D90208809C2B8F80841E0000000000EC
:10D110002500FF7F64230020000000009CE102083E
:10D120000000000058D90208809C2B8F80841E00CC
:10D13000000026002600A00064230020000000005C
:10D140009CE102080000000058D90208809C2B8F47
:10D1500080841E00000027002700FF7F642300203A
:10D16000000000009CE102080000000038DB02081B
:10D17000809C2B8F80841E00000000002500FF7F14
:10D180006423002000000000A0E10208000000006D
:10D1900038DB0208809C2B8F80841E000000260054
:10D1A0002600B7006423002000000000A0E1020870
:10D1B0000000000038DB0208809C2B8F80841E005A
:10D1C0000000270027008C006423002000000000DE
:10D1D000A0E1020800000000FC4F0103E8DF0208A4
:10D1E00010400100004100003C4001000000000030
:10D1F00048400100200700035040010000000000EB
:10D200005C4001000D0F000008410100FF4C0000D0
:10D2100054C00700511130000F000EE62D00000031
:10D22000080B0D0E0E000000D1B60200E004000055
:10D230004040070100002070000090111000000025
:10D24000000000461FC08100000000200080000098
:10D250006440050100000000FB04FF0040080000DE
:10D26000100000009100040088400F01B603120076
:10D2700000000060000000000002050D1C2F42535A
:10D280006269686053402E1F110A080808080706E3
:10D290000504030302020201010101010000000074
:10D2A00000000000000000001C41010100302C8C37
:10D2B00038410701BC200BF045C05100055BA04080
:10D2C0008E6E82942182485209084000C00D008071
:10D2D0005C410101FFDD0000684107014CD4E83BDF
:10D2E00004190D50080E141A20262C32383E103224
:10D2F0005476980A1D0040B4D0410301000000009C
:10D30000D000000004001200E04113010000008082
:10D31000E2CFDD2C7EB63A00600919005122E2000E
:10D320004CB9510E3982A904D8229B29E2CFDD2CB9
:10D330007EB63A00600919005122E2004CB9510E44
:10D340003982A904D8229B290000000000000000B7
:10D35000440000003C3C3C3C4C42010108000304FA
:10D3600068420101000000003880010124461000DD
:10D37000A080020170380300D0000000A8800111D5
:10D38000F0010000A8800131055AFD01AC800111B7
:10D39000F0010000AC800131053EFD00EC000112FF
:10D3A000E00F0000EC0001320C2051118401010259
:10D3B00000000000FFFFFFFFFC4F01033CE00208FC
:10D3C00010400100004100003C400100100000003E
:10D3D00048400100201700035040010001040000F4
:10D3E0005C4001000D0F00000841010003C0010076
:10D3F00054C00700511130000F000EE62D00000050
:10D40000080B0D0E0E000000D1B6020080050000D2
:10D410004040070100002070000090111000000043
:10D42000300000461FC8810000200030008000004E
:10D430006440050100000000FB04FF0040080000FC
:10D440001000000092000A0088400F01B60312008D
:10D4500000000060000000000002050D1C2F425378
:10D460006269686053402E1F110A08080808070601
:10D470000504030302020201010101010000000092
:10D4800000000000000000001C41010100302C8C55
:10D4900038410701BC200AF045C05100010000409E
:10D4A000B75635120078085009084000C0030080C4
:10D4B0005C41010100000000684107014CD4E83BD9
:10D4C00004190D700A10161C22282E343A4010320E
:10D4D0005476980A1D6980A4D04103010000000021
:10D4E000D000000000000200E04113010000000035
:10D4F000E2CFDD2C7EB63A00600919005122E2002D
:10D500004CB9510E3982A904D8229B29E2CFDD2CD7
:10D510007EB63A00600919005122E2004CB9510E62
:10D520003982A904D8229B290000000000000000D5
:10D53000440000003C3C3C3C4C420101080000041B
:10D5400068420101000000003880010124461000FB
:10D55000A080020170380300D0000000A8800111F3
:10D56000F0010000A8800131055AFD01AC800111D5
:10D57000F0010000AC800131053EFD00EC0001121D
:10D58000E00F0000EC0001320C2051118401010277
:10D5900000000000FFFFFFFFFC4F010390E00208C6
:10D5A00010400100004100003C400100100000005C
:10D5B0004840010020070003504001000004000023
:10D5C0005C4001000D0F00000841010003C0010094
:10D5D00054C00700511130000F000EE62D0000006E
:10D5E000080B0D0E0E000000D1B6020080050000F1
:10D5F0004040070100002070000090111000000062
:10D60000300000461FC8810000200030008000006C
:10D610006440050100000000FB04FF00400800001A
:10D620001000000092000A0088400F01B6031200AB
:10D6300000000060000000000002050D1C2F425396
:10D640006269686053402E1F110A0808080807061F
:10D6500005040303020202010101010100000000B0
:10D6600000000000000000001C41010100302C8C73
:10D6700038410701BC200AF045C0510001000040BC
:10D68000B75635120078085009084000C0030080E2
:10D690005C41010100000000684107014CD4E83BF7
:10D6A00004190D70080E141A20262C32383E103240
:10D6B0005476980A1D6940B4D0410301000000006F
:10D6C000D000000000000200E04113010000000053
:10D6D000E2CFDD2C7EB63A00600919005122E2004B
:10D6E0004CB9510E3982A904D8229B29E2CFDD2CF6
:10D6F0007EB63A00600919005122E2004CB9510E81
:10D700003982A904D8229B290000000000000000F3
:10D71000440000003C3C3C3C4C4201010800000439
:10D720006842010100000000388001012446100019
:10D73000A080020170380300D0000000A880011111
:10D74000F0010000A8800131055AFD01AC800111F3
:10D75000F0010000AC800131053EFD00EC0001123B
:10D76000E00F0000EC0001320C2051118401010295
:10D7700000000000FFFFFFFFFC4F0103E4E0020890
:10D7800010400100014100003C4001000000000089
:10D7900048400100A00700035040010000000000C5
:10D7A0005C4001000000000008410100FF4C000047
:10D7B00054C00700512130000F000EE62D0000007C
:10D7C0000405060708000000D1B60200600500004D
:10D7D000404007010000505100009021100000005F
:10D7E000000000861FC08100000000200000000033
:10D7F00064400501000000407B02FE00400800007C
:10D80000020000009200080088400F01D5032A00A2
:10D81000000000E0000000000002050D1A2D3F503E
:10D820006068696357463525150D09080706050523
:10D8300004040403030303020202020201010101C2
:10D8400001010101010101011C41010100B0B18C84
:10D8500038410701BC200AF0B2555200055B9840E0
:10D860008E6E8294233C4852893B4000C003008066
:10D870005C410101FFDD000068410701E853FA0047
:10D880000000004000000000000000000000000058
:10D890000000000000000000D04103010000AAAA1F
:10D8A000D000000004001200E0411301000000005D
:10D8B000FFAB000A5CF10F00D341020095EDB1000F
:10D8C000197BD80F1208B904EA1B6D1FC9B7C20A29
:10D8D0000B203B00430600005962F300727E960065
:10D8E000A73D1900D022F13B000000A0000000007D
:10D8F00040000000000000004C4201010800030449
:10D900006842010101000000388001012446100036
:10D91000A080020170780300FFC00200A8800111FE
:10D92000F0010000A88001310542CB01AC8001115B
:10D93000F0010000AC800131050A0D00EC0001127D
:10D94000E00F0000EC0001320C20511184010102B3
:10D9500000000000FFFFFFFFFC4F0103E4E00208AE
:10D9600010400100014100003C40010000000000A7
:10D9700048400100A00700035040010000000000E3
:10D980005C4001000000000008410100FF4C000065
:10D9900054C00700512130000F000EE62D0000009A
:10D9A0000405060708000000D1B60200600500006B
:10D9B000404007010000505100009021100000007D
:10D9C000000000861FC08100000000200000000051
:10D9D00064400501000000407B02FE00400800009A
:10D9E000020000009200080088400F01D7032A00BF
:10D9F000000000E0000000000102071121374B5A2F
:10DA00006769625440291505000000000102030403
:10DA100004040303030303020202020202010101E0
:10DA200000000000000000001C41010100B0B18CAA
:10DA300038410701BC200AF0B2555200055B9840FE
:10DA40008E6E8294233C4852893B4000C003008084
:10DA50005C410101FFDD000068410701E853FA0065
:10DA60000000004000000000000000000000000076
:10DA70000000000000000000D04103010000AAAA3D
:10DA8000D000000004001200E0411301000000007B
:10DA9000FFAB000A5CF10F00D341020095EDB1002D
:10DAA000197BD80F1208B904EA1B6D1FC9B7C20A47
:10DAB0000B203B00430600005962F300727E960083
:10DAC000A73D1900D022F13B000000A0000000009B
:10DAD00040000000000000004C4201010800030467
:10DAE0006842010101000000388001012446100055
:10DAF000A080020170780300D5C00000A880011149
:10DB0000F0010000A88001310542CB01AC80011179
:10DB1000F0010000AC80013105228D00EC00011203
:10DB2000E00F0000EC0001320C20511184010102D1
:10DB300000000000FFFFFFFFFC4F010338E1020877
:10DB400010400100014100003C40010000000000C5
:10DB500048400100A0070003504001000000000001
:10DB60005C4001000000000008410100FF4C000083
:10DB700054C00700511130000E0009E62D000000CE
:10DB80000405060708000000D1B602006435000055
:10DB900040400701000050510000901110000000AB
:10DBA000000000861FC0810000000020000000006F
:10DBB0006440050100000040FB04FF004008000035
:10DBC000020000009200040088400F01B6033B00F1
:10DBD000000000E0000000000002050D1C2F425371
:10DBE0006269686053402E1F110A0808080807067A
:10DBF000050403030202020101010101000000000B
:10DC000000000000000000001C4101010060B18C18
:10DC100038410701BC200AF0FA625200055B9840C7
:10DC20008E6E82941C784852893B4000C00300806D
:10DC30005C410101FFDD000068410701E853FA0083
:10DC40000000004000000000000000000000000094
:10DC50000000000000000000D0410301000000AA05
:10DC6000D000000004001200E04113010000000099
:10DC7000FFAB000A5CF10F00D341020095EDB1004B
:10DC8000197BD80F1208B904EA1B6D1FC9B7C20A65
:10DC90000B203B00430600005962F300727E9600A1
:10DCA000A73D1900D022F13B000000A000000000B9
:10DCB00038000000000000004C420101080003048D
:10DCC000684201010100000038800101D7231000E3
:10DCD000A080020170780300D0000000A88001112C
:10DCE000F0010000A88001310542CB01AC80011198
:10DCF000F0010000AC800131053EFD00EC00011296
:10DD0000E00F0000EC0001320C20515184010102AF
:10DD100000100000FFFFFFFF0C4001000181010027
:10DD2000204002000000000001000000304003001D
:10DD30000000000000000000000000004040020061
:10DD400000000000004000006040010001010000F0
:10DD5000A840010007000000BC40040000000000D3
:10DD60000000000000000000000000000C41030063
:10DD7000FF4C0000FF4D0000FF4D000020C00110CF
:10DD800000F8070020C00130F502280124C001106E
:10DD9000FF00000024C001300013000028C008006C
:10DDA000EC80B30343754051A00F00F80040000021
:10DDB000A8AA07000000000000000000000000000A
:10DDC00070C00900BA100000000420000418800090
:10DDD0000B3C2001187C10022FFCE0067F000000A5
:10DDE0000000000000000000A8C00500BD4B721537
:10DDF00011A3180510325476980A000000000000A4
:10DE0000CCC00400010000000000000001000A0076
:10DE100001002800080001010807000018000101A6
:10DE2000AAAAAA00200001010060DA005C400201F9
:10DE300000000003000000207840040129417671B1
:10DE4000000000008C000C0000000000C440040131
:10DE500000000000000000000000000000000000C2
:10DE6000E04001010002000010410201331E0500E4
:10DE7000000000002041020100000000FF048307B1
:10DE80002C410301FF06660CFF0483078813FF0380
:10DE90005841010100000000644101010C01000033
:10DEA00084410501010100000000000000000000A5
:10DEB0000000000000000000A4410201000000007A
:10DEC00000000000B04102010000000058923EC076
:10DED000BC4103010000000000003C006666060033
:10DEE0002C42030160180040000000000000000008
:10DEF0003C42010100000000444201011400000006
:10DF000080420201000000008100000098420501EB
:10DF10003F000002FFFF0000FFFF0000FF030000C2
:10DF2000FFFF0000B44201010000000030430A017D
:10DF300040002001A0000000085000011F1F1F1F0B
:10DF40001F1F1F1B18151311100E0D0C45C1872F15
:10DF5000000000000000000010800101030000002C
:10DF60003C80010101000000B080020100030002BA
:10DF7000370000019C000102000C0004D8000302DD
:10DF8000050040AA88010000C0000000F000010266
:10DF90002B0100001001011200FF0F0010010132DF
:10DFA000020000315001011200C001005001013295
:10DFB000C100A2007401010269811B0C78010112E9
:10DFC00000001C00780101321004E0CF8001011232
:10DFD000790700008001013202000000880101027F
:10DFE00050000000FFFFFFFF140000001CC771007D
:10DFF0000000000058E2020808E2020800000000E9
:10E00000000000000051250240420F000108F60008
:10E010002446100200000000A4E1020800000000F5
:10E0200000000000000000002A420F000000000075
:10E0300000000000000000000000000014000000CC
:10E040001CC771000000000058E2020818E2020834
:10E0500000000000000000000051250240420F00B7
:10E060000102F6002446100200000000A4E10208AC
:10E070000000000000000000000000002A420F0025
:10E080000000000000000000000000000000000090
:10E09000140000001CC771000000000058E20208D4
:10E0A00028E20208000000000000000000512502E4
:10E0B00040420F000108F600244610020000000054
:10E0C000A4E10208000000000000000000000000C1
:10E0D0002A420F00000000000000000000000000C5
:10E0E00000000000140000006666660000000000EA
:10E0F00072E2020838E2020800000000000000009E
:10E100000048E80180841E000101F8002446500206
:10E1100000000000A4E10208000000000000000070
:10E12000000000007C841E000000000000000000D1
:10E1300000000000000000001400000024499200CC
:10E140000000000072E2020848E20208000000003D
:10E15000000000000024F40040420F000101F8001C
:10E16000D723500300000000A4E1020800000000D3
:10E1700000000000000000002B420F000000000023
:10E180000000000000000000000000000305000087
:10E190000304000003030000030800000302000062
:10E1A000030A000002000000005A62020614000088
:10E1B00000B4C40407380000A0080000000058099B
:10E1C00001040706100A01040707C80A000408072B
:10E1D000800B00040808380C0004090861080000DE
:10E1E0000000C20800000000C70901040403C409BC
:10E1F000000000002C0B01040404C409000000000E
:10E20000920C01040504000050C30000E62D00003C
:10E21000D0070000D0070000E5BF00002823000061
:10E220006B0300006B030000F5DA0200A41F00007E
:10E23000900100009001000050C30000761600001D
:10E24000770100007701000050C30000F22B0000AE
:10E25000EE020000EE020000193F0106041001006A
:10E260000001010600102700000A00000000000065
:10E270000000193F01060410010000010106001012
:10E280002700000C000000000000000054CE02082F
:10E290006CCE020884CE02089CCE0208B4CE0208DE
:10E2A000CCCE0208010000006C230020000000001A
:10E2B000000001000000000000000000000000005D
:10E2C00000000000008000000080000000800000CE
:10E2D000008000000080000000800000018000003D
:10E2E000018000000180000001800000018000002A
:10E2F0000180000001800000018000000280000019
:10E300000280000002800000028000000380000004
:10E3100003800000048000000480000005800000ED
:10E3200006800000088000000C8000000F800000C4
:10E330000A0000000C0000000D00000010000000AA
:10E340001200000015000000190000001F0000006E
:10E350002700000034000000736C5F62745F6F6E12
:10E360005F6576656E74000088E302081E001E007B
:10E37000B8E502080E000E0098E50208020002004F
:10E380000200FFFFFFFF0000010000000108FFFF87
:10E390000000000068E50208020002000108FFFF1B
:10E3A0000500000020000A0003000A000008FFFF2B
:10E3B00001000000F824002004000D000308FFFF06
:10E3C0000300000002000000050002000108FFFF3A
:10E3D0000500000002000B0006000B000108FFFF13
:10E3E0000100000002250020070002000108FFFFD5
:10E3F000050000000A000C0008000C000308FFFFE5
:10E400000100000018250020090000000108FFFF9E
:10E41000000000006CE502080A0002000108FFFF8E
:10E42000050000000A0003000B0003000308FFFFC3
:10E4300001000000202500200C0002000108FFFF61
:10E4400005000000020004000D0004000108FFFFA9
:10E450000000000070E502080E0000000108FFFF48
:10E460000000000074E502080F0002000108FFFF31
:10E470000500000002000500100005000108FFFF74
:10E480000000000078E50208110002000108FFFF0B
:10E490000500000002000600120006000108FFFF50
:10E4A0000200000034250020130002000108FFFFD5
:10E4B0000500000002000700140007000108FFFF2C
:10E4C0000200000044250020150002000108FFFFA3
:10E4D0000500000002000800160008000108FFFF08
:10E4E0000200000050250020170002000108FFFF75
:10E4F0000500000002000900180009000108FFFFE4
:10E50000010000005E250020190000000108FFFF47
:10E510000000000086E502081A0002000108FFFF63
:10E52000050000000A0000801B0000800308FFFFB8
:10E53000010000006C2500201C0002000108FFFF04
:10E5400005000000120001801D0001800108FFFF8E
:10E5500001000000742500201E000D000308FFFFCD
:10E560000300000001010000020001180200001871
:10E570000200000002000A180C0053696C69636F06
:10E580006E204C61627310002412B5CBD460800CF5
:10E5900015C39BA9AC5A8ADE7A086A736CBED8464A
:10E5A00097C288401065025B9CD2702A656D539AB1
:10E5B000D060C341A485A861002801280328002A4F
:10E5C000012A292A242A272A262A232A052A2A2B0D
:10E5D000292B0229B0CD02080000000000C2010072
:10E5E0000002030074CD02080000050006000800C8
:10E5F000070000007C250020557500082700020850
:10E600007F000208910002082100020884250020F2
:10E6100055750008270002087F00020891000208D3
:10E6200021000208AC250020097900087D010208BC
:10E63000A1010208C5010208DF010208736C5F67CF
:10E640006174745F736572766963655F646576692A
:10E6500063655F696E666F726D6174696F6E5F6F1F
:10E66000766572726964655F6F6E5F6576656E74FC
:10E6700000413034004252443236303641003131AC
:10E680002E312E3000000000F0CB0208F6CB02083D
:10E69000FACB020808CC020813CC020820CC0208EE
:10E6A0002BCC02083ECC02084ACC020857CC020808
:10E6B00068CC02087ACC02088CCC020862675F6DD5
:10E6C000616C6C6F6300FFFF010000003C00000004
:10E6D000940000003C00000096000000FFFFFFFFD8
:10E6E000FFFFFFFF960000000102070B000101027F
:10E6F000010202030403010102040400F40100000A
:10E70000FA00000096000000640000004B000000CA
:10E71000320000001E000000140000000000000095
:10E7200050004000080050002400040090015002F6
:10E7300040009001AE01100000000102020B070131
:10E74000160C00000108080000050108FFFF02FF89
:10E75000FF0808020204FF010022FFFF23080F0345
:10E760000304040A0A030A2AFFFF1419191B011CD7
:10E7700015120400480C14040A00000000000000F8
:10E780000000000000000000A0010A05A0030A0428
:10E79000A0080A03A0880A08A0060A01A00309002D
:10E7A00020040A1BF947010820060A17C947010877
:10E7B00020040A168947010800000D00030002002A
:10E7C000010005000049725314497207FF0001025D
:10E7D000030405FF145300724907CDF6000000FB47
:10E7E000349B5F80000080001000000000000000EB
:10E7F000F3990208F17B0208019B0208DD9A0208E6
:10E8000001020C00000004000000080100020000EA
:10E8100000000000000300000200000000000000F3
:10E8200000000000000000000400000000000000E4
:10E830000000000000000000A0080403A001040183
:10E840005600000000000000000000000000000072
:10E85000A0880A07A0040903A0050902A00609016F
:10E8600001000000000000000000000000000000A7
:10E87000A0010107A0000104A00301060204080092
:10E880000600000000000000000000000000000082
:10E89000A0030601A0090609A0020608A0050607B4
:10E8A000A0050606A0070605A0020604A0010610A2
:10E8B000A0080602A00D06000000040205030601E0
:10E8C00007010108090A0000A0015C04A0005C0324
:10E8D000A0015C02A0035C01A0025C00A0020F0981
:10E8E000A0030F04A0030F03A0050F02A0010F0156
:10E8F000A0050F00A0040108A0030106200C0403DA
:10E90000516D0108200004017D6D010820025602AE
:10E910003D6E010820025601116E0108200002051B
:10E92000256D0108A01201000D7D0108557D01082B
:10E93000017D0108617D0108497D01081F9F0208D2
:10E940005D9F02087F9F0208A19F0208C39F0208E3
:10E95000D58901088589010891890108858A0108FE
:10E960008DA10208FB9C0208FF9C0208039D02087F
:10E97000079D02080B9D020800000000B80100007E
:10E98000200B002000021000301C0020D80C0020BA
:10E9900081870108658701083DC30108C1C50108D9
:10E9A000F5C4010820C001B8000000010000010109
:10E9B000000101010203030303040404040505002C
:10E9C000000000010101010202020203030303032C
:10E9D0000404040404000000010101010707080801
:10E9E00003030305040404050505060606070707D7
:10E9F00008030202040404030405050606060607CC
:10EA000007070202020303030304040404050505C7
:10EA100005050606060601020202020303030303BC
:10EA20000404040404050505050606060C0C0C0C7C
:10EA30000B0B0B0B0B0B0B0B0B0B0B0B0B0B0B0B26
:10EA40000B0B0C0C0C0C0C0C0C0C0C0C0B0B0B0B0C
:10EA50000B0B0B0B03040404040505050506060651
:10EA6000060607020202020303030304040404046B
:10EA7000050505050506060602020202070703044E
:10EA8000060704040303030304050603030506073E
:10EA9000080405060403040403030405060603042E
:10EAA00005060708C7BFBEBEBEB5B5B4B4ABABDC88
:10EAB000DCDBDBD2D2D1D1C8C8C8C7BFBEBEBEBDA9
:10EAC000B5B5B4B4B4DCDBDBD2D2D2D11B1B161685
:10EAD0002E2D2D2A29292925242420201F1B1B1BEC
:10EAE000162E2D2D2A2A29292524242020201F1BDB
:10EAF0001B1B2D2DBEB5B5B4B4ABABABAAA2A1A167
:10EB0000A1A099999898C7BFBEBEBDB5B5B4B4B41D
:10EB1000ABABABAAAAA2A1A1A19999990000000050
:10EB200003030303030202020202020203030202BE
:10EB300002020101010101010000000003030303BF
:10EB400003020202D0C7C6C6C6BDBDBCBCB3B3B2C9
:10EB5000B2B2A9DBDBDADAD1D1D0D0C7C7C6C6C61C
:10EB6000BDBDBCBCBCB3B3B2DBDBDADA1F1F2D2BDF
:10EB7000221E2E2E323232312D2624303028231FF1
:10EB80001B2B26222E322E2E31312D282424302CE0
:10EB900027231E1AC8C8C8C8C8C8C8C8C8C8C8C893
:10EBA00000A801A802A8000000B801B802B800B08F
:10EBB0000304040808050000000000000000000035
:10EBC0000000000000000000040008007C0031008C
:10EBD0003B001B00200000000DEB010810000000AE
:10EBE00085EA01086439000074030000DC3C000081
:10EBF00004000000343E00000400000068340000FF
:10EC0000FC040000D83C000004000000303E00007E
:10EC1000030000000000000068340000E03C000039
:10EC200001000000383E000037000000D93B000022
:10EC300069340000010000000006800F7047FB21CE
:10EC4000890109684143880B7047904800680104B6
:10EC5000C80F704730B5002080490A6800238C4CEB
:10EC6000521C6568AA4200D322681578AD06AD0E25
:10EC70009D40054328009B1D1E2BF1D30A6030BD2B
:10EC800082480168090408D582490A68734B1A60F2
:10EC90004A68C2618868AE4908607047F3B583B0BE
:10ECA0001700C006000E00901038912833D2FFF7ED
:10ECB000CCFF00282FD00024774D01260398FFF7C2
:10ECC000BBFF002802D0022803D003E028683040B0
:10ECD00000D001240197714F04980C21695E4018FF
:10ECE0000E21695E4018FFF7AAFF019940183860AD
:10ECF000049800994018FFF7A2FF01994018786026
:10ED0000C020800166490860200366490860FCF75E
:10ED1000FAFE9048067005B0F0BDF8B5624AF024DE
:10ED20002405C025AD041069022804D28A48006871
:10ED30002040A842F7D089480068C01C8849014398
:10ED4000884801608848894B04219E680E4204D09F
:10ED5000117D8906CE0F710021E0B60721D5166915
:10ED6000042E04D27C4E36682640AE42F7D0167D83
:10ED70003607360F072E14D1567D022E11DD967DF3
:10ED8000B606B60E022E0CDBD67D00960E4208D0DB
:10ED9000F60700D50A21009EB60700D5891D002977
:10EDA0000BD173496F4C21600021116080229202C7
:10EDB000704C226001601961F1BD4B1C16699E42C6
:10EDC00004D2654E36682640AE42F7D06A4B595C95
:10EDD0000091664E31610099C900F8230B4002D0C2
:10EDE0008021C904116065490F68012F00D15B00C3
:10EDF00053603268002A1ED15A4B1A682027F75FE9
:10EE00003F039205920D3A431A60012707600222E0
:10EE10008260009880090AD10868002801D1182072
:10EE200000E01A20325E00210098FFF737FF307AA9
:10EE3000000700D43760F1BD4A484D490160002108
:10EE4000194A1160802292024A4B1A60464A1160A8
:10EE50004B4A026142613F4801707047343E0000F6
:10EE6000062048490860002047490860F021090150
:10EE7000464A116080214900454A11600749404ACD
:10EE80000A604A603349087070470000C04101A819
:10EE9000983E0000A03E0000BC3E0000C84101A812
:10EEA000C06101A8C05101A8C44000A830B581B01C
:10EEB0000400A00314D531480068002801D11620B1
:10EEC00000E00C20FEF7BEFA3248806E0007C10F4A
:10EED00031480170082031490860C00325490860A5
:10EEE0002F4D2868000406D5FFF7B4FEE861FFF750
:10EEF000B1FE17490860A00727D58020C0021D4930
:10EF00000860FCF723FE00281FD0264A1068C0B214
:10EF1000002802D00621244B1960810915D01D4913
:10EF20000B68012BFBD949680905090D091DC900AA
:10EF3000124B1B68012B00D14908002B01D118236B
:10EF400000E01A23D25EFFF7A9FE01B030BD000039
:10EF50005C4201A86E3E00000C0002A8204000A800
:10EF600000F0FF3FB84101A8044003A8B43E0000F0
:10EF7000FFF3FF3F106001A8D84000A8843F0000C5
:10EF8000FFFF0300006401A8504000A80C6000A827
:10EF90000C5000A81C4000A8E03C0000846000A8C1
:10EFA000C04101A8B83E0000005401A870B5082275
:10EFB000814B1A60814B1B68DC0302D5002008805E
:10EFC00070BD0C880019401E00787D4DA870641C2F
:10EFD0000C8045076D0F052D05D87A4E3668F6066C
:10EFE00003D5022D0DD0032070BD9604AE401E4007
:10EFF00001D1082070BD052D03D1104201D1641E3E
:10F000000C80AB484860002070BDF3B582B0088822
:10F010006D490978491CC9B2814204D20299091884
:10F02000491E097800E00021654A517093785B071A
:10F030005B0F01933023019C052C28D1194232D15A
:10F040009478E5081E242C40CD0702D52500012424
:10F050002C430125A24EE6402E4073D0019EA14FC5
:10F06000E7414024274037434C0602D53C00202787
:10F070002743947889080D40A1080C260E402E43A2
:10F08000C0212140314320240C43977054704B49D8
:10F090000C685578022123262E4008D0660302D53D
:10F0A0002B40202B01D0052083E0434B196093783F
:10F0B0009B0601D4202203E09278120702D5402259
:10F0C0003D4B1A603E4A92786B461A70C022864BBE
:10F0D0001E680E4001D1154212D06E4637782726A1
:10F0E0003E40232E03D1E60207D4012606E0252E5A
:10F0F00003D0212E04D1260302D504262E4F3E60D4
:10F100001B6819402026019F002F1DD11E4028D0CA
:10F110002B4B5B781A40402A14D00C221A40042A48
:10F1200010D02A073CD40122002903D0E200D10FDD
:10F1300001224A4069460978CB07DB0F1A422FD0DB
:10F1400021012AD4072034E0022FE1D11E4008D04B
:10F150000029DDD1CC232B4003D16B461B785B0605
:10F1600001D5032025E0A30311D59D4E73691B052E
:10F170001B0D5B1C3668F60205D59A4E36683607BD
:10F18000B60F9B1B5B1E9BB2052B04D1C0E7029BF5
:10F190001B78052BBCD006200BE08021064A1160AD
:10F1A000E90702D4401C03990880AC4803994860E1
:10F1B000002004B0F0BD00004C1002A8D83E0000B2
:10F1C000303E0000480002A84C3E0000F2B58649DF
:10F1D0004978CA0705D4009A12888018401E05781D
:10F1E00000E000259E4C206802229E4B1E68F60619
:10F1F00011D524696540EDB2002D03D15E68E509A3
:10F2000075401540002D03D0040204D40A20F2BD3D
:10F21000D406954E3460744C2D02C0270F402F4306
:10F22000914D2F60A5786E07760F022E06D15B6890
:10F230001A4003D1002000990880F2BDA0230B40A2
:10F24000AE08102737401F433B090E0702D41E00AB
:10F2500010233343CC220A401A261E400A2E04D122
:10F26000CC2A02D01E00FD233340804EDE40F6073C
:10F2700005D4000416D5412D10D1082912D17C489F
:10F28000D8401121014011432020084320700D2156
:10F290000140009808D000F0A9F8F2BD0B2D01D173
:10F2A0000029ECD00720F2BD00F020F8F2BD0000EC
:10F2B000C734000038B50C006E490A781309533979
:10F2C0009D00491925881207120FAA1AD21A801810
:10F2D000FEF74DFD010002D1200000F007F832BD1D
:10F2E000F300A3E3981440684C0002A8F8B50400AA
:10F2F000614805683C4F3878D026304202D00D2155
:10F30000014005D008205D490860EF20FEF7F3FCBE
:10F3100039782000314204D00909397000F066F8CC
:10F32000F2BD052129401FD001884D4AD160544BC0
:10F33000EC0705D5491C0180690607D4514B05E04F
:10F3400043242C40422C03D1491C018043600DE032
:10F3500010214A4B19604C4912689300DB0F1A01C7
:10F360000A63802212030A60002101800020F2BD9E
:10F370000A888018401E0078830601D4121D0A8076
:10F380001822024004D0088852088018C01E088045
:10F3900039480068C00702D50888401C08803948F1
:10F3A000486000207047344A1368DB0708D51268AC
:10F3B000920705D40A888018401E007804280CD1D2
:10F3C00010202E4A10603048254A12689300DB0F47
:10F3D0001A01026380221203026000200880704735
:10F3E0000C4000A8080001A8303E000031B581B0F3
:10F3F0002648002100910822254B1B7802240C2569
:10F400002B4202D10022234803E01D40082D00D1E9
:10F410000222DD0703D505001E2068400094234228
:10F4200007D015480068000601D51B4801E0002000
:10F43000C043019B194C20601948FF248470009C34
:10F4400015012543C570017018880099401880186F
:10F45000188014485860002036BD0000893600002E
:10F46000D83E0000480002A8481002A80D0F0C0D5D
:10F4700007170850633F00004C0002A84C2002A868
:10F480002D380000633800001C1002A8DE1B250187
:10F49000303E00002084100000FCFF010C3F000003
:10F4A000603F000071370000303E0000353400003E
:10F4B0004D3400004D3400004D3400004D34000048
:10F4C0004D340000000000000000000000000000BB
:10F4D000000000004D3400004D3400004D340000A9
:10F4E000352B00004D340000672C0000772C000005
:10F4F000AD2D0000132E00009B2E000021300000D7
:10F50000CD2E0000D1300000292F0000712F000007
:10F51000E92F00008932000081330000392C0000FF
:10F5200027280000D12300004D340000CD28000022
:10F530004D3400000D2A0000D12900004D34000098
:10F540004D3400004D2A00004D3400004D340000C1
:10F550004D3400004D3400004D3400004D340000A7
:10F5600043120000391200000000000000040008EF
:10F57000021402180324000048488068000200D4E6
:10F58000704780B580208002AA490860CF2000F033
:10F5900051FA01BDF8B588480068884A80239B036A
:10F5A0001360874C216809051DD5190BA02505405E
:10F5B00001D0116017E003403CD1824F80253D60AF
:10F5C000814A1560084035D0344E307A400705D561
:10F5D00001207E49086000027D49086030780028DB
:10F5E00001D0062801DB0020F2BD00F076FB616847
:10F5F00089684C683178052905D17460A468CC21EC
:10F600008901734A116000F071FB012C00DA0224B9
:10F61000BC208005884908609420800587490860DF
:10F620000020C0433864604278648548056040200B
:10F630003860D8E783480160FFF79EFF0120F2BDE4
:10F640005D480168890504D5C06E0004000F0228DA
:10F6500001D0002070470120704738B580245948F8
:10F66000046000F03AFB05007748006800F06EF98E
:10F67000280000F03BFBFFF77FFF0848007A0007F7
:10F6800005D5A0004D49086000F040FC31BD600385
:10F690006C490860AC48046031BD0000383E000091
:10F6A000FEB50600CC208001684948600124684806
:10F6B0000460FFF7C5FF00287DD0664D287800283C
:10F6C00079D021020196052802D032460A4072D133
:10F6D000CC27BF015D4A17608D4A126881231B0247
:10F6E000134001D0032301E053075B0F022805D12B
:10F6F000022B5ED3080136490860F7BD4E0103288E
:10F7000004D1022B55D932480660F7BD042802D136
:10F7100011404ED0F7BD05284BD10198002848D0A4
:10F72000C005C10F684641700198C004C10F68460A
:10F73000017000F0D2FA02906A68684640780028AA
:10F7400003D0146880202049086035048649684643
:10F75000007800280CD0D0680B68C01A834B1B6857
:10F760002B4001D0146800E05468844200DD04009E
:10F77000684640786A461278024308D008684242D8
:10F78000A01E824202DA6042886000E000240298F3
:10F7900000F0ACFA0198800501D597480560019802
:10F7A000064001D095480560002C02D0084807604B
:10F7B000F7BDFFF752FFF7BD440002A8442002A89E
:10F7C000D83E00000CC001A890E001A8C4D000A859
:10F7D000145001A838B580248948046001201C49D0
:10F7E00008601C4D2878052802D060008549086013
:10F7F000FFF726FF002812D013480068000A802176
:10F800004140A868000EC9B2814208D24048006851
:10F810004007400F022802D2FFF71FFF31BD7A4890
:10F820000168C0220A4002D1C06F204001D00448C4
:10F83000046031BD1C1002A808E001A808D001A88E
:10F8400094D001A8441002A818C000A8106001A814
:10F85000C4E000A8383E0000F1B582B00F00A0203F
:10F86000384003D08020800069494DE000F035FA2F
:10F87000009066480468F80202D5A068006902900A
:10F8800000F0AFFB80210903606800F07DF9267865
:10F890000020761C6178B14200D200261821714305
:10F8A00065180C3529780829F3DA2670A5605949BE
:10F8B0002A780A70BA0507D5544800688068C0687D
:10F8C000FA0201D40322904388600127384003D113
:10F8D00000F090FC01F0E0F8F904686900F054F9D8
:10F8E0003C2000F0A7F8F0B200F0A4F860884A4984
:10F8F00001406180009800F0F9F93805444908603A
:10F90000464807603802464908600298FEBD00007C
:10F91000184001A810B543480068800501D4FE20B6
:10F9200010BDC02080034049086000F0D6F9374977
:10F9300009688A78D20702D589688C7800E00C784B
:10F9400000F0D4F9200010BD100002A82F4909686A
:10F950008A688B78DB0704D5927818235A438A1873
:10F960000C3290607047000048C001A84C0002A80B
:10F97000F1B582B02D4F3C680026200F000702D160
:10F98000E00102902AE001F087F800F0A6F901906A
:10F9900080210903606800F0F7F825786D1C607815
:10F9A000A84200D20025E80020180C300090006822
:10F9B0000290802109030098406800F0E5F83D209E
:10F9C00000F038F8E8B200F035F825700098A06033
:10F9D000019800F08BF902A801F0B6F8144800680D
:10F9E000800407D5F86901F0C8FD02990818029053
:10F9F00000D502960298FEBD4C1002A84C2002A829
:10FA000094E001A8146001A814C001A8DC3E000025
:10FA1000442002A8383E0000FEFF0000C0E000A81D
:10FA2000106001A8440002A8441002A8E03E0000B3
:10FA3000FC0302A84A490968002901D54949086020
:10FA40007047F3B581B0484FB968484C4A0058D563
:10FA50000125090100D521250100FE22920110682F
:10FA6000566822689206920E94463A689300802265
:10FA7000134062461343802252001A4300920A0048
:10FA800023D0890601D5012008E0F021014007D1EB
:10FA90006946097A0C220A4002D0022000F04AF896
:10FAA0003349096809040AD53968090701D50226CE
:10FAB00005E03968490301D5002600E003264835F2
:10FAC000009A2C490968890003E0009A2949896B4A
:10FAD00009094023194011430207120F032A05D1D7
:10FAE0002268120904231A40324316008022520071
:10FAF000002E02D016432666083521660243226690
:10FB00002566E06D4407640F00F0D1F8A0070BD024
:10FB1000052C09D0B868000406D400F0DEF80221F4
:10FB2000154A116000F0E2F800F0CAF8002000F079
:10FB300001F8F7BDFE2189010A68F0239A4300010C
:10FB400010430860C0B270478020C0020B490968AA
:10FB5000890701D10A4900E00A490860704700009E
:10FB6000500002A8884000A8480002A8284000A829
:10FB7000684101A8184001A8D4D40350844000A8CB
:10FB8000486000A8485000A880B56D4A116001F097
:10FB90001FFDFFF7D9FF01BDFEB56A4D28780006AD
:10FBA00004D5287F002801D0182400E0462400F066
:10FBB00094F801906448C0684005C20DD52A01D26E
:10FBC000D52204E0D1204000824200D9020010007A
:10FBD00001005E4B00932B6B5B011BD55C4B1B78CC
:10FBE000022B03D25B4E06277B43F2520023009D7B
:10FBF0002D7CDD40ED070AD5574D06265E43AD1935
:10FC0000AD888D4200D22900A84200D228005B1C9A
:10FC1000022BECD309190904504B0B40001BC00503
:10FC2000C00D184348490860C02000064C490860D0
:10FC30004649087D00280CD04A48D52A02D980239D
:10FC4000DB050360D1235B009A4202D280231B06AE
:10FC500003600020444B18604888002800D10A80C7
:10FC6000019800F043F800F07BFDF7BD80B53F48F8
:10FC70003F4908603F48C1680902090A19225143F7
:10FC8000416005210160FFF787FF01BD80B52D4868
:10FC90000178090604D5007F002801D0FFF77CFF1A
:10FCA00034480068C00301D5FFF776FF01BD80200E
:10FCB000C00223490860304800684007FBD4704701
:10FCC0008020C0022D490860704701E02C4908607F
:10FCD0002C4909680140F9D170472B480068202160
:10FCE0002A4A116010212A4A1160704730210140D0
:10FCF00002D1102025490860704723480068302150
:10FD00000140102901D1012070470020704721488F
:10FD100001210160C160704701201F4908607047E0
:10FD20001E4800780621014007D01D4800680228BF
:10FD300003D0032801D00120704700207047000045
:10FD4000441002A8D83E00007C4000508C3F0000C8
:10FD5000583E0000603E00005C3E00000000FF01D5
:10FD6000A0600050A450005018E000E07F1A060187
:10FD7000540002A810E000E0440002A8442002A8B9
:10FD8000282002A8280002A8600002A8602002A87B
:10FD9000601002A8789001A884A001A8BC3E0000D1
:10FDA000843F0000F8B5644880214902C161022106
:10FDB000624A51600021624AD162624A1180032185
:10FDC0005E4A1160022101605F4DCC01A8682040AD
:10FDD00010D05B480068F021090501409020000523
:10FDE000814207D0022059490860012001F014FC2B
:10FDF0005748046020205749086080205649086011
:10FE0000CC208001554908600124554804602868C9
:10FE100000900004070F53480068C505ED0D103D24
:10FE2000C0202843C0B2FFF705FE4548C06B8003E1
:10FE300009D5092F07D0FFF773FF002801D003F081
:10FE4000F9F801F01DFA48480668032D41D00098E2
:10FE50000007000F0090032803D0022806D1032FCB
:10FE600037D000F04FFA0098032803D0062F30D186
:10FE7000062D2ED03D480068C00B204001D001F077
:10FE8000FBFC3B480068000108D5052D06D1012583
:10FE9000384804606005FFF718FF00E000253100D6
:10FEA000380000F065FA0600002D06D000F026FCB0
:10FEB0003148046002203149086060052E494865D8
:10FEC00080092F490860FFF72BFF002801D003F0BD
:10FED0009DF81A4821040162002F08D102214160D7
:10FEE00000201749C863C020C0001C494864300086
:10FEF000F2BD80B5FFF7DBFE22480078800602D411
:10FF0000022021490860FFF7DBFE01BD02201F49E6
:10FF100008607047802000061D49096801400AD02A
:10FF2000C10D1C4A1278920701D51B4A00E01B4AFA
:10FF300011601B49086070472C1002A8282002A8F5
:10FF40000C0002A8683E0000B00002A86C1102A8D4
:10FF5000B82002A894E001A80CC001A8146001A870
:10FF6000C4E000A804ED00E0B44000A800E200E016
:10FF7000083F0000645000A8646000A82C4000A85E
:10FF800080E200E0D83E0000081002A8082002A885
:10FF9000440002A8883E0000FC1302A8FC2302A82B
:10FFA000442002A88F480068800700D4704770B5CD
:10FFB0008D4801210422BE4B0C02E025ED0086682D
:10FFC0002E4002D01C601A6119610068054002D001
:10FFD0001C609A60996070BDB64801218160016023
:10FFE0007047012081498A680240FCD10422B24B4B
:10FFF0001A610B680340FCD1AF4882609101016037
:020000040803EF
:1000000070477B4908680122104200D1704710B543
:10001000E023DB000340FF24A41CA34204D3B74B1E
:100020001B689B0600D54868024001D000F030F9FB
:1000300010BDF8B50700914E30683F2188439049C4
:10004000097801433160FFF7DCFF8E4C8E48802138
:10005000490308258D4A1268D20504D5656003223C
:10006000B262016006E0C822B2620622934B1A60B7
:10007000934A11608909C16038685839096881421A
:1000800001D2009100E000900099401A38600121EF
:10009000380000F0D7FB0600386800994018386037
:1000A000FFF780FF002E12D1002078490A68D205A0
:1000B00000D4102060620868284001D0256000E06C
:1000C000656092480068400001D5680260623000B7
:1000D000F2BD8B48017809060DD5007F00280AD0B3
:1000E00086484168C90606D40068A0210140481E20
:1000F0008041C00F70470020704780B5FFF7E9FFCF
:10010000002803D00021042001F04CFC01BDF1B512
:100110007F4F8048F860EE20C00438607E487F49F9
:100120000860FFF7D6FF002803D00021042001F06B
:1001300039FC8020C0017A49086008247948846528
:1001400001257D641D2077498862774E9B20400001
:10015000B061072001F060FA0220724988624B49C1
:100160000A68D20603D56F49704A0A6008E00F2278
:100170000968214002D03100103101E03100143112
:100180000A606B490968002900D4B461E3210901C0
:100190003160C021C900674A1268F823DB011340AF
:1001A00001D1F16200E0B9655D490A6C2A4008D0CE
:1001B000496BC90705D460490968084001D101F0BD
:1001C0000FFC0020C0435D490860554C606B054042
:1001D00001D1FFF7E7FE009801F00CFA606B800197
:1001E000FCD4F1BD500002A8900102A8940102A81D
:1001F000903F000070B542480178090606D5007F9F
:10020000002803D00021052001F0CCFB1B48016829
:100210003F2291434A4A12780A4302604048494AC1
:100220000121436B0B4001D1116391629721490079
:100230001160102111604449E3231B018B66434B7D
:10024000D3610022424B1A60802252000723082407
:100250000E4D2E68264005D08B672B681A4006D1BC
:100260008C6704E0CB672B681A4000D1CC6703226F
:100270000A600C632103016070BD00002C8001A89E
:100280006A3E0000601102A8981002A8FC0302A8B0
:10029000F02109012F4A116001402F480160202000
:1002A0002E4908602E4909680840C3490860704714
:1002B000881102A8902102A8882102A80C9001A808
:1002C000982002A82748284982680A4002D1C268BB
:1002D000114001D01049016013480821A94A136850
:1002E0000B4000D081611178C90602D58C2109012B
:1002F00001601420B149086001E20000440002A836
:10030000D83E00000448054908607047EC0002A888
:10031000242102A8000FFF0001200000706201A844
:10032000100002A8C01002A8501102A8BD030000CE
:1003300028C000A8A88001A8403E0000B46000A822
:100340006B3E0000682102A8E82002A810100000FF
:10035000C00002A8586001A8585001A8482002A86F
:10036000184001A8704201A800800080704700007A
:10037000F8B586B005000C0091480068400102D530
:100380002000402404438F48C66AFFF7A6FC05906E
:10039000B00503D58C480068FFF7D8FA002001901B
:1003A00001227006C00F0290FE239B019868002175
:1003B0009960B8214900854E31606608B821314006
:1003C0001B78F0261E40402E02D10B00402119431D
:1003D0000D2D02D1030004201843430704D50B0060
:1003E0001421194310239C43794B1B6803936B46DC
:1003F0001A70039BDA0506D580225200754B1A60ED
:100400000A0001211143029A002A11D10C220A404C
:10041000082A0DD00A006B4B9B6BDD0601D410251A
:10042000AA439B0601D420239A43B123134055D0FD
:100430006A461278002A54D0674DAA6BAB6D01262C
:100440005207520F921D9640DA04D20CB21A92B2A1
:10045000082A09D2802106225A4B1A604A029F4B71
:100460001A6000226B461A7081220A403CD0082292
:10047000029B002B00D12A6203000820184310229F
:100480009443042213059C4E3360D304994E336089
:100490006B461B78002B24D0062A2AD3484EF36CD7
:1004A000DB0626D5B36E9BB2DFB22F611B0A2B6130
:1004B000964B1B681B0E019373699BB2934EF66BB0
:1004C000360603D01E0080235B0133432B611B0AD9
:1004D0002B613F4B1B68DD058CD40AE008223E4BA4
:1004E0001A620490009131E027A24B06DB0ED25C29
:1004F000CEE704900091334B186B84490968364D60
:100500002E686F463E810600282737401743820C2D
:10051000D2013A43000E304010263040104389008B
:1005200040221140014302A88170586B000A02A9C1
:10053000C870FFF7EFF902A9087101984871744873
:100540000068C8800298E8660398E8660598FFF797
:10055000CDFB0825600601D567488560FFF7E0FB05
:10056000002805D06B480078002801D06A48056053
:100570000498C1B20098C0B2FFF763FA200007B038
:10058000F0BD0000F84F0000030107060301070655
:100590000501060605010606030207060302070613
:1005A0000502060605020606081A03D25B49096819
:1005B0004018401C70470000481002A8883F000007
:1005C000084000A8180002A81CC000A8B46000A839
:1005D0001C0100AA1C2100AA540000AAF8B5504F23
:1005E0000F2401254F4910264F48806B30401BD007
:1005F000012008704D4800687969FFF7D5FF4C4924
:10060000096F4018012868DB01F092FA494909682E
:10061000090B0C40022C5ED16905474A116047491D
:100620000E6441490D6056E02E023F48006CC00048
:100630001ED543480068E021890501404DD03D4D5D
:100640002868210301407001814246D1FFF745FB34
:100650003C4A3D490968314002D03C490968116073
:100660002968090B21400229F3D0FFF73FFBF1BDB8
:1006700037480068002830D001220A7000F0BAFF25
:1006800000282AD101F054FA2A490968090B2140AF
:10069000022920D1264A1278D20705D52D4A1268A0
:1006A0000A4001D0204A1560244A1160690239606D
:1006B0001D490E601F4A1168090B21400229FAD01A
:1006C0001168090B0C40032C02D029041A4A11604E
:1006D00000211F4A116001F02FFAF1BD141100AA88
:1006E000802080041C4908607047802040041A491B
:1006F000086070474C5001A8441002A800BF17487A
:100700000168490701D0FF2141617047184001A8E5
:10071000448001A8E03C0000845000A838C001A833
:100720000CC001A86D3E0000100002A81CC101A869
:10073000883E0000B00002A81C1002A8082002A8F1
:100740004C4001A8800000AA084000A8904000A8E2
:10075000443E0000083F00003C2002A80C4000A8D6
:100760007047FF2807D0022805D22B490978C140DD
:10077000C807C00F7047002070470000F0B5802008
:1007800000020821254A11600A210122244C01237C
:100790008B40034325A56D5C1D43A560F025214ECC
:1007A00035601E4D24A6765C022737432F60042651
:1007B0002E601D4D2D68154006D1D5026D1E03D04B
:1007C000A66C3603FAD401E00220F0BDA56CE66CFD
:1007D0006D036D0BAE4200D21800491ED7D508211B
:1007E000104B1960A060A8490968490112D5A749B2
:1007F0004B785D1C01262E404E701D000626754369
:100800004D192468AC80E8800B70034801789A4049
:100810000A4302700020F0BD9C3F0000889001A8B0
:10082000448001A888A001A8140002A800000001CB
:100830000102040810202000505050404040403039
:1008400020202000F1B584B0914C92484068C0054A
:1008500016D5606AE021C9000840884210D1A84836
:10086000006E0004000FA7490A68D20601D50728C8
:1008700004D00968C90603D40B2801D1002000E187
:10088000FFF7AAFBA0484069400101D401251CE004
:100890009E48806B00217D4ACBB206256B43D3185E
:1008A0009B8885B2AB4204D0491CCBB2022BF3D358
:1008B000FF211170012594494969490105D5107836
:1008C000FFF74FFF002800D0002591485021405CE1
:1008D000000608D58C480078002804D08A48407863
:1008E000002800D10125E06902906A480068E061B3
:1008F000884E0498006831684718012F15DB00F016
:10090000F0FDC001381A01280FDBFFF76AFB00F089
:10091000C3F8049800683168401800F06BFE0028A6
:1009200003D00021049A116011E0C020C0007A4970
:1009300008602068794F072832D005210840052833
:1009400008D021600C2000F067FE002802D0029938
:10095000E16196E0724EFF207A3070620420B0624E
:10096000FFF73FFB02203060E020C00478606A4857
:1009700080218904416002210160012000F04CFEC9
:10098000802080007062022000F046FE8020C000BF
:1009900070620820B062022000F03EFE0220B062C9
:1009A000604EE0204000F06159480078C00705D54E
:1009B000802000065C49086040083060042000F098
:1009C0002BFE019000284AD102203860800270641A
:1009D000C001706410204D4908600120B0674C4F81
:1009E0004748006840061ED447484069400113D577
:1009F000264800786946087068460078FFF7B1FE1F
:100A0000002809D021486946097806225143401838
:100A1000C0883E49086406E001203873FFF7AEFE47
:100A20000190002823D10120384908600020C867C0
:100A3000022000F0F1FD3C4E4020F061C030F0613A
:100A40003878C00705D5C020000630602F48006CFC
:100A5000F881022000F0E0FD8120C0027064002DCA
:100A600005D027480068800101D4FFF70FF9E1693C
:100A7000E0204003084002992C4A0A400243E26108
:100A8000019805B0F0BD0000083F0000583E00008E
:100A90005C0102A8F80302A838B5FFF79DFAFFF73A
:100AA000A0FA23480068C0050AD522480068000B58
:100AB0000F210F220240072A20D001400B291DD010
:100AC0000224124804601C4D0820A862C00168621C
:100AD000012000F0A1FD200268622C600620A862BF
:100AE00016486862E0204000154908600B48046021
:100AF0000021144A1160C021C900016031BD00000D
:100B0000500002A8B04301A8F43E00000C8001A8E8
:100B1000883E0000DC3F0000981002A8982002A840
:100B20005C1102A8109001A810A001A8FFFFE3FF2C
:100B3000FC0302A8B00002A85C2102A8F961000031
:100B40002CA001A85C0102A838B50400FFF749FAFF
:100B50002048C021C900204A1268F823DB01134055
:100B600001D1816101E01D4A11601D4980225200BE
:100B70001C4B1D68154003D008250560032001E0CB
:100B8000AC20400088641868024001D10A20086047
:100B900015488021490301608909C1601348006834
:100BA000AF21C90145182068854200D30500401BCC
:100BB000206000212000FFF745FE216849192160CF
:100BC00032BD802000010A4908600001094908601F
:100BD00070470000641102A8AC8001A87C2102A823
:100BE0000C8001A8FC0302A8981002A8A43F0000F2
:100BF000441002A8685000A8F1B584B0B34800685A
:100C00000190B3488069AF21C9014018B149097802
:100C1000C90708D40499884205D2081A00F0EAFCF2
:100C2000002800D05EE2AC484068C00700D559E219
:100C30000420C749C8628003C6498862A548006D80
:100C40000090A548806B8407A40F2025032C03D0B7
:100C50001020BF49C86225E02B03084683629E4AE4
:100C6000D06B284001D0012067E00098000610D525
:100C7000D06B022108400CD1B74805260660D66B20
:100C800010273E403143016000210160916B090A49
:100C900001600420AF49C862D06B002802D5AC487F
:100CA00083620024009800060BD5AC480078002829
:100CB00007D0A748C562CC4800682840A549C8624B
:100CC0000EE08548816B490704D5806BC000E900C0
:100CD000084003E07E488068C10701D5FFF7D8FAD5
:100CE00001230098184008D0C048A1014018006AAC
:100CF000C004C00C401ED049086000200021CF4A2B
:100D00001668360403D5926F002A00D40121C02250
:100D10009200CB4B5A6522026E4B1B78DB0701D445
:100D2000002902D0C0239B0000E01300C5490B60DE
:100D3000C0239B00C24CA3654A606749096C94229A
:100D400092050A40140000D00124204300062CD054
:100D50008248007DC0210140402902D1FFF7C9F837
:100D600001E0FFF7D3F85C48056024061CD0B64CC0
:100D7000806B400708D568027649886202202060AF
:100D800000F0CAFA002807D004207149C862400266
:100D900070498862000120604E485021405C000686
:100DA00002D5A8036A4908609CE14B484068C00727
:100DB000FAD428036749C862FEF779FF9E48406E5F
:100DC0004549096C090408D4C00606D5FEF785FF1D
:100DD0000221C54A1160FEF789FFFEF771FFE801A5
:100DE0003D490860C14CC0252D06A5600001C049E1
:100DF00008603948806B4007C10F68460170BD4EDE
:100E0000A0270198C00700D4AAE000F091FE02904C
:100E1000FEF77DFF3048006C40040DD400BF00BFDA
:100E200000BF00BF00BF00BF00BF00BF00BF00BFCA
:100E300080200006BA490860FEF76EFF029800F0B5
:100E40007BFEEE20C004AC490860802000012062D7
:100E500003203064FE20C003706442200199C9055C
:100E600001D4706000E0206067600820A049086637
:100E70000420AC4908601848006CC00237D5144EF5
:100E8000316F080CA84A0904C90B515A10282ED3F7
:100E90003288E72A2BD395235B009A4205D89A1A09
:100EA000120951438A0A514204E0A04BD218120998
:100EB0005143890A49B24018B269736A59435118BB
:100EC000B1616F280AD36F200BE000BFFC0302A8BA
:100ED0008C3F0000883E0000100002A80F2800D2BE
:100EE0000F20010201430004084391490860824831
:100EF00090498164A90CA16002217D4A5167A90D26
:100F00008160F021090141658020400060610A2074
:100F100000F082FBA560822040026066012000F0A4
:100F20007BFB0120A060062000F076FB8020000201
:100F3000A060082000F070FB80200003A06080000B
:100F4000A060032000F068FB8020400249E000BF61
:100F50001C2002A81C1002A8E40000AAF43E000015
:100F60000198400744D56448EE21C90401606049F6
:100F70008222D204CA66802292002262D2018A664C
:100F8000A90C81646C48A0600A2000F045FB002099
:100F900030640199C905306000D508207060676031
:100FA000534808210166022141670A2000F034FB02
:100FB000A56062486066012000F02EFB062000F06C
:100FC0002BFB0820A060062000F026FBE80DA060A7
:100FD000082000F021FB6020A060032000F01CFB33
:100FE00002205049086008E0184001A80C0000AA3F
:100FF000534A4021002001F013F80020C04310495B
:10100000086000F06EFA964E401DC001B1694718A5
:101010008020C00193494D6F0540934908600498B2
:10102000874214D2B169401A00F0E4FA00280DD0CA
:101030008E48056056E000BF204000A8684101A826
:10104000B46000A8085100A8685000A8049F019847
:10105000400702D58020800000E08548A060012084
:1010600000F0DAFA8020400021490860380000F0E2
:10107000C1FA804C2078C00703D58C204005FEF7CC
:1010800024FE68460078002807D1764800687A492F
:1010900088608020C003794908607448056016485C
:1010A0000199490704D5802189008164214903E021
:1010B00002218164C021890181646846007800288A
:1010C0000AD0012000F0A8FA5020205C000603D5C9
:1010D000802000038F490860A848006CC00201D539
:1010E000F06EB06105B0F0BDD4E40350641102A805
:1010F000B81002A8600102A8242102A880B5FEF75A
:10110000ECFD984900220A600A22CA61FEF7EEFD52
:101110009548C021890201609949416001BD0000E4
:1011200004500950C82102A8C0000000D6FEFFFFED
:10113000DC4001A804040000040440000204000094
:10114000120700008D48806B800300D47047F8B50B
:101150008C4800680090002400200126009931404E
:1011600002D0C020800103E00099490700D58648DD
:10117000864902220A600864082785480760854876
:101180000068C00403D4844800683840FBD0834D15
:1011900037486865042000F03FFA8820C00468657D
:1011A0000098064024D0A02080036865012000F04C
:1011B00033FA7B48686500F0BBFC0600FEF7A7FD2C
:1011C0006E48006C40040DD400BF00BF00BF00BFDC
:1011D00000BF00BF00BF00BF00BF00BF80200006EF
:1011E00070490860FEF798FD300000F0A5FC08E0AB
:1011F000602068657803A860012000F00DFA6A4855
:1012000068656A4E0098C005346001D5776000E0DB
:101210007460C02000066865C00C65490860012044
:1012200000F0FAF9F0200001E86662480099C9056B
:1012300002D50321016000E00460862040025E497F
:1012400008605E4868652F60A02028653464746477
:10125000B8024A490860000159490860F1BD000020
:101260008C3F000020C001A894E001A894D001A800
:1012700002400000883E0000F43E00001C1002A85E
:10128000F8B5504800680D2707400424002F00D10E
:101290000427FC2080011025660308214A4A4B4B95
:1012A0001B682340126816D04260394004D00220E7
:1012B000FEF740FC464806603C4009D0FE20800115
:1012C00000680543FE2080010560B00840490860C1
:1012D0000220404916E00260394005D00220FEF7A6
:1012E00029FCA0023A4908603C4007D0FE2080015A
:1012F00001680D430560700935490860354806608E
:1013000030032F490860FFF71DFF00210020FEF782
:1013100098FBF1BD1C2002A810B580202E490A6858
:1013200002400AD02D4A136806241C4005D1546E91
:101330002B4B2340126D940101D5002010BD09688C
:1013400008400DD02748834203D1100501D5012064
:1013500010BD25480068C107C90F481E8041C00F55
:1013600010BD0000D80000AA442002A81F48032195
:101370000164A821C163102101607047100002A818
:1013800004000080FC0302A8040400002C1102A841
:10139000106001A8D84001A8104001A8182102A897
:1013A000018000000460095089050000600102A866
:1013B000B06101A8548001A8C82102A8043400002B
:1013C000482002A8B44000A81CC101A8480002A8F7
:1013D000441002A8685000A8440002A814C001A844
:1013E0001F1F0000010C000030C101A8082002A846
:1013F0006C4800680121084209D16B4A12686B4BA6
:10140000000C1840F03291400B40984201D002206D
:10141000704700207047F8B507000F386A46108003
:10142000604CE0680A0004D16B461B8882B29A4285
:101430003AD200226B461A80012502263A0013D0C8
:101440002268324007D000292ED059480088401C1D
:101450005749088000203900216156490E6080B24A
:10146000B84201D369460D805348456000E030BF63
:101470002068304003D1FFF7BBFF0028F7D04D486C
:101480004560390010D02168314005D048490A88AC
:101490006B461B88D2180A80066000202061E06835
:1014A000B84201D244480660FFF7A2FFF2BD38B54A
:1014B000040000F03DFB0500012199204443A009F0
:1014C0003E4A12688018123880B2FFF7A4FF040069
:1014D0008020C0013A490860280000F02DFB200060
:1014E00032BD334803883549096802889342F9D1EF
:1014F000100408187047FEB51238070C69460880BA
:1015000000F016FB0190274C294D2888B8421ADAC2
:1015100001202C490860274E30BF0220216801407D
:1015200006D030604003264908602888401C288087
:10153000FFF75EFF002802D12988B942ECDB0121C8
:10154000716000280DD12888B8420AD1E068694648
:101550000988884205D2002168460088FFF75BFFB2
:1015600001E0FFF745FF04008020C0011449086036
:10157000019800F0E1FA2000FEBD10B512490A689A
:101580000E4B1B680C689442FAD0DB014033141AEE
:1015900002D288692418641C0C4800684443181B54
:1015A00010BD0000280002A804ED00E0FF3F00008D
:1015B000683E0000282002A8281002A8340002A8D3
:1015C00080E200E02C1002A820C001A8B43F000077
:1015D000F0B502E00A601C602E607EC84F1C07D088
:1015E0005F1C04D06F1CF5D10A601C60F0BD0A605E
:1015F000F0BD000010B5C409FFF773FF201A3128B1
:1016000006DAC000183801D4C01EFDD5002010BD78
:101610002000FFF770FF10BDC32148436F3801D48D
:101620001E38FDD50020704780B5FEF783FA0120F3
:101630008A49086001BD38B589490D68082489497F
:101640000C60FFF7F1FF254001D08748046031BDF1
:1016500080B5EB2000F001F801BD30B583490A6880
:10166000104010231A4210D0814A824C2468234033
:1016700008D0AF4B1C682402FF252D0225401563BE
:1016800000241C6080235B031360086030BDF0B54C
:101690000024A84D00270BE0BC46075D6F43A60061
:1016A00096597E400F5D6F43374066463743641C52
:1016B0009C42F1D338093843810801434808084364
:1016C0000540E90929430F208A0B0A430240504094
:1016D000F0BDF1B584B00E00954F00203860964DF6
:1016E000E87A0090A87A02900F20009901400191B9
:1016F000009901420DD0019B904A91490498FFF74F
:10170000C6FF0299014039608E4841438E48084027
:1017100001D1012400E044010098001116D03200EC
:10172000009803061B0F29000498019E6D7A751915
:101730004019FFF7ACFF02990911014038680A010E
:1017400002433A60002901D0480044437F480068C2
:10175000204001D1042000E0002005B0F0BD80B59C
:101760000A00002111807A4952888018FFF7B1FFE2
:1017700002BDF0B50F22774B5C7905780F20204031
:10178000C5402009284001259C79C4402C4001D146
:101790000320F0BD374C2468254008D06E4D9E686C
:1017A0004700F65B761E2E608026B601EE60DD787F
:1017B000DE79C640F00711D5E0060FD5002D0DD01B
:1017C000664848600888488008881C7800192A40C4
:1017D00080185A7880182A09801800E000200880B4
:1017E0000020F0BD10B55E4801685E4A0820014245
:1017F00000D09061C90602D58C21090111605A49B7
:101800005A4A5B4B1B681B040CD54B685C0402D521
:10181000C303136006E0C024A4011C4043029C42A1
:1018200000D010600B68034005D0524B1B689B0F23
:101830009B0700D010600F480078C023034002D1FE
:1018400080204005106008682021084010604A4848
:101850000068C00101D4FFF7FBFE10BD2C4000A8BA
:101860004C4000A84C6000A84C5000A8883F0000E5
:101870001C1002A8D83E0000F8B5404F38687E68BA
:1018800006403F4830403F4908608024A4033E4D55
:10189000F00226D53D48016801200A0605D53C49DD
:1018A0000968A9602870022014E0014202D0394979
:1018B000A9600FE00020C9060CD52849A960364967
:1018C0008A7813071B0F0978591812098918A980FB
:1018D000E880A888A880002801D0264301E0FFF70F
:1018E000B7FE264023D0274E74603460A8880028B5
:1018F0000BD0396A814208D3291D2848AA6890472D
:101900000100F3D0FFF790FEF1BD01000CD0FC21E7
:101910008902F16122490203CA6134604C603A6A6B
:10192000824204D30C60F1BDEB20FFF796FEF1BDBF
:10193000483E000001010101583F0000103F000037
:10194000503F000011110000218400000C3F0000F6
:10195000303F0000603F0000204000A8B722000098
:10196000F84F0000502102A8184001A8481002A812
:10197000684101A84C4201A8D04000A8B44000A88A
:10198000FFFFDFFFB46000A84C3E0000D83E00001F
:10199000D83C0000CB220000613F0000D84000A8E6
:1019A000B45000A870B505000C0000F0C1F80600A6
:1019B000FEF7ADF9200205430648056002200649FE
:1019C0000860FEF7A9F9300000F0B6F801200349DD
:1019D000087070BD04800950409009506C3E0000B2
:1019E000FEB5C020C0043349086033483349486518
:1019F0003348886533484024046044601020FFF772
:101A00000BFE002854D1FF2000052F4908602F4805
:101A10002F4908602F4829490860A5032A48056016
:101A20002D4807680820FFF7F7FD002840D1082659
:101A30002A4806600120FFF7EFFD274880680190E3
:101A40002748066027481D4908601F480560082090
:101A5000FFF7E2FD00282BD1204806600120FFF7A8
:101A6000DBFD1D48806800901D480660134D1E4830
:101A700028600199009800F03FF88606B60E01989C
:101A8000C10B0098C00B00F037F80102FC20800168
:101A90000840304328601048076060030A49086026
:101AA00012480460446012490164124941640020F4
:101AB000FEBD000020E000A8571400004C0102A861
:101AC000FF3FFF3F601102A8B42002A80000380EBB
:101AD000B41002A830300000104101A8105101A834
:101AE000106101A81010000020200000602102A851
:101AF000F703F000FF3F000010B54904CA1040048E
:101B0000C310991A00209A18D30F9A18521052181D
:101B10008B115B0E5B18DB11D2182023541A01D4F1
:101B200022001843CC0F611849105B08F6D110BD94
:101B3000EFF3108072B67047002800D162B670478C
:101B400010B5C30018221A40FF249440E3438907CC
:101B5000090E9140020004D4734892089200801844
:101B600006E0724A0007000F08388008800010184D
:101B7000026813401943016010BD80B574225421DE
:101B8000002000F04DFA01BD10B5FFF7D1FF684904
:101B900001220A60674B684C2360684C2360032372
:101BA000674C2360674C2360674B1A60674B1A6071
:101BB000674B80241C601A60664A1A6011228A638F
:101BC000FFF7BAFF3F206449096801400A1D402A17
:101BD00000D2081D614A1070A448017010BD80B584
:101BE00001001120FFF7ACFF01BDFFF7A1FF0500C9
:101BF0000024012160B2FFF7A3FF641C0E2CF8D370
:101C000001210F20FFF79CFF01211320FFF798FF10
:101C100001211720FFF794FF03210120C043FFF7A4
:101C20008FFF01211E20FFF78BFF4D484D490860B3
:101C300002204D49086001209B49086047044B4C35
:101C400020693840FCD02068800101D4FEF70EF8EE
:101C50002800FFF771FF46480068000311D497225F
:101C600052005321002000F0DBF90AE000281CD0CC
:101C7000FEF733F819E020693840FCD02800FFF760
:101C80005BFF206E0004000F022801D1FEF7A6FCC6
:101C9000FFF74EFF0500764EFEF72FF8002870780C
:101CA000E4D0002801D1FEF721F801212E48327836
:101CB000002A05D16F4A1268920600D4016030BF35
:101CC000002232700222026077480160D3E7774831
:101CD000016840680840764901401748016088075C
:101CE00000D4704710B57C480188491C01807B4CAA
:101CF0002078000617D57A4802680F21120B0A4097
:101D0000032A10D1774A12685207520F032A0AD8C1
:101D10000068000B0140032905D10D20FFF78BFC63
:101D2000E08A401CE08210BD00E400E01CED00E011
:101D3000040002A80000FF3F282002A82C1002A8DF
:101D400040E002A844C002A804C001A8044001A8C1
:101D5000145001A8200060062C8001A86A3E0000F3
:101D6000FFFF9B4000E100E0602002A8500002A8B5
:101D7000F80702A8F8B55C4C2068656805409148F2
:101D800005605A48284007D0FDF7CAFF002803D055
:101D90002800574909688847012102228A480078AB
:101DA000C00701D5022300E001232B408748002B08
:101DB00010D0874B1A60874A12680A4007D1026820
:101DC000F0231B051340902212059342F3D0090221
:101DD000814A116080210D4220D0A36AF822D201ED
:101DE0001A401BD0C0231B019A4217D88026360602
:101DF0008A4A1660A76AF822D2013A40384F3F68F3
:101E00003F043F0F022F01D0032F03D1002A01D03E
:101E10009A42EFD3914A16606A4A11609049097854
:101E200006290DDACC20800128401DD0FFF780FE66
:101E300004002800FDF734FC2000FFF77DFEF1BD13
:101E4000806B800510D58748284005D0FEF78EFAB4
:101E50002800FDF725FCF1BDA80205D58020400132
:101E60005849086080490860F1BD00006B3E0000E1
:101E70006D3E0000F40302A810B57C4908684C6868
:101E800004407B48046080210C4205D041607948C1
:101E900001600020FDF704FC600403D580204005AC
:101EA0007549086010BD0000601002A8280002A853
:101EB000FFFF00C038B5714908684C680440E0076E
:101EC00007D5FFF735FE0500FDF784FC2800FFF776
:101ED00033FE6B48046031BD683E0000D83E000010
:101EE000B00002A8184001A8104001A80200060096
:101EF000DC3C0000FEB5634C206C676C074001259C
:101F00002F4216D02E066048066020685F490D609B
:101F1000002802D00021FDF737FE5D480068A021AF
:101F2000C90188428041C043C00F5A4948705A488D
:101F30000660FDF7D2FE0190022007403ED06268A5
:101F4000D1B2120A554B0824494E4703012924D027
:101F5000022931D1012A22D15149C9780091504931
:101F6000097801228A404F490A604D49097849059C
:101F700090225204891803220A434B490A603760B1
:101F80004A490F601968009A8918596544490978C7
:101F90008D4047490D6047490DE00090DFE7002A7A
:101FA0000AD145490D600021596577603760C10449
:101FB000424A116042490C60344908600198FDF7BB
:101FC00095FEF7BD106001A8883E00000C0002A835
:101FD0006C1102A8B44000A8B82002A870B5FDF7A3
:101FE0007CFE0400FFF7A4FD2F490A68D2070FD535
:101FF0002A4A536D1568334E3360CB687360496865
:10200000F1818021C904204B1960317B6918516529
:10201000FFF792FD2000FDF769FE70BDE06101A8A9
:10202000002800D0704770B50C00FDF756FE050083
:10203000FFF77EFD0600FDF76AFE234804600121DC
:10204000224A1160026C0A40FCD1FDF765FE3000A7
:10205000FFF772FD2800FDF749FE70BDE05101A8B1
:10206000383E000000104006145001A890C001A89E
:1020700090E001A80CC001A804ED00E0C0C000A8D9
:10208000C0E000A800C002A8441002A840E002A8D6
:10209000404000A86D3E0000442002A818800A506D
:1020A000813E000068A00A5060C101A894D001A838
:1020B00068900A50F42302A860E101A880E200E0E1
:1020C000F41302A8783E00000080095040900950A7
:1020D00080B5FDF725FE002801D000F0BBFE01BD54
:1020E00080B5FDF75FFEB648006800030AD4FEF72E
:1020F00009F9FFF727F8FEF77DF80120FEF7FEFF4C
:10210000FEF7CAFC80208005FDF7DFFD01BD80B52C
:10211000FDF748FE80204002FDF7D7FD01BDFEB56A
:102120000520904908609048056801273D4201D18B
:10213000FDF752FFFDF736FE8C49086800908C4889
:1021400049680160A905CA0F69460A7100243D4229
:1021500010D000949B49496801609A4800689A49E8
:102160000B681A1A984202D38B69D218521C974BEB
:102170009A42F5D3A44E346068460079002804D012
:1021800029000098FDF768FB009000253068384072
:1021900003D16846FDF74DFF0500FDF79AFF0028C3
:1021A00046D08848407C002842D19848854EF16846
:1021B00002690B689A4200D00124954A1378022BD9
:1021C0000DD2944A9446062253436246D25A8C4614
:1021D000230018214B436146C9184A6000E00225DC
:1021E00000990191F1680122624018235A438C182A
:1021F00021680161A1680160A348E168016021696B
:1022000001626069A149086001A8FDF712FF00287A
:1022100008D17F490978022904D27E4A062359430E
:10222000515A6160290005000D4301D1777401E026
:10223000002D02D10098FDF76AFF9F480760022039
:102240009E490860C820C004BC4908607804FDF7B6
:102250003CFDF7BDF8B59A4C0020E0638025EF0205
:10226000FDF737FF002808D096480078002804D1F1
:102270003800FDF72AFD2560F1BD206CC00506D5AC
:1022800080200006206000BF00BF40082060FEF7ED
:1022900019F8FDF787FDFDF77DF90600A848A94963
:1022A0000860FFF715FF3800FDF70FFD002E00D086
:1022B00025600120A4490870F1BDF8B50120FFF7A1
:1022C0008EFCA24CA24800682060FDF76BFD7820D0
:1022D000205C0521014002D0FDF70BFE01E0FDF777
:1022E00015FE774F0225A06F284001D001203860ED
:1022F0001020C04397490860002697480660FDF704
:102300000FFD002802D000F0F2FD00E06663FDF74B
:10231000CEFC92480068396C090407D4000705D543
:10232000FDF7DBFC8E490D60FDF7E0FCFDF7C8FC16
:10233000FFF758FAA804FDF7C8FC0020FFF74FFC90
:10234000F1BD80B5FDF72EFD1D480068000303D4E4
:10235000FDF750FFFEF7A0FB80204003FDF7B5FC22
:1023600001BD00005C1102A8440002A8B83F0000B3
:10237000443E000038B5FDF715FD514C2025FEF711
:10238000CBFF002806D0606B000704D5FEF7EEFFF8
:10239000FEF717FC2560FDF72DFFFEF77DFB71486A
:1023A00000780C210140042902D1FDF7A2FD01E0D3
:1023B000FDF7ACFD6804FDF788FC4020206031BDCE
:1023C0000C0002A8E43E000020C001A801FF0000AC
:1023D0001CB5052064490860FDF7E4FCFEF7C6FF64
:1023E0006248006800906846FEF7AEFB0400FFF705
:1023F0006FFE002C02D10098FEF7FEFB8020400407
:10240000FDF763FC13BD0000403E0000348001A8CE
:10241000583E00005E3E0000F8B5FDF7C3FC544C8A
:10242000A56A5020284002D0FDF763FD01E0FDF7CA
:102430006DFD234FFEF770FF00281BD1B86B4007DE
:102440001DD4786BE0214901014018D1A80611D4B0
:10245000FDF72DFCA56A474E354207D0FF20C0434B
:102460002D18A56280200005A9490860FDF728FC09
:102470002E4002D00120386001E000202060802042
:102480008004FDF722FCF1BD1C4101A8284000A8F2
:1024900080B5FDF787FC9F480068C00501D5FDF7B2
:1024A000A9FE0120FEF72AFEFEF7F6FA8020C004FE
:1024B000FDF70BFC01BD0000442002A8305201A82A
:1024C000100002A8F53E000010B526480468FDF78C
:1024D00069FC9149096809032AD40321C00601D582
:1024E000214001E0A0080140012902D1FDF701FDD2
:1024F0000BE0200107D50E20FFF796F8874804214E
:10250000016008210160FDF701FDFDF77AFD844CB3
:10251000206984490860FFF7DBFD2068002807D0A8
:102520004000122802D2FFF777F801E0FEF7BFFF64
:1025300080208003FDF7C9FB10BD0000106001A8DA
:1025400070012000B46000A86D3E0000903E0000C5
:1025500008C000A8482002A8483E0000844000A807
:10256000D4E40350083F00005C1102A8CC3F0000F7
:10257000E03E000000FFFF00FEB500246A490C7336
:102580000120694608700294FDF70CFC0600624FBA
:102590003868000300D5B5E003209F4908649F48D0
:1025A0000268FF2080019E4910255F4B1B78DB07E6
:1025B00020D51207120F022A03D09A4A12682A4025
:1025C00004D1594A5268584B5B7801E08A680B681D
:1025D0008E6A096A0091911B14225143DBB2C9181B
:1025E000009A891A09014068081801D5019453E03E
:1025F000019051E013071B0F032B03D01204120F9D
:10260000062A3AD18968426802923A6C920701D54B
:10261000806802900800FEF7B0FF0299401801D5CB
:10262000019400E00190B86B0107C80F03213F4AF5
:1026300012680A40022A1AD12E4018D03A4A126D66
:10264000D30512D5FE6B984B1E409E4202D17249B3
:102650000D640CE092050AD43A6C2823134006D18D
:102660006B461C702A4A116001E06A4614700290A1
:1026700068460678002E03D10FE00068019001261D
:10268000FEF74AFE002808D0FEF770FE02980028E8
:1026900002D0FEF796FA00E0002602205E490860AC
:1026A000002E10D0214800780C210140042902D0CE
:1026B000F86B054002D0FDF71CFC01E0FDF726FC9D
:1026C000202078601EE018480078C00705D55548DE
:1026D0000068054001D1FDF71DFCFDF78BFD802052
:1026E00000060B4908600020C0437049086001A83B
:1026F000FEF72AFA0400FFF7EBFC002C02D1019848
:10270000FEF77AFA80200004FDF7DFFAF7BD00003B
:10271000481002A8680102A80C0002A880E200E0AC
:10272000AC3F0000443E0000883E0000083F00002F
:10273000FEB500245E490C730094FDF733FBFFF7F0
:10274000C7FC5C4DE86E5C4E0007000F07280BD1FC
:102750006868002808D40020FEF7D0FC306857498C
:102760000860FDF7CAFC52E001201027696849079C
:102770000DD453490968014009D001024C4A126D39
:102780000A4208D0520502D42A68114001D10090B3
:1027900001E04C48076046480078C00705D521484D
:1027A0000068384001D0FDF7B5FB474800680321B9
:1027B000009A002A01D0800900E00009014001913F
:1027C0000020FEF79BFC0198002805D168680740AF
:1027D00002D1FDF79BFB01E0FDF78BFB0020009988
:1027E000002903D139480068FEF7C7FE7169401817
:1027F00001D5009400E000906846FDF71AFC00281F
:1028000005D10098FDF783FCB0692C490860802051
:102810000005FDF75AFAF7BD082002A8B00002A88B
:1028200004C101A8B04301A8F8B5FDF7BBFA002424
:1028300000252748466B80277F05300606D53007E0
:1028400009D5FEF793FDFEF7BCF929E001251C48E8
:102850000068284019D00020FEF750FC02200640F6
:1028600002D01C490C60C8611B480468002D03D0CD
:102870002000FDF77DF80400FEF778FD2000FEF74C
:10288000BBF93800FDF721FAF1BD0F480078C021EF
:102890000140402902D1FDF72CFB01E0FDF736FB9A
:1028A00020200B490860ECE710000010B46000A87D
:1028B000883E0000440002A8BC3F0000443E0000E7
:1028C000B44000A8481002A8083F00001CC101A89D
:1028D000100002A8180000AAD83F0000FFF754F922
:1028E000024803494860FFF780F900BF4327000012
:1028F0000000000080B5EFF305800B2801D23A21DB
:1029000000E02921922252000020FFF789FBFEE718
:1029100062675F6D65737361676520726563656982
:082920007665727300000000EF
:08292800B03AFD7F0100000040
:0C2930003C29030840230020A000000008
:10293C00FFFFFFFFC0EA2101C0EA21010080000077
:10294C00005A6202300000007DB10008FFFFFFFF5B
:10295C00FFFFFFFFFFFFFFFFFFFFFFFFB4E20208D7
:10296C00D4FE64000A0029007C230020CC12002035
:10297C00DECA02080200000001C9000800000000C5
:10298C000000000000000000000000000B0C000024
:10299C00CC12002003000000A9C900080CE60208B4
:1029AC00F4E5020824E60208000000000300000021
:1029BC00FC120020C823002000000000FC120020A4
:1029CC0064130020CC130020000000000000000065
:1029DC0000000000000000000000000000000000EB
:1029EC0000000000000000000000000000000000DB
:1029FC0000000000000000000000000000000000CB
:102A0C0000000000000000000100000000000000B9
:102A1C0010000000100000000000000000FFFFFF8D
:102A2C00FF000000000000004D9C020800000000A8
:102A3C00A16F010800000000000000000000000071
:102A4C004D6F0108000000000000000000000000B5
:102A5C0039700108000000000000000000000000B8
:102A6C00C972010800000000000000000000000016
:102A7C00897901080000000000000000FFFFFFFF43
:102A8C000000000000000000FFFF000078E90208D1
:102A9C00119E0208FFFFFFFFC3A00208BFA002089F
:102AAC00FFFFFFFFFFFFFFFFC7A00208C3A4020840
:102ABC000100000000000000000000000000000009
:102ACC0000000000000000000000000000000000FA
:102ADC0000000000FFFFFFFF05A60208D326000040
:102AEC006DED0108FFFFFFFF200004000000000057
:102AFC0000000200100000000000000000000000B8
:102B0C0000000000000000000A00010000000000AE
:102B1C000A000E000000426C696E6B7920457861EA
:102B2C006D706C6502000A000800303030303030B7
:102B3C00303000000200050003003030300000008F
:102B4C00020008000500302E302E3000000002007C
:102B5C000800000000000000000000000A00010056
:102B6C000000000012000100000000000000000046
:102B7C000105020000000000010402001700FFFF25
:102B8C000D0000000000BF8FAF7F8700370F1010C3
:102B9C000004040F05140A28010101FF03040101BC
:102BAC00FF0D01FF0FFF0301B56300088D630008E3
:040000050801FFAD42
:00000001FF
