S02B00002F55736572732F6D697961626C6F6E2F53696D706C696369747953747564696F2F76365F776F726B3E
S31508006000C80A0020ADFF0108B1FF0108B1FF010869
S315080060105D190208B1FF0108B1FF0108B1FF0108C7
S31508006020B1FF0108B1FF0108B1FF0108B1FF01087E
S31508006030B1FF0108A4C8020829F60108B1FF010842
S31508006040B1FF0108B1FF0108B1FF0108B1FF01085E
S31508006050B1FF0108B1FF0108B1FF0108B1FF01084E
S31508006060B1FF0108B1FF0108B1FF0108E9C900083D
S31508006070511B0208B1FF0108B1FF0108B1FF010871
S31508006080B1FF0108B1FF0108B1FF0108B1FF01081E
S31508006090B1FF010815AA0008B1FF0108B1FF010800
S315080060A0B1FF0108E9780008C9780008B1FF0108BE
S315080060B0B1FF010859D7010855E00108CDA6020825
S315080060C0C9A60208A1D70108E3A60208D1A60208B4
S315080060D025E00108D5A6020831ED010895E001087A
S315080060E0B1FF0108B1FF0108B1FF0108B1FF0108BE
S315080060F03F100208B1FF0108B1FF0108B1FF01080E
S31508006100B1FF0108B1FF0108B1FF0108B1FF01089D
S31508006110B1FF0108B1FF0108B1FF0108B1FF01088D
S31508006120B1FF0108B1FF0108B1FF0108B1FF01087D
S31508006130B1FF0108B1FF0108B1FF0108B1FF01086D
S31508006140B1FF0108B1FF0108B1FF01087DC60208C9
S3150800615029C30108B1FF010855C1010889C1010811
S31508006160B1FF0108B1FF0108B1FF0108B1FF01083D
S31508006180F0B5114A114C124E00F00105E3695F079C
S3150800619013D40DB9334213D103EA00078F4207D14E
S315080061A00B4A1A40002A14BF6FF001000020F0BD08
S315080061B0013AEBD16FF00200F9E74FF0FF30F6E74E
S315080061C06FF00100F3E700BF8096980000000350C7
S315080061D0020001000B4B70B5D96911F480310DD15D
S315080061E001244FF48072084E084DF46020462C6452
S315080061F01A61FFF7C5FF3464EC6070BD6FF00100EB
S31508006200FBE700BF000003500010035000200350B6
S315080062104FF4803238B50E4B0E4C9A66E56941F656
S31508006220713315400122E3630B4B0021DA60022328
S31508006230606121202361FFF7A3FF10B92120FFF732
S315080062409FFF0122054BDA600DB10023E36338BDD9
S315080062500090005000000350001003500020035027
S3150800626070B5134C6061E3695B071ED40E4656F899
S31508006270043B8D18A361AE420BD1042300212120D3
S315080062802361FFF77DFF58B9BDE870402120FFF76D
S3150800629077BF08210846FFF773FF10B1042323616F
S315080062A070BD56F8043BA361E5E74FF0FF30F7E70A
S315080062B0000003502DE9F84316464FF48032184B78
S315080062C089469A6603F51C33DA69074602F480386C
S315080062D041F67132DA63012203F58053114DDA6013
S315080062E066B930460122104BDA60B8F1000F03D0C8
S315080062F00022A3F50053DA63BDE8F88307F50054D6
S315080063002C40E41BB44228BF344649462246384648
S31508006310FFF7A6FF0028E5D12744A144361BDFE78F
S315080063200090005000E0FFFF00200350000000002E
S31508006330000000000000000000000000000000004F
S31508006340013800D0FCE770470348044B834202D06B
S31508006350034B03B118477047C0250020C02500200D
S3150800636000000000064B0749C91A891048BF0131C9
S31508006370491003D0044B0BB101481847704700BFBA
S31508006380C0250020C02500200000000010B5064CDE
S31508006390237843B9FFF7D8FF044B13B10448AFF38A
S315080063A000800123237010BD20200020000000007B
S315080063B02829030808B5054B1BB105490548AFF35D
S315080063C00080BDE80840FFF7CDBF00BF0000000011
S315080063D0680D002028290308A3F5803A704700BFF6
S315080063E0174B002B08BF134B9D46FFF7F5FF0021FF
S315080063F08B460F461348144A121A1BF04BFC0E4BD9
S31508006400002B00D098470D4B002B00D09847002052
S31508006410002104000D000D48002802D00C48AFF3F7
S31508006420008006F061FF200029001BF093FB06F0B0
S31508006430D5FD00BF000008000000000000000000B5
S31508006440C80A0020C80A0020802100200000000099
S315080064500000000037B5044609F072FA00283BD15F
S315080064601E4B20766361A36843F48013A3601BF078
S31508006470DAFAA368A0801B030CD4B0F5FA7F09D911
S3150800648025F091FD01210546084624F08DFF284692
S3150800649025F084FD204609F07BFA0546C8B9104860
S315080064A00BF0B8FF1DF0A3F81EF0B6FC1CF01DFE9D
S315080064B02A46012104201DF06FF801A88DF8045022
S315080064C009F01CFC042003210BF0C4FC204619F03B
S315080064D0A1F8284603B030BD0025FAE705040300F5
S315080064E09625002008B50449044811F0B1FABDE81C
S315080064F0084011F0DDBA00BF6CC70208F8C70208E9
S315080065004FF08052014B5A60704700BF00ED00E023
S3150800651008B5044825F0CDFE1BF0C5FABDE80840CD
S3150800652000F008B86CCD0208014825F0C2BE00BFCD
S315080065306CCD02082DE9F0415D4C92B009AD94E8A6
S315080065400F0085E80F000DAA174604F1100304F1A1
S31508006550200C164618685968083303C66345324640
S31508006560F7D11868534B08A93060187925F09CFEB6
S31508006570514825F09EFE514825F09BFE4FF4807346
S3150800658008984F49ADF83430814228BF01460C9728
S3150800659019F047FF294602250A904A4802F064FE88
S315080065A0484819F0E6FE474819F00CFF454819F027
S315080065B0F5FEB4F82480012204216846ADF800806F
S315080065C019F08BFDE78C0022012101A8ADF80470B3
S315080065D019F083FD268D0122042102A8ADF8086072
S315080065E019F07BFD0122042103A8374CADF80C50A5
S315080065F019F073FD354B4FF44870C4F8C8344FF0A2
S315080066000213C4F8C43403F58033C4F8CC341C230D
S31508006610C4F8B43405F030FD07A8ADF81C5001F0F5
S31508006620A5F8142005F028FD07A8ADF81C5001F0C0
S315080066308DF8232005F020FD07A8ADF81C5001F0C1
S3150800664095F8B9211F4819F0E2FE07A8ADF81C50C5
S3150800665001F07CF8002204A81146ADF8108019F064
S315080066603CFD002205A81146ADF8147019F035FD59
S315080066700122002106A8ADF8186019F02EFD0122A6
S31508006680002107A8ADF81C5019F027FD0D4802F0A7
S31508006690B1FD00230948C4F8B434C4F8C834C4F8B2
S315080066A0C434C4F8CC3425F007FE12B0BDE8F08136
S315080066B078C802089CCD02086CCD020870CD020885
S315080066C0E070720000000A5000C00350020001008A
S315080066D04FF000639B6A03F17842B2F5C04F03D2CC
S315080066E01968064A914203D00023037083607047F5
S315080066F0012202709A689B694260F7E707B0CD5E8F
S3150800670037B53A4B04461A781AB102221A7003B002
S3150800671030BDCDE900220028F9D001251D7025F0ED
S315080067204BFC334B186014F027FD324B5A6E6261EE
S315080067309B6E314AA3614FF4804393662F4B596889
S31508006740E1612F499960196E2160596E6160D3F82D
S315080067507011A160196CE160596C21612949086CB6
S315080067601864496C596455661B6E9C0426D5264ADE
S31508006770D368D807FCD4254B1A68531C23D04FF48A
S3150800678080139340224A13660423214C68462366E5
S315080067904FF400732366082323664FF48053236659
S315080067A04FF0006323664FF4002301A9636618F0CF
S315080067B051FF009B2366019B6366A8E7154AD368C9
S315080067C0D907FCD4D7E7144B1B78002BDCD14FF440
S315080067D00072094B5A6603F5A6235B68002BD3D1D2
S315080067E04FF480120A4B1A66CEE700BF222000201B
S315080067F0A00D00200080005000900050008000444A
S3150800680055CEAC0000C000540000044040230020D0
S3150800681000900044000004502120002070B5224D4D
S3150800682004462E78012E02D001232B7070BD002855
S31508006830FCD018F029FF01300BD018F025FF40F2E4
S315080068400113984205D0194B194A5E66D368DE07CC
S31508006850FCD42268174B1A6662685A66A268C3F89F
S315080068607021E2681A6422695A64E269D00744BF53
S3150800687000229A60104B1A68013207D10F4A127823
S3150800688022B90F494968C90748BF1A6062690D4BA2
S315080068905A66A2699A6614F077FC0B4B186825F0BD
S315080068A086FB0023C1E700BF22200020009000409D
S315080068B000000440008000444023002021200020DE
S315080068C000C0055000800050A00D002038B54FF0DC
S315080068D00064A36A03F17842B2F5C04F17D21A686A
S315080068E00D4B9A4213D10D4D2B7813F0FD0F11D194
S315080068F00B48FFF705FFA36ADB6998470446084873
S31508006900FFF78CFF0CB901232B70204638BD4FF4D6
S315080069108174FAE70024F8E707B0CD5E212000204D
S31508006920800D00204FF4803208B5044B9A6625F096
S3150800693017FFB0FA80F0400908BD00BF009000506C
S31508006940134610B562B103439B070BD14FF480344D
S31508006950054B9C6625F000FFB0FA80F0400910BD93
S315080069600120FCE70020FAE70090005010B518B3A4
S315080069700268134B9A4220D18379013B012B1CD81C
S31508006980C279012A19D108210E4B5966002103F54F
S31508006990FE235A6099604FF0FF311961DA600246AA
S315080069A000F1080112F8014B91421C62FAD1806885
S315080069B05B6AC31A5842584110BD0020FCE700BF65
S315080069C050504D53009000507FB5002301240646D1
S315080069D001A8CDE902330D468DF80440FFF778FE8D
S315080069E0039B5B0202D4002004B070BD4FF0006325
S315080069F09B6A03F17842B2F5C04FF4D21B6B002BA9
S31508006A00F1D05B6C002BEED029463046984786B10C
S31508006A107DB13268B2F1006FE5D32B68B3F1006F30
S31508006A20E1D30548824298BF834294BF01200020E3
S31508006A30DAE72046D8E700BFFFFF17087FB5054607
S31508006A400C46684601A91646FFF7BEFF28B13DB1B8
S31508006A50009D2846FFF766FF20B9002004B070BDE8
S31508006A60019DF6E7012208211B4B8DF80B200193A7
S31508006A701A4BADF808408DF80A605966002103F5EF
S31508006A80FE235A6099604FF0FF311961DA600722D8
S31508006A9001A911F8010B013A1862FAD204225B6ABD
S31508006AA044EA064444F080746946A818039300949F
S31508006AB0FFF746FF0028D0D0042203A905F10800F5
S31508006AC0FFF73EFF0028C8D0042228460DEB020136
S31508006AD0FFF736FFC2E700BF50504D5300900050F5
S31508006AE010B50A46044619B1024B00211B6898479F
S31508006AF010BD00BFF4C802080E4B0340B3F1607F17
S31508006B0006D1B1F5885F0CBF00206FF0860070478C
S31508006B10B3F1707F0BD101F4E043B3F5005F06D102
S31508006B2011F4E06F14BF00206FF0860070476FF015
S31508006B30860070470000C07F8A42F8B506460D46B3
S31508006B4000F0CD806A4B22F4FF7121F001019942D1
S31508006B5010D0684922F0FF038B420BD022F47F70D5
S31508006B6020F00300A1F57061884203D001F5A06109
S31508006B708B4227D15E4B25F4FF7121F00101994222
S31508006B8010D05C4925F0FF038B420BD025F47F70AB
S31508006B9020F00300A1F57061884203D001F5A061D9
S31508006BA08B420FD115F0FF000BD0534B40F000700D
S31508006BB0984240F0968082EA0500FF288CBF0020A4
S31508006BC00120F8BD05F0FE43B3F1A06F11D102F024
S31508006BD0FE43B3F1A06F72D182EA050333F47E1344
S31508006BE06DD128046BD5C5F30540C2F30542904222
S31508006BF0E4E7B3F1407F62D102F0FE43B3F1407F90
S31508006C005DD182EA050030F47E1458D13146284613
S31508006C10FFF772FF002864D1384912F47C1701EA9D
S31508006C20020116D0B1F1607FC2F3054336D1D1B265
S31508006C3041F0007101F17E410339102901D830482D
S31508006C40445C15F47C1F2FD19C4214BF0020012000
S31508006C50B7E7B1F1607F0AD1D3B243F0007303F10D
S31508006C607E43033B102B40D82649CB5CDFE7B1F1C6
S31508006C70707F17D106F4E043B3F5005F33D10123E3
S31508006C80C6F302218B4006F4E041B1F5005FD8D186
S31508006C900120C6F3022600FA06F4D2E7B1F1707FA6
S31508006CA0CFD1F0E73B46CCE71FB9C5F30541A14272
S31508006CB015D0290403D5C5F3054098427EE725F487
S31508006CC07F03B3F1106F0CD102F0FE43B3F1106FDE
S31508006CD007D10D48104040F01060A842B5E70120E2
S31508006CE06FE700206DE73B46CDE73B469FE700BFD1
S31508006CF00002000600130006FF0000020000C07F25
S31508006D00F8C80208F8C802080000FFF637B50D4DA6
S31508006D100C466B78022B12D12B78072B0FD1002348
S31508006D200A460193014601AB281D19F0E6FE20B973
S31508006D30019BA34218BF6FF0930003B030BD6FF0FC
S31508006D408800FAE7A40D002038B500F0FE43B3F139
S31508006D50407F04460D4602D06FF0860038BDFFF727
S31508006D60CBFE0028F8D114F47C1F18D0C4F30543D1
S31508006D70032B137022D9224A2240B2F1607F31D107
S31508006D80E4B244F0007404F17E44033C102CE3D8CA
S31508006D901C4A125D9342DFD8142BDFD90EE0184B3C
S31508006DA02340B3F1607F0FD1E3B243F0007303F1E0
S31508006DB07E43033B102B04D9002313706FF0850024
S31508006DC0CCE71149CB5CD3E7B3F1707FF4D101F47A
S31508006DD0E043B3F5005FEFD10123C1F302218B40F5
S31508006DE0DBB2C5E7B2F1707FB6D105F4E042B2F581
S31508006DF0005FB1D10122C5F30225AA40CAE700BF48
S31508006E000000C07FF8C80208F8C802082DE9F84350
S31508006E10884617461C4600F0A3FA0546002844D1C2
S31508006E20D8F80060B6F8009009F4E043B3F5804F4F
S31508006E30B36808BF27F0010737EA03032DD1A4B3C7
S31508006E40244B24F4FF7222F001029A4210D0224AFF
S31508006E5024F0FF0393420BD024F47F7121F0030141
S31508006E60A2F57062914203D002F5A06293421FD147
S31508006E7014F0FF0304D0194A43F0007393421ED05E
S31508006E8022464846F168FFF757FE074668B9224684
S31508006E9048463169FFF750FED0B96FF084050023E4
S31508006EA03046C8F8003019F018F82846BDE8F883C7
S31508006EB004F0FE43B3F1407F04D12304E0D56FF01C
S31508006EC08605ECE7B3F1A06FF7D0044B9C42D6E7F2
S31508006ED03D46EAE70002000600130006FF0000022E
S31508006EE02DE9F04F064600208BB00F46144699460A
S31508006EF0CDE9060009921860002A00F09F80B2F1D9
S31508006F00005F80F09E8006AA314607AB18F028FD80
S31508006F10024628BB069B5A6A8AB1069DA8466A6835
S31508006F206B88120A012A089358F824AF2B6A6ED088
S31508006F3045498A4260D01AB36FF0860210E073683A
S31508006F401B0A15D0012B04D03F498B420FD009925A
S31508006F50F2E7304609A9099418F0DAFE024638B174
S31508006F60DDE90601059218F049FD059A5FE00994E6
S31508006F700999069818F06DFC02460028CDD0EFE76F
S31508006F800DF1200B224639462846CDE9018BCDF86E
S31508006F9000A0059319F087FF10F1860F0246059B9E
S31508006FA009D1224639462846CDE9018BCDF800A0FD
S31508006FB018F062FC0246069B002AD1D15888089927
S31508006FC080BB59804FF6F870814234D8318811B1A8
S31508006FD018888842B0D1718811B158888842ABD1D7
S31508006FE05969C9F80010197E01291ED000236FF0CF
S31508006FF09602C9F80030B3E708AACDE901823946F6
S3150800700022462846CDF800A019F04DFFD2E708AA77
S31508007010CDE90182394622462846CDF800A019F066
S3150800702080FEC7E7884287D1CCE702211976104649
S315080070300BB0BDE8F08F6FF0850291E76FF086021E
S31508007040F5E76FF08502F2E7020080002DE9F043CC
S31508007050994600230C46016885B0054617460393F2
S3150800706000295BD100F10808982240461AF012FE62
S31508007070B9F1000F20463B460CBF4FF400624FF4AF
S31508007080806203A9FFF7C2FE0446002848D1039C84
S31508007090384621882A1DFFF757FE0646002844D1A0
S315080070A06B7969F300036B716168D4E90823090AEF
S315080070B0B9F1000F20D0012915D01E48814200D011
S315080070C0A9BB21464046009719F042FF044638BB43
S315080070D004232B60039818F000FF002E18BF3046D3
S315080070E005B0BDE8F08321464046009703F012F943
S315080070F00446A8B90523ECE7012909D00D488142C1
S3150800710000D0A1B921464046009719F069FFDDE78E
S3150800711021464046009719F0E7FEE9E76FF0880434
S31508007120284618F06FFC2646D4E70446F8E76FF0C1
S315080071308604F5E702008000002307B51A46009189
S31508007140024918F0F2FC03B05DF804FB0CC902080A
S3150800715010B5114C2378580744BF03F0FB0323707E
S31508007160990705D500F09CF8237823F002032370CD
S3150800717063781BB10023094A636053600023082122
S3150800718006486370FFF7ACFC2378DA0744BF23F0A0
S315080071900103237010BD00BFA40D0020A80D002018
S315080071A038B51A4D6A782B78022A01D1072B1DD0DB
S315080071B0DC070BD419F096FC044610B919F09BFCB1
S315080071C004462B7843F001032B70E4B9980707D4DB
S315080071D000F05EF82B78044643F002032B7090B952
S315080071E06A780AB9D90704D45A0708D5002420466C
S315080071F038BD07496A604A6002226A70F4E743F0BC
S3150800720004032B70F2E7FFF7A3FFF0E7A40D0020B5
S31508007210A80D002000F14042032A38B504460D4661
S315080072200CD82821194B01FB02331A7E022A02D1F7
S315080072305A6982421ED06FF08B0025E0012118F0B2
S3150800724026FE70B1114A00201346117E022902D18A
S315080072505169A1420BD00130042802F12802F4D169
S31508007260E9E76FF087000FE06FF096000CE0282240
S3150800727002FB00331A7E022AF6D1DA69511CF3D0D2
S3150800728000200132DA612B6038BD00BFB00D002046
S315080072900122024B002083F8A0207047B00D002081
S315080072A02DE9F0410A4C002526464FF00108032730
S315080072B02046C4F81C802776013518F018FB042DE3
S315080072C004F12804F4D1002386F8A030BDE8F08143
S315080072D0B00D0020F8B5214D064695F8A0300F46AA
S315080072E0002B35D000242B462246197EF9B13CB92D
S315080072F0022905D1D96919B91979002918BF1C4677
S315080073000132042A03F12803EFD114B96FF08C0077
S315080073100BE0237E022B04D1E3695A1C1CBF013300
S31508007320E361204618F0E3FA10B100240EE01C468B
S31508007330237E83B9012323763EB1651BED1003F145
S31508007340CC335D4305F18045356000203C60F8BDCF
S315080073506FF08800E9E76FF09600E6E7B00D0020C9
S3150800736038B50025084B0D6093F8A0300C4643B19C
S31508007370FFF750FF10F18C0F02D16FF087002560E0
S3150800738038BD6FF08800FBE7B00D002008B503F0A4
S31508007390FDFC014B186008BD540E0020024B034942
S315080073A0186819F09DBE00BF540E002010C90208C7
S315080073B070B50C4C0C490646206819F091FE03F08E
S315080073C0E5FC0546206803F0D5FC3046FFF7E6FFE6
S315080073D0284603F0CFFC20680449BDE8704019F040
S315080073E07FBE00BF540E002012C9020814C9020845
S315080073F007B5082018F05AFE0222064B6846CDE962
S31508007400002318F077FD082003B05DF804EB18F0A8
S3150800741058BE00BF006A1810BFF34F8F0549064BC8
S31508007420CA6802F4E0621343CB60BFF34F8F00BF14
S31508007430FDE700BF00ED00E00400FA050348044A32
S315080074400449121A921018F0B4BD00BF80610008F2
S31508007450406300088021002008B5154B83F30A888D
S3150800746000F030F8FFF7EAFF124B13498B4212D3AC
S315080074700020124B12498B4218D3FEF7B1FF186849
S3150800748050F82240586840F82240013298688242F3
S31508007490F5D30C33EAE70022F8E71C6844F8220023
S315080074A001325C68A242F8D30833E4E70022F8E721
S315080074B008000020302903083C2903083C29030852
S315080074C03C2903084FF48041124B134A70B59A6061
S315080074D0D3F88820114D42F47002C3F88820104A68
S315080074E005F5005491664FF0FF3222660D4A626632
S315080074F00222C3F8D020BFF34F8FBFF36F8F4FF42C
S315080075004036002003F028FC0020E66003F008FC63
S315080075102E6170BD00ED00E00060000800800044A8
S3150800752000900050F7FF3700014B1860704700BF06
S3150800753048230020054B1860054B1B6F03F0070313
S31508007540032B01D123F0F8BA704700BF502300205F
S315080075500080005030B5056887B0AB8804461848E7
S31508007560ADF80C3024F0A5FE0022012103A818F07E
S31508007570B4FD0DF10B0103A818F0DDFD9DF80B30E5
S3150800758083F001032B70AB79022B15D14FF0FF3333
S315080075900022CDE9043304A90A4B009403A800F09D
S315080075A05BF9049B009401330CBF04220122054BAE
S315080075B005A903A800F0EAF8002007B030BD00BF0F
S315080075C06CCD0208F1FF0108002307B5294801938D
S315080075D024F06FFE4FF44073012204216846ADF88B
S315080075E0003018F07AFD0122234B0520C3F8442405
S315080075F001A924F059FE002839D1204BD3F8F020F0
S3150800760042F00102C3F8F020D3F8FC2042F0807261
S31508007610C3F8FC201A4AA3F55D431A60019B194A70
S3150800762003F5D52303F2FC43B3FBF2F3164A013BF9
S3150800763013610223C2F8F0304FF48073C2F80433A2
S315080076404FF06043114AC3F8B02F114AC3F8802E91
S31508007650D3F8002E42F48072C3F8002EFF2283F876
S315080076602020D3F8002E22F48072C3F8002E03B02F
S315080076705DF804FB6CCD020800D0035000ED00E075
S31508007680FF030040F8590D00000004E055CEACC5D4
S31508007690090001004FF06043D3F8802E30B5D207B9
S315080076A015D501240B4D8440D5F8FC2042F0807294
S315080076B0C5F8FC20D3F8002E2243C3F8002E53F851
S315080076C02020002AF0D003F82010002030BD112019
S315080076D0FCE700BF00ED00E070B5044601260C4D3E
S315080076E004B970BD94FAA4F0B0FA80F006FA00F274
S315080076F024EA0204C200AA580F2805EBC001C8BF35
S315080077001038002AECD04968C0B29047E8E700BFB5
S31508007710580E002008B50C4824F0CBFD192003F0BC
S315080077200DFB28B1192003F017FB192003F0F8FA0E
S315080077301A2003F003FB28B11A2003F00DFB1A20C8
S3150800774003F0EEFA002008BD6CCD020848B101220C
S31508007750437801789A4030235943034B00205A5006
S3150800776070472220704700BF40D0035048B101221D
S31508007770437801789A4030235943034B00205A50E6
S3150800778070472220704700BF40E003502DE9F041C2
S315080077900D4690461F460446002836D0002934D0A8
S315080077A024F00AFC23780646FF2B05D042462046DD
S315080077B0296801F05FFE28602868421C0BD12378EF
S315080077C0FF2B1CD1124B6078D3F8241418F03CFE1A
S315080077D0431C286013D00F49069B41F8307001EB13
S315080077E0C0014B602378FF2B04D001230A4A83404B
S315080077F0C2F82434304624F0DAFB002003E0304691
S3150800780024F0D5FB2D20BDE8F0812220FBE700BF40
S3150800781000C00350580E002000D003500F2838B57A
S31508007820054613D824F0C8FB01230024084AAB40B8
S31508007830C2F82034C2F82434064B43F8354003EB2B
S31508007840C5035C6024F0B3FB204638BD2120FCE765
S3150800785000E00350580E00202DE9F0410D469046F1
S315080078601F46044650B349B324F0A6FB23780646C0
S31508007870FF2B05D042462046296801F081FE286084
S315080078802A68531C14D00E49069B103241F83270F0
S3150800789001EBC2014B602378FF2B04D001239340F0
S315080078A0084AC2F82434304624F081FB002003E05D
S315080078B0304624F07CFB2D20BDE8F0812220FBE732
S315080078C0580E002000D0035008B501F079FD054B8D
S315080078D000F0553020F05020C3F82004BDE80840D9
S315080078E0FFF7FABE00E0035008B501F069FD054B45
S315080078F000F0AA3020F0A020C3F82004BDE8084014
S31508007900FFF7EABE00E0035013B504460A4824F020
S31508007910D0FCA2780421B2FA82F2237852098DF8B3
S31508007920043063780DEB01008DF8053018F0D5FBAF
S31508007930002002B010BD00BF6CCD0208044BD3F87E
S315080079408420D206FBD4D3F88400C0F38110704794
S315080079500040005038B5174B0546D3F828310C4679
S3150800796003F00703013B052B20D8DFE803F00313D8
S315080079701B0F0B1723F0BAF8052305B1286004B1CD
S31508007980236038BD23F0B2F80623F6E723F0F8F8AB
S315080079900723F2E723F0EAF80323EEE723F0E6F8F5
S315080079A00423EAE723F0DEF80223E6E70023184675
S315080079B0E3E700BF00800050002337B50193164B5C
S315080079C00546D3F820320C4603F00703042B21D8CA
S315080079D0DFE803F0030B11161B0001230DB1019A12
S315080079E02A6004B1236003B030BD002101A8FFF767
S315080079F0B1FF1223F2E723F0C3F807230190EDE75E
S31508007A0024F0E0FA0A230190E8E723F00DF90923A8
S31508007A100190E3E70023E1E70080005038B5104BFA
S31508007A200546D3F880300C4603F00303022B0BD02F
S31508007A30032B0DD0012B0FD123F05EF80E2305B1D1
S31508007A40286004B1236038BD23F09AF80723F6E7C7
S31508007A5023F04CF80623F2E700231846EFE700BFA9
S31508007A600080005038B5104B0546D3F800310C4657
S31508007A7003F00303022B0BD0032B0DD0012B0FD1E0
S31508007A8023F074F8032305B1286004B1236038BDD8
S31508007A9023F0CAF80923F6E723F06EF80823F2E77D
S31508007AA001230020EFE700BF0080005038B5184BCF
S31508007AB00546D3F820010C4600F00700062823D80F
S31508007AC0DFE800F0040A0E16121A1E00012305B19B
S31508007AD0286004B1236038BD23F008F80523F6E7CB
S31508007AE023F044F80323F2E723F04AF80723EEE7E6
S31508007AF023F038F80223EAE722F0F8FF0623E6E740
S31508007B0023F034F80423E2E700231846DFE700BF32
S31508007B100080005038B5104B0546D3F840310C4666
S31508007B2003F00303022B0BD0032B0DD0012B0FD12F
S31508007B3024F048FA0A2305B1286004B1236038BD49
S31508007B4023F072F80923F6E724F03FFA0C23F2E74C
S31508007B5001230020EFE700BF00800050002337B55F
S31508007B600193164B0546D3F860320C4603F007031B
S31508007B70013B032B1FD8DFE803F0020E191400217E
S31508007B8001A8FFF793FF10230DB1019A2A6004B1EB
S31508007B90236003B030BD002101A8FFF7BBFF112306
S31508007BA0F2E722F0EDFF07230190EDE722F0DAFF76
S31508007BB002230190E8E70023E6E700BF00800050B3
S31508007BC0002337B50193164B0546D3F894320C4675
S31508007BD003F00703013B032B1FD8DFE803F0020E6F
S31508007BE01914002101A8FFF761FF10230DB1019AAE
S31508007BF02A6004B1236003B030BD002101A8FFF755
S31508007C0089FF1123F2E722F0BBFF07230190EDE776
S31508007C1022F0A8FF02230190E8E70023E6E700BF69
S31508007C200080005038B5104B0546D3F860310C4635
S31508007C3003F00303022B0BD0032B0DD0012B0FD11E
S31508007C4024F0C0F90A2305B1286004B1236038BDC1
S31508007C5022F0EAFF0923F6E724F0B7F90C23F2E746
S31508007C6001230020EFE700BF008000502E4B98420A
S31508007C704AD022D82D4B984240D014D82C4B984243
S31508007C8039D00AD82B4B984232D02B4B98422FD05A
S31508007C902A4B98422CD000207047294B9842FAD19B
S31508007CA0284B186F7047284B98422AD0274B984282
S31508007CB0F1D1244BD3F880007047254B98422BD03E
S31508007CC009D8244B984223D0234B9842E3D11D4B25
S31508007CD0D3F88C007047214B984221D003F57403E2
S31508007CE003F510539842D6D1164BD3F8980070472F
S31508007CF0144B986D7047134B586E7047114B586F5D
S31508007D007047104B986F70470E4BD3F88400704736
S31508007D100C4BD3F8880070470A4BD3F8900070478D
S31508007D20084BD3F8940070470048E8010024F40093
S31508007D30C0CF6A0080841E0000093D0040420F0043
S31508007D40405DC6000080E00FC0EA210180BA8C01C0
S31508007D50007E560380D54302006CDC020090D003F7
S31508007D6073B50D460021114B0191D3F880410646A3
S31508007D7004F00304022C13D0032C0CD0012C13D1CD
S31508007D8001A8FFF793FE10240EB1019B336005B1DD
S31508007D902C6002B070BD22F0F3FE07240190F3E7D1
S31508007DA022F0E0FE0190EFE70C46EDE70080005078
S31508007DB038B5104B0546D3F840320C4603F003039A
S31508007DC0022B0BD0032B0DD0012B0FD124F0FAF880
S31508007DD00A2305B1286004B1236038BD22F024FFC8
S31508007DE00923F6E724F0F1F80C23F2E70123002033
S31508007DF0EFE700BF0080005038B5144B0546D3F8AE
S31508007E0000020C4600F0070004281BD8DFE800F043
S31508007E1003090D111500012305B1286004B123607B
S31508007E2038BD24F0CFF80A23F6E722F0FDFE092331
S31508007E30F2E724F0CAF80C23EEE722F07DFE0F23C2
S31508007E40800AE9E700231846E6E700BF00800050ED
S31508007E5038B5144B0546D3F808020C4600F007005F
S31508007E6004281BD8DFE800F003090D1115000123CB
S31508007E7005B1286004B1236038BD24F0A3F80A23AD
S31508007E80F6E722F0D1FE0923F2E724F09EF80C2348
S31508007E90EEE722F051FE0F23800AE9E70023184691
S31508007EA0E6E700BF00800050B0F5207F1FD009D854
S31508007EB0B0F5007F15D003D868B1B0F5C07F0AD0F9
S31508007EC000200CE0B0F5607FFAD10B4BD3F88000A8
S31508007ED0C0F3011003E0084B186FC0F303300130FC
S31508007EE07047054BD3F89000C0F30460F7E7024BE0
S31508007EF0186FC0F38020F2E70080005002464FF466
S31508007F008030104B10B598660020FFF7CDFF504320
S31508007F1041F671320C4BDC69DA635A6804F4803432
S31508007F2022F4401259B90949884294BF0020012019
S31508007F30000502435A600CB10022DA6310BD0449F9
S31508007F40F2E700BF0090005000000350005A62029A
S31508007F50002D3101430905D0012B0CD0022B084B0B
S31508007F6018BF002300F01F0039B103F58053012222
S31508007F7082401A607047034BF4E703F50053F6E7AF
S31508007F8068800050648000501FB50021B0F5807FDE
S31508007F900446CDE9001100F0D2803AD85E2833D8DD
S31508007FA05E2833D8DFE800F04532323232323232D8
S31508007FB03232323232323232323232323232323293
S31508007FC0323232323232323245AC45ACBCBCBCBC41
S31508007FD0BCACC64E6BDC4EACACAC32323232323252
S31508007FE03232ACACAC7EE6AC32323232323232327B
S31508007FF03232323232BC454545E14E4EEB8D63C1D5
S3150800800032323232329E4500802870D0009804B051
S3150800801010BDB0F5D06F00F0A38035D8B0F5607FFD
S3150800802079D01AD8B0F5007F65D005D8B0F5C07FED
S31508008030ECD122F081FD5CE0B0F5207F60D0B0F590
S31508008040407FE3D122F078FD02464FF42070FFF717
S315080080502BFFB2FBF0F252085BE0B0F5B06F69D0C7
S315080080600AD8B0F5806F5BD0B0F5A06FCED10021ED
S315080080706846FFF7A1FCC9E7B0F5C06FC6D1002175
S315080080806846FFF747FDC1E7B0F5106F6DD00ED80B
S31508008090B0F5086F78D0B9D8B0F5E06F6AD0B0F50A
S315080080A0F06FB3D100216846FFF7BCFDAEE7B0F527
S315080080B0406F3AD013D8B0F5206F60D0B0F5286F6E
S315080080C0A4D10021324B0391D3F8703203F0030395
S315080080D0012B02D103A8FFF71DFD039B39E0B0F57C
S315080080E0486F93D100216846FFF76AFD8EE722F0B4
S315080080F003FD00908AE722F0FFFC0246204604E0D2
S3150800810022F01AFD02464FF42070FFF7CDFEB2FBAF
S31508008110F0F200927AE701A8FFF780FC019AEDE7F2
S3150800812000216846FFF7C2FC70E700216846FFF7A2
S3150800813011FC6BE700216846FFF712FE66E74FF071
S31508008140E02302911B695B0705D522F0F5FC029036
S31508008150029B00935AE703A902A8FFF7DBFCF7E79F
S3150800816000216846FFF748FE50E700216846FFF7FA
S315080081706FFE4BE700216846FFF71AFE46E7002127
S315080081806846FFF7EBFC41E76846FFF76BFC3DE7FF
S315080081900080005008B58020FFF7F6FE034B984292
S315080081A09EBF4FF48032024B1A6708BD005A62021E
S315080081B000A000501FB503460020B3F5807F01904C
S315080081C000F0C58065D85D2B56D84C2B07D82D2BCB
S315080081D048D8232B2CD8019805B05DF804FB4D3BF5
S315080081E0102BF8D801A252F823F000BF45830008E7
S315080081F0D7810008D7810008D7810008F3820008D4
S31508008200D7810008D78100089F83000811830008DA
S31508008210B782000895830008D7810008D78100082F
S31508008220D7810008D7810008D7810008A9830008EC
S31508008230243B092BCFD801A252F823F04583000826
S3150800824045830008458300084583000845830008E0
S31508008250D78100083B830008D7810008D38200082D
S315080082607B8300083D2B00F083803E2BB3D1002092
S3150800827001A9FFF79DFDAEE7802BACD1504B1B6FD4
S3150800828003F00703013B032BA5D8DFE803F0544DA1
S315080082905052B3F5F06F6BD020D8B3F5B06F4CD011
S315080082A00ED8B3F5607F71D095D3B3F5806F49D0FA
S315080082B0B3F5A06F8FD1002001A9FFF77DFB8AE7F0
S315080082C0B3F5D06F59D0B3F5E06FD0D0B3F5C06F22
S315080082D081D1002001A9FFF71DFC7CE7B3F5206FCB
S315080082E05DD00BD8B3F5086F4CD0B3F5106F7FF49B
S315080082F072AF002001A9FFF7ABFD6CE7B3F5406F3D
S3150800830048D0B3F5486F4FD0B3F5286F7FF463AF05
S315080083102B4BD3F8703203F00303012B49D0022B01
S315080083200CBF1523002300E00523019353E703231D
S31508008330FBE70823F9E70223F7E7002001A9FFF77F
S315080083400FFD48E7002001A9FFF7B0FB43E74FF010
S31508008350E02302901B695B0705D522F0EDFB0D2390
S315080083600393039BE1E703A902A8FFF7D3FBF8E70A
S31508008370002001A9FFF756FC2DE7002001A9FFF709
S315080083803BFD28E701A9FFF76DFB24E701A9FFF7E5
S3150800839045FB20E7002001A9FFF7DCFA1BE70020D0
S315080083A001A9FFF7DBFB16E7002001A9FFF708FC88
S315080083B011E7002103A8FFF7ADFB1123B5E700BFBE
S315080083C0008000504FF48032074B0849586E03F579
S315080083D080535A664B6A23F001034B62C3035CBFA2
S315080083E0034B5A66704700BF0080005000C0075014
S315080083F000A0005008B5FFF7DDFE092811D00A389D
S31508008400012802D94FF6FF7008BD4FF48002064BCB
S315080084105A6603F5D8335B6ADB07F3D54FF4FA706F
S31508008420F2E7024B1888EFE700900050F624002088
S3150800843008B5FFF7BFFE03280ABF024B4FF6FF70C9
S31508008440188808BDF424002038B504468020FFF7B4
S31508008450B1FE032800F08A804FF48012544B4FF087
S31508008460A0615A6645F60E03524AC2F88030524B4E
S3150800847099624FF4803103F580539962936DD9035D
S31508008480FCD4916D11F08041FBD1D4E900031B05A2
S3150800849043EA0063E07B0343207B43EA0043607BB7
S315080084A043EA0033A07B43EA801313619069D4E959
S315080084B004531B0643EA856300F000400343A07E8D
S315080084C0E57E0343207E43EA0043607E43EA0023B9
S315080084D09361136AE06923F00F03002843EA000357
S315080084E043EA850314BF0125002543EAC503136241
S315080084F0324D3CD194F82430916A94F82000DB0080
S31508008500294043EA40130B4394F8211043EA011328
S3150800851043F4803393622A49264A936D31EA03036A
S31508008520FBD14FF08071244881621369A56823F452
S31508008530700343EA055313614FF00043836194F8CF
S3150800854022300BB91F4B996294F823303BB94FF48C
S3150800855080321C4B9A62174A936D5B00FCD494F8E0
S3150800856025301BB1134B184AC3F8802038BD0228A2
S3150800857008D11161154891614FF408524FF47F41B3
S3150800858017F043FE0B4994F822308A6A94F82000C3
S315080085901B062A4043EA4013134394F8242043EA6F
S315080085A0C20394F8232043EA02438B62D7E700BF4D
S315080085B0009000500040005A0050005AC7FFFEFEC7
S315080085C0030001000060005AF1A7FFFF3440005A7B
S315080085D0014B93F900007047A72500204FF40001CE
S315080085E01B4A437810B551664FF4D151022402F55F
S315080085F0B832516217494F2B4C604FF0010428BF1F
S315080086004F2301F580514C601169C903FCD40178E8
S3150800861043EA01235361D0E901131B0143EA01230D
S31508008620417B0B43017B43EA41039360C37B817B18
S315080086301B0143EA4113417C0B43017C43EA410396
S315080086405360837C13B16FF4D153536210BD00BFDE
S315080086500090005000100250014B1880704700BF70
S31508008660F6240020014B1880704700BFF424002030
S315080086704FF4800208B5184B5A660223174A53600E
S31508008680936813F48033FBD1012822D122F06EFAC5
S31508008690134B984215D003F5122303F5F863984255
S315080086A013D0104B00EB8002400AB3FBF0F3520ADA
S315080086B00A49CA620B6301234B620022074B5A60C0
S315080086C008BD45F67A13084AF2E745F61A03074A3B
S315080086D0EEE75362F1E700BF0090005000400250F9
S315080086E000F0490264666666D8B80500BBCF050087
S315080086F0B0F5207F10B50C4657D008D8B0F5007FE6
S3150800870048D003D830B3B0F5C07F23D010BDB0F53C
S31508008710607FFBD12949013CD1F8FC2012F0807218
S315080087201EBFD1F8FC3023F08073C1F8FC30244911
S31508008730D1F8803023F0300343EA0414C1F88040AE
S31508008740002AE3D01D4AD2F8FC3043F08073C2F801
S31508008750FC30DBE717F068FD17F074FD4FF4803145
S31508008760184B174A1967136F013C23F4704343EA01
S315080087700434146722F0E0F90446FFF7DFF8C0F185
S315080087800201204617F058FD00F036F8BDE8104003
S31508008790FFF700BD0A4A4C1ED2F8903023F0F85372
S315080087A043EA0464C2F89040B0E7054A4C1E136FCA
S315080087B023F4806343EA84231367A7E700ED00E008
S315080087C0008000500090005008B50121022000F0FA
S315080087D083F94FF42070FFF767FB054B187017F005
S315080087E023FD17F02FFD4FF48032024B1A6708BDA0
S315080087F0232000200090005008B54FF4C070FFF702
S31508008800C3FBBDE808400449884294BF0121022100
S315080088104FF42070FFF76CBF80F0FA0238B50446B3
S3150800882022F08AF90546FFF789F8C0F102012846C1
S3150800883017F002FD0121002000F08EF92CB1FFF798
S31508008840DBFFBDE83840FFF7A5BC034B4FF42070AB
S315080088501978FFF74DFFF4E7232000204FF4C022D4
S3150800886070B50546FFF702FA2F4B04465A6603F51C
S3150800887098335A68012A04D12C494A605A689207E3
S31508008880FCD48020FFF796FC052807D117F0CCFC0E
S3150800889017F0D8FC4FF48032234B1A67244B24F088
S315080088A040749D4235D0234B9D4235D022F01EF9A7
S315080088B08542064603D90121284600F04DF91E4B8C
S315080088C0DA6812F0060FFBD199689C609A686240D4
S315080088D012F4F81F23D12846FEF726FE8020FFF75C
S315080088E069FC05280DD122F027F90446FFF726F87A
S315080088F0C0F10201204617F09FFCFFF77DFFFFF746
S3150800890049FCB5420ED8BDE870400121002000F0B0
S3150800891023B944F00074C9E744F08074C6E73546C5
S315080089209960DBE770BD00BF0090005000E0015081
S3150800893040420F0080841E0000000150364B9842CA
S315080089404FD01CD8354B984257D00ED8344B984246
S315080089504FD008D8334B98422CD0334B984229D065
S31508008960324B984226D0002327E0314B984234D028
S31508008970304B9842F7D1304BD3F8BC301DE02F4B23
S31508008980984232D00FD8A3F53703A3F5D8539842A7
S3150800899037D003F5B70303F558639842E3D1264B5E
S315080089A0D3F8C83009E0264B9842DCD1224BD3F8DD
S315080089B0D03002E0204BD3F8A0304FF40021214AF2
S315080089C023F040735166194A90421ED0154A9042C8
S315080089D01ED04FF0B44293607047174BD3F8B830A7
S315080089E0EBE7154BD3F8C030E7E7134BD3F8CC3099
S315080089F0E3E7114BD3F8A430DFE70F4BD3F8B030D9
S31508008A00DBE70D4BD3F8C430D7E743F00073E0E754
S31508008A1043F08073DDE700BFC0EA21018096980025
S31508008A20404B4C0080841E0000093D0040420F0068
S31508008A30405DC6000024F4000080E00F0048E8010D
S31508008A40005A620200900050024A536B0342FCD15E
S31508008A50704700BF00400950044A4178536F23F419
S31508008A60407343EA01235367704700BF0040005034
S31508008A70104A10B51369044643F00403136122F043
S31508008A8041FF17F0E4FB0C4B5B6E5B0142BF0B4BDF
S31508008A900B4AC3F82024BFF34F8FBFF36F8F30BF45
S31508008AA017F0D6FB03F014FA1CB9BDE8104022F003
S31508008AB043B810BD00ED00E00080005000E0035010
S31508008AC00000FF0F034A0179D36E23F030030B43EE
S31508008AD0D366704700400050F8B504461C4BD3F8DF
S31508008AE08420D106FBD4D3F88430C3F381139C4287
S31508008AF02CD022F001F8012C064602D1214617F0A7
S31508008B009BFB23F050FA4FF00072124B07465A6649
S31508008B10204617F0A0FB4FF480630D4D621E93406C
S31508008B202B676B6E9A0103D4D5F884309B060AD559
S31508008B30384623F033FA022C08D13046BDE8F8400F
S31508008B40002117F079BBD5F88430EAE7F8BD00BFF5
S31508008B50004000500060005010B50C4608B921F0DE
S31508008B60CBFF074B21461B783BB1064B984204D8EE
S31508008B700120BDE81040FFF7AFBF0220F9E700BFAC
S31508008B8024200020005A62020278034B01210020AB
S31508008B901A70FFF7E1BF00BF242000204FF0004203
S31508008BA038B5244B244C5A664AF6CD33656C0146D3
S31508008BB005F00105236430BB0120FFF745FF636814
S31508008BC0DB0708D4002415B11B4B1C4A1A6421F094
S31508008BD05EF9204638BD1A4B58600846194B226B79
S31508008BE0D20705D4984201D10724ECE70130F6E70D
S31508008BF09842E7D1F8E70132236B13F0080305D052
S31508008C008A42F8D1F0E700220E49F5E78A42EBD00E
S31508008C1020210B4A91620121A2F580525160064932
S31508008C20084A886A800603D49342DDD00133F8E700
S31508008C309342DEE700900050004009503254FFFF8F
S31508008C400060095040420F004FF0004238B5164BFD
S31508008C5001465A664AF6CD33144C154A656C2364A8
S31508008C6043780B205B0043F00103D363FFF7ECFE68
S31508008C7063688A7823F4F87343EA02136360CA7850
S31508008C804B7943EA0223A3600A798B7943EA0223E4
S31508008C9023610878FFF782FFEB0744BF054B23647F
S31508008CA021F0F5F8012038BD009000500040095029
S31508008CB0004000503254FFFF4FF00042124B70B58F
S31508008CC05D6E03F580535A664AF6CD3304460F495E
S31508008CD080204E6C0B64FFF7B7FE0B6A23F00F0378
S31508008CE00F2C94BF234343F00F030B62F30744BFD3
S31508008CF0074B0B64002DA2BF4FF00042054B5A6686
S31508008D0021F0C5F870BD00BF008000500040095032
S31508008D103254FFFF00A000504FF00042104B70B5D0
S31508008D205D6E03F580535A664AF6CD3304460D49FF
S31508008D3080204E6C0B64FFF787FE0B6A23F4F8530A
S31508008D4043EA04230B62F30744BF074B0B64002D69
S31508008D50A2BF4FF00042054B5A6621F098F870BD45
S31508008D6000800050004009503254FFFF00A0005018
S31508008D7010B517F075FA042300F5805100F5005276
S31508008D800B6113610B6113610B6113610B61136155
S31508008D90202341F2020103610023C360836041611D
S31508008DA04FF4A0218361836541620549C36103626B
S31508008DB08362C36243630365D164036310BD00BF66
S31508008DC0FF3F0D03F8B505461446084641B9334B2F
S31508008DD09D4230D0324B9D4208BF5720FFF7D4F84A
S31508008DE0AB68DE072FD5B0FBF4F46E68013C16F0CD
S31508008DF0010626D02821284617F02EFAAB6C9907CB
S31508008E001BD1AB6CDA071AD4AB6C13F0020F14BF84
S31508008E1006270027284617F023FA2B6923F07F43F5
S31508008E2043EA04632B61002E37D039462846BDE84D
S31508008E30F84017F02FBA5620D0E70527EAE70927A2
S31508008E40E8E73746E9E76B68AB6DDB07AB6848BF11
S31508008E50640003F0E003402B1BD014D8002B0CBF92
S31508008E601023082363434101B1FBF3F20D4B203A6B
S31508008E7003EAC2022846012117F0EEF92A63BDE883
S31508008E80F84017F0E9B9602B05D0802B05D10123EE
S31508008E90E8E70623E6E70423E4E7F8BD0000015BFC
S31508008EA000000A50F8FF7F002DE9F0419846436814
S31508008EB004460E4617461BB140F6FF7117F0CCF96B
S31508008EC02046FFF755FFF189737B62690B43318AA8
S31508008ED022F44C5222F00F020B4313436361A2683B
S31508008EE096F818C0337B22F0804222F0E2024CEA60
S31508008EF00303134372691343B268A3601AB9A368DC
S31508008F0043F00043A360F06904F58053002866D057
S31508008F10857A017A6D04D4F808E045EA81556A49EC
S31508008F200EEA01010D43818801F4C0410D434178E1
S31508008F3045EA8105417B45EAC105817B45EA01157C
S31508008F40817845EA8125A560D4F80CE0D0E90415B6
S31508008F5029435E4D0EEA05052943857941EA8521AF
S31508008F60C57941EA4521E160017801F0FD05012D49
S31508008F7008BFE568A1F1020104BF45F00405E560F4
S31508008F800129534D534976D8AC4272D0524DAC4262
S31508008F9014BF4FF0FF35012501EB451141F2944509
S31508008FA04FF0020E41F805E0417A996219B1E1687D
S31508008FB041F40061E160C17A59B1E16841F40041C8
S31508008FC0E16043498C4265D1017B444D01F00F01B4
S31508008FD06967616AC07B21F00301014361622FB1B1
S31508008FE097F8201000295FD001211962B8F1000F07
S31508008FF02DD0BCF1000F02D04FF4004199653449D9
S31508009000B8F822508C4298F821105AD03248844237
S3150800901013D10120112934BF4FF0010C4FF0020C77
S315080090202F4FB5F5006F07F800C094BF4FF0010C3D
S315080090304FF0020C2B4F07F800C0A06D294320F40F
S31508009040F95020F01E000143A1650121996501210F
S3150800905059601AB120467168FFF7B4FE2046317888
S3150800906017F018F9A36CDB4313F4405FFAD1BDE897
S31508009070F081002590E7AC420AD0174DAC4214BFE8
S315080090804FF0FF35012501EB451142F2944587E77C
S315080090900025F8E710498C4201BF017B0F4D01F00E
S315080090A00F01C5F8801094E7E06997F8221097F841
S315080090B0215020F009002943014341F00101D961FB
S315080090C094E70020A6E700BFE39BBDFFFFF9F08702
S315080090D00000015B00C0035000000A5000900350D6
S315080090E027200020252000202DE9F04105460F46BF
S315080090F01E4690464AB1012330221C4C8B4002FB87
S31508009100004416B304F5825423603023072F4FF02A
S315080091100F0105FB03F3164C1AD8BA00181D13469F
S3150800912008FA02F29940204417F0E1F8B8F1000F66
S3150800913009D1012330210D4ABB4001FB052296B116
S3150800914002F582521360BDE8F08104F50154DBE7AD
S31508009150A7F1080C4FEA8C0C03F10C0008FA0CF284
S3150800916001FA0CF1DFE702F50152EBE700C0035004
S3150800917030C00350013831289ABF024B185C0020D2
S31508009180704700BFA4CC020838B5C2F306250446CA
S3150800919002F0070241B942EA052242F440220634A7
S315080091A0074B43F8242038BD1146284617F0AEF879
S315080091B002462846FFF7DEFF163442EA0022EFE7AA
S315080091C0008003504FF48032064B5A6603F5E623B7
S315080091D09B69C3F38512827003F03F021B0B427032
S315080091E00370704700900050014B986CD96C70471B
S315080091F00080E00F10B5044617F0EEF817F0D8F81F
S31508009200502117F0AFF817F0BEF8204617F0C2F84D
S3150800921017F0ECF817F0F1F8042304F5805104F57B
S3150800922000520B6113610B6113610B6113610B61D2
S315080092301361202341F2020123610023E360A36046
S3150800924061614FF4A02161620649E3612362A3616B
S31508009250A365A362E3622365D1642363636323631F
S3150800926010BD00BFFF3F0D0370B504460D46FFF75E
S31508009270C1FF23692A7823F0870313436A7A43EAEE
S31508009280420343F080032361A368AA7A23F0030309
S3150800929043EA420343F00103A36063692A7A23F091
S315080092A00F031343636123696A6823F07F4343EA24
S315080092B002632361EB68002B6ED02269197922F0CC
S315080092C0F80242EAC112197842EA4112D97842EA0A
S315080092D00112D97A42EAC102997942EA81122261D7
S315080092E0E268987C22F0F04222F4702242EAC062D8
S315080092F0D87C597942EA0042987842EA802242EAC2
S31508009300C132E260A268987A22F4C04242EA403248
S31508009310A2605A7804F5805092028260666ADA7B07
S315080093201E4802F0030230400243187B000100F099
S3150800933070000243587B000200F4E0600243987B09
S31508009340000300F4E0400243587A000400F4702059
S31508009350024362621A8AA26139B1114A944211D152
S3150800936074220021D87917F011F9EB689A799AB125
S315080093700B4A94420BD17022BDE870400021187A3E
S3150800938017F004B9074A9442EFD18022E9E7054A63
S31508009390944201D17C22EFE770BD00BF8C88F0FFB4
S315080093A00000015B00000A500122437801789A40C8
S315080093B030235943014B5A50704700BF40E00350D1
S315080093C0034BD3F82424D3F820041040704700BF79
S315080093D000C00350064BDA6E02F03002202A06D08F
S315080093E0DA6E22F0300208B142F01002DA667047EF
S315080093F0004000502DE9F8431C4B0546D3F81033BE
S315080094004B1E0E2B0E46174690F80090447820D92E
S3150800941021B34FF000082846EFB121F01BFC30239A
S315080094200F2103FB09F3072C88BF083C104895BF9A
S31508009430A400A40004330C3308FA04F2A14018442B
S3150800944016F0F3FF86B9284657B1BDE8F84321F070
S3150800945001BC8846DFE7FFF7A7FFE0E78846DEE7B7
S31508009460BDE8F843FFF7A0BFBDE8F88300C0035086
S3150800947030C003502C4B2DE9F0411746D3F8102382
S315080094804A1C06460C4605D1D3F82414407816F033
S31508009490DBFF0446002C2FDB072C4FF00305327840
S315080094A02DDC4FEA840805FA08F529461F4802FA12
S315080094B008F216F0BAFF294672781D4802F0030230
S315080094C002FA08F216F0B1FF012317F0050F194A40
S315080094D018BF194903FA04F30CBFC2F81034C1F8CF
S315080094E0103417F0060F18BF134AC2F814340123B4
S315080094F0104AA340C2F820342046BDE8F081A4F102
S3150800950008084FEA880805FA08F529460B4802FABA
S3150800951008F216F08AFF7278294602F00302084814
S3150800952002FA08F2CEE700BF00C0035000C4035099
S3150800953008C4035000E0035000D0035004C403508D
S315080095400CC4035038B505460C4C0140D4F83034E9
S3150800955023EA0003C4F83034D4F830341943C4F885
S315080095603014D4F82C340343C4F82C34012004F501
S315080095700054FFF72FFFC4F8205438BD00C003502D
S31508009580124B70B5D3F81033064616F070FF044632
S31508009590481C154616D0621C0FD08C420FD10321E9
S315080095A0304685F00102FFF725FF012004F110037C
S315080095B005FA03F19840FFF7C5FF204670BD4FF046
S315080095C0FF34FAE7631CEAD1F7E700BF00C003508F
S315080095D0054B9A689107FCD45A689207F9D4DA6958
S315080095E0002AF6D1704700BF00800A5010B5034C18
S315080095F0636821F03BFB0223236110BD00800A50FB
S3150800960008B5FFF7E5FF0122024B03F580514A60D2
S315080096101A6108BD00800A50044B10B55C68012C1D
S3150800962003D1FFF7E3FF024B5C6010BD00800A50D0
S3150800963000A00A5038B5074DFFF7CAFF6B68044605
S31508009640012B03D1FFF7E8FFFFF7C2FF2378EB6092
S3150800965038BD00BF00800A5010B521F011FBB8B91B
S315080096604A680B7812B1127843EAC2034A7843EA89
S3150800967042038A6812B1127843EA8213CA7843EA27
S3150800968082030A6912B1127843EA4223014A9364B3
S3150800969010BD00BF00800A504FF48032084B5A664E
S315080096A003F5E6239B691A0B027003F03F0242702A
S315080096B04FF6FF72C3F3851342808380704700BF5D
S315080096C000900050014B986CD96C70470080E00FF1
S315080096D02DE9F04393B08946DDE91A871D4604460D
S315080096E0002858D0002956D0B8F1000F53D0002FC3
S315080096F051D013F00F034ED1284829490FAE002A3E
S3150800970008BF01466360216048463146A36023626C
S3150800971017F01AF800283BD120460F9922F0C5FC0D
S315080097202946204622F0C1FC6946484600F0E0FA80
S3150800973070BB6946204617F0BEF9484603A917F0DC
S31508009740CCF828BB204603A917F0B5F9CDF8308028
S315080097504FF0010845F00055CDF8348006AB0E955C
S315080097600CAA07CA83E807001946204617F0A3F98A
S315080097700F9709ABCDF84080119596E8070083E866
S3150800978007002046194622F0B6FC204621F0D8FAF2
S3150800979013B0BDE8F0832120FAE700BF00010004FA
S315080097A0000101042DE9F0410C4616461F46054600
S315080097B0A0B0002800F09480002900F09180002ACB
S315080097C000F08E80002B00F08B80036B0F2B75D872
S315080097D0444B0DF17408236000234146636030460C
S315080097E0A360236216F0B0FF002874D120461D99A5
S315080097F022F05BFC296B20460F2984BF01F00F017C
S31508009800103122F052FC304602A900F071FA002805
S3150800981061D1204602A917F04EF9304605A917F07E
S315080098205CF8002857D1204605A917F044F901230A
S315080098302D4AD5F830C0149508AE1593169214AA79
S3150800984007CA86E807000CF00F0205F1100E42F071
S315080098500052CDF85CE00BAD1893199217AA07CA07
S3150800986085E80700CDF868E01B934CF000531C937D
S315080098701AAA0EABBCF10F0F07CA83E807002DD949
S315080098800A9B314623F0005320460A9317F013F932
S315080098902946204617F00FF901231D971E93124BF0
S315080098A01F9311AB98E8070083E80700204619467E
S315080098B022F021FC204621F043FA0CE000F12003B7
S315080098C0019000930122102331462046FFF700FF3E
S315080098D000283FF47DAF20B0BDE8F0811946D8E7EF
S315080098E02120F8E700000404100000202DE9F04FBD
S315080098F00D46914698460646ADB0002800F0D6803B
S31508009900002900F0D380002A00F0D080002B00F058
S31508009910CD80026B369B02F00F07D3181B09B3EBF9
S31508009920121F00F0BB80624B48460B6000234B6059
S315080099300B628B6029A916F007FF0446002840F041
S31508009940A980369B284607EB030B29992BF00F0AAB
S3150800995022F0ABFB5146284622F0A7FB484602A94F
S3150800996000F0C6F90446002840F09480284602A96B
S3150800997017F0A1F8484605A916F0AFFF04460028D7
S3150800998040F088804FF00109284605A917F093F89A
S31508009990484B1A961AAACDF86C901C9308AB07CABE
S315080099A083E807001946284617F085F806F11003DC
S315080099B047F00052AAEB07071D930DF12C0CCDF8C2
S315080099C0789047F000571F921DAA07CA8CE807002F
S315080099D0CDF8808020AACDF8849022970EAF07CACA
S315080099E087E807000D9A614622F00052284601933F
S315080099F00D9217F060F83946284617F05CF8AAF178
S31508009A00100242F0005223942A4BCDF8909011AFE1
S31508009A10259223AA07CA87E8070006F1200226929C
S31508009A2014ACCDF89C9026AA289307CA84E80700A8
S31508009A30139A394642F080421392139A284622F026
S31508009A400052139222F057FB2146284622F053FB78
S31508009A50184B299617ACCDF8A8902B9329AB93E809
S31508009A60070084E807002146284622F044FB2846DA
S31508009A7021F066F9369BAAEB0B011944019B0446B3
S31508009A80ABEB0A021846414418F00FF9336B369AC5
S31508009A901344336320462DB0BDE8F08F103041469D
S31508009AA0369A384418F001F90024EFE72124F1E743
S31508009AB0030200041000002000232DE9F0478EB0B1
S31508009AC00E46174604460193002869D00AB10029B4
S31508009AD066D037F0030807F0030A28D04FF0E06392
S31508009AE04FF0000923600123C4F80490C4F80890D5
S31508009AF00896099348F000530A9308AA02AB07CAC6
S31508009B00C4F8209083E807001946204622F0F3FAA5
S31508009B104146204622F0C9FA204621F011F90546A9
S31508009B2028B142464946304618F0B4F803E0BAF17F
S31508009B30000F04D1002528460EB0BDE8F0874FF087
S31508009B40E0634FF00009236001ABC4F80490C4F841
S31508009B5008900B9301230C93124B0EAA0D9305AB99
S31508009B6012E90700C4F8209083E807001946204642
S31508009B7022F0C1FA0421204622F097FA204621F065
S31508009B80DFF8054608B13A46CCE7019A4644EB00A9
S31508009B90013522FA03F3AA4506F8013BF7D1C9E7CE
S31508009BA02125C8E704000020F0B50F4616461D46D5
S31508009BB0044693B010B9212013B0F0BD0029FAD09D
S31508009BC0002AF8D0002BF6D0002331461A4638462C
S31508009BD016F059FD0028EFD1304602A916F0EAFC26
S31508009BE00028E9D1EB68022B0AD039683F48029A67
S31508009BF081426B6902D01830814270D19A42DAD814
S31508009C002B68002BD7D14FF060626360384622601C
S31508009C10A360236201A916F097FD0028CCD101990B
S31508009C20204621F4F061019122F03FFA6946284660
S31508009C3016F08AFD0028BFD12046009922F035FA91
S31508009C40384609A900F054F80028B5D1204609A9D4
S31508009C5016F031FF38460CA916F03FFE0028ABD1A6
S31508009C6020460CA916F027FFEB684BB1284606A933
S31508009C7000F03EF800289FD1204606A916F01BFFE3
S31508009C80304603A916F029FE002895D1B368DA04F0
S31508009C900CD59B0427D50621F36932691B6801FB9D
S31508009CA003225B0043F0005303920593204603A961
S31508009CB016F001FF28460FA916F00FFE00287FF4BC
S31508009CC07BAF20460FA922F016FA0325204621F07D
S31508009CD037F801287FF470AF013DF7D16CE7B3EB95
S31508009CE0420F8DD267E7292066E700BF200000B043
S31508009CF090B189B101234B60C368013B012B08D899
S31508009D008269064B1AB10A6000208B607047044AC4
S31508009D10F9E74FF00053F7E72120704708000020C5
S31508009D20D8CC020806289ABF014B185C0020704759
S31508009D30E0CC02082DE9F043884614461D46C5B016
S31508009D40002839D0002937D0B2B3ABB3038803F45F
S31508009D504F42B2F5824F04D06FF0850045B0BDE89A
S31508009D60F083DAB2122AF7D123F0FF03B3F5E24FF4
S31508009D7025D143882B60DBB9E3002B60B3F5807FE0
S31508009D80EAD1002318463F4908EB0405214415F893
S31508009D90012D11F8014D1043121B18BF0023A845C9
S31508009DA043EA0203F3D138B1002B05DA0020D5E7E0
S31508009DB0DA1DB4EBD20FE1D06FF08600CEE7B3F52B
S31508009DC0824F5BD10B78042BF6D12822002118A8E4
S31508009DD017F060FF18A822F05EF900284BD14FF063
S31508009DE0880922AF4A460021384617F053FF012357
S31508009DF02022002168468DF8883017F04BFF202274
S31508009E00013C08F10103002105940DEB0200E40072
S31508009E100493640817F03EFF2022002110A8CDE91C
S31508009E200C7917F037FFE02C6E46CDE914792C60D3
S31508009E3002D0B4F5807FBFD1134B07343360089343
S31508009E404FF40053B3604FF48043E4080A93640068
S31508009E5010AB08A9324618A81194FFF7A5FE2B687F
S31508009E6004460733DB08590013B1384616F084FE5A
S31508009E70002C9BD0A0E76FF092006FE76FF096007A
S31508009E806CE700BFF4CC020820000080F8B5134642
S31508009E9042880C460732072A4FEAD20101D0A1426E
S31508009EA05AD1D0E90167058820221846002117F003
S31508009EB0F1FE360A034616B1012E50D1C660002CB3
S31508009EC04AD041F20102954205D0B5F5885F02D025
S31508009ED0B5F5905F08D15C6026B1B90707F00102B5
S31508009EE012D4A2B3002011E0B5F5105F07D1182CE3
S31508009EF003D0202C01D0102C2ED11C60EBE705F4E2
S31508009F004F42B2F5824F02D06FF08500F8BDEAB233
S31508009F10122AF9D1202CF7D1124A25F0FF05B5F5FA
S31508009F20E24F1A600CD0B5F5824F15D14FF40052A6
S31508009F3017F4705F09D017F4864F04D09A60E3E7E8
S31508009F404FF48042F4E742F480629A60C4E79A6864
S31508009F5042F080729A60C5E76FF08600D6E76FF028
S31508009F608B00D3E7200000802DE9F0411646002239
S31508009F701C4643688CB01B0A80460D46009204D0E6
S31508009F80012B56D06FF08B008EE0008820F0FF037F
S31508009F90B3F5824F15D1B8F802700737FF08009756
S31508009FA016F0C7FD002800F0E6800B78042B05D1D3
S31508009FB0013EB6EB470F05F1010504D06FF08600A8
S31508009FC072E037460096224639464046FFF75EFF5E
S31508009FD0002869D1F21CC4E9030522F00302626174
S31508009FE0002F00F0AA802022002101A817F052FEB7
S31508009FF0394601AA4046FFF749FFDDE90176DDE962
S3150800A000072C0399002840F098802368A568BB426E
S3150800A01040F093806768B74240F08F808D4240F0E9
S3150800A0208C80A169914240F08880E26962453BD004
S3150800A03083E0032EC2D90B78012B40F09F80497824
S3150800A04000294BD0F73908299CD801A353F821F0E9
S3150800A050B9A0000875A00008859F0008AFA00008F1
S3150800A060859F0008D3A00008859F0008C3A00008A4
S3150800A070CBA000084FF41056F825424F1C220021A9
S3150800A08002A817F007FE03230197CDE904350396C6
S3150800A09001AA09AD134603CBAB42206061601A469C
S3150800A0A004F10804F6D100200CB0BDE8F0811027B1
S3150800A0B04FF08076FA25E1E720274FF00076F7255E
S3150800A0C0DCE7FE252F4F304ED8E7FF252D4F2F4EC4
S3150800A0D0D4E74FF41056FC252A4FCFE72B2E7FF6F0
S3150800A0E06DAF2022204617F0D5FD05F1100315F0B7
S3150800A0F0030723610DD001AB05F1280C1A46286821
S3150800A1006968083503C265451346F7D1286801AD65
S3150800A11010606B68103E2360AB686360EB6866612D
S3150800A120A3600123E3601FB12C2101A816F024FDCA
S3150800A1306946204616F03EFA20B12021204616F040
S3150800A1401BFD3BE7B8F80030009F03F44F42B2F519
S3150800A150824F0ED1DAB2122A0BD123F0FF03B3F5E0
S3150800A160824F06D17B0062691C339A42BFF438AF2E
S3150800A170E3E73B46F7E76FF0850095E76FF0910058
S3150800A18092E700BF2000008000440002004400035C
S3150800A19070B50E461446054610B96FF0860070BDB8
S3150800A1A00029FAD03822002117F074FD094B24F44F
S3150800A1B07E129A420AD13388B3F5105F06D1C4F3EA
S3150800A1C00543102BE9D800202C60E8E76FF08500DE
S3150800A1D0E5E700BF0002C003F0B50E4617461C4669
S3150800A1E005468DB060B302B953BB4EB354B12822AD
S3150800A1F0002102A817F04EFD02A821F04CFF20B15D
S3150800A2006FF0920420460DB0F0BD2B680F4A23F478
S3150800A2107E13934217D100943B46324602A9281D65
S3150800A220FFF764FB044628B1212814BF6FF0920497
S3150800A2306FF0860402A816F0B8F90028E2D0DFE726
S3150800A2406FF08604DEE76FF08804DBE70002C003E0
S3150800A2502DE9F0438FB0894690461D460446169F61
S3150800A26000284ED0002A4CD0002B4AD0002F48D0C8
S3150800A270002946D02822002104A817F00BFD04A8BF
S3150800A28021F009FF064628B16FF0920420460FB068
S3150800A290BDE8F0832368102D28BF102513F47C1F12
S3150800A2A0C3F3054202D0954228BF1546184A23F43F
S3150800A2B07E13934228D12822002104A817F0EAFC2D
S3150800A2C010220021684617F0E5FC201D6B464A4619
S3150800A2D004A9FFF767FA044660B1212814BF6FF096
S3150800A2E092046FF086043E6004A816F05EF9002812
S3150800A2F0CCD0C9E72A466946404617F0D6FC2E4612
S3150800A300F1E76FF08604C1E76FF08804BEE700BF87
S3150800A3100002C0032DE9F0410E461746984604464A
S3150800A32000B3F9B1F2B19822002117F0B3FC314617
S3150800A330069A04F16000FFF72BFF0546A0B92346ED
S3150800A340424639463046FFF70FFE054660B9728821
S3150800A350D208A2F110011029E26503D80A4BCB40B6
S3150800A360DB0704D46FF086052846BDE8F0816369EB
S3150800A3701C329342F6D304F120031846216917F0DC
S3150800A38094FC2061F0E700BF01010100F0B50D461D
S3150800A3901646044689B030B301B922BB20270021EE
S3150800A3A03A46684617F076FC04F13803CDE90437D7
S3150800A3B02368104AA06D23F47E139342019003D0BC
S3150800A3C002F58072934211D1102803D0182801D0C3
S3150800A3D020280BD1009033462A4669462046FFF7C7
S3150800A3E0FBFE09B0F0BD6FF08600FAE76FF0880053
S3150800A3F0F7E700BF0001C0032DE9F0410D461646F8
S3150800A4001F4604468AB050B349B342B33BB34FF034
S3150800A41020080021424602A817F03CFC04F1380344
S3150800A420CDE906382368114AA06D23F47E139342BA
S3150800A430039003D002F58072934213D1102803D0FB
S3150800A440182801D020280DD1029033462A462046E6
S3150800A450009702A9FFF7FCFE0AB0BDE8F0816FF08D
S3150800A4608600F9E76FF08800F6E700BF0001C00331
S3150800A47070B504460D4621F09FFD0C2C06460AD8F9
S3150800A4800C2C15D8DFE804F0181814181827141817
S3150800A4902B142E1431000D3CE4B2132C08D80123DA
S3150800A4A0174AA340134216D1062C26D0DB0721D41F
S3150800A4B0002321242B8009E08020FDF7B9FF4FF601
S3150800A4C0FF7398420CBF0E2400242880304621F0E2
S3150800A4D06EFD204670BD00230F242B80F6E74FF44F
S3150800A4E08060EAE74FF44060E7E74FF4C060FDF7A5
S3150800A4F081FFE4E74FF4F060F9E74FF4E060F6E730
S3150800A5001C450D0030B58BB06C46814D814821F055
S3150800A510D0FE0FCD0FC42B687F4A2360FF238DF82A
S3150800A5200130D2F84C3113F4802340F0E480D2F89D
S3150800A53050218DF801309DF801306C46FF2B08BF7D
S3150800A5402C236846754D8DF80130FEF747F8322002
S3150800A550FEF782F80FCD0FC40FCD0FC495E80300A0
S3150800A56084E803006C4BD3F84C21120300F1BD803C
S3150800A570D3F85041E4B28DF81940FEF729F804449F
S3150800A58084F3080466488DF81840FCF7D3FF68463C
S3150800A590FDF75AFF3220FEF765F86248FEF75EF9C6
S3150800A5A06148FEF7CBF9614C614821F082FE002034
S3150800A5B0FEF75EF8FEF708F9236F002023F007037D
S3150800A5C043F003032367FEF729F9236F594923F458
S3150800A5D074432367D1F8FC2012F080721EBFD1F8AD
S3150800A5E0FC3023F08073C1F8FC300021D4F88030A9
S3150800A5F023F0030343F00103C4F880304E4BC3F83D
S3150800A600801032B14B4AD2F8FC3043F08073C2F85E
S3150800A610FC30464CD4F8203123F0070343F00203FC
S3150800A620C4F82031D4F8283123F0070343F0020395
S3150800A630C4F82831D4F8803123F0030343F001032A
S3150800A640C4F88031D4F8403123F0030343F0020301
S3150800A650C4F84031D4F8603123F0030343F0020311
S3150800A660C4F86031D4F8403223F0030343F0020300
S3150800A670C4F84032D4F8003223F0070343F002034B
S3150800A680C4F80032D4F8083223F0070343F0020373
S3150800A690C4F80832D4F8703223F0030343F00103F8
S3150800A6A0C4F87032D4F8203223F0070343F00103CC
S3150800A6B0C4F82032FDF786FE4FF0E0220020136929
S3150800A6C043F004031361D4F8603223F0070343F020
S3150800A6D00103C4F86032D4F8943223F0070343F038
S3150800A6E00103C4F894320BB030BD144B1C88FF2C00
S3150800A6F088BF52243FE74FF07E6393F89C2093F976
S3150800A7009C30002BFFF617AF8DF8012013E700BF2A
S3150800A71014CD020858CD02080080E00F28CD0208A3
S3150800A720005A620200B4C404C0EA21010080005045
S3150800A73060CD020800ED00E0009000500001E00F37
S3150800A74007B5094B186899889B7900906846ADF853
S3150800A75004108DF80630FEF777FA0C20FEF7ACFAEF
S3150800A760002003B05DF804FB50CD02082DE9F04740
S3150800A77005460E4621B900F049F9064600286DD06F
S3150800A780337D1F2B6CD821F017FC0746354B1B6809
S3150800A790183B13F1180F0FD1DFF8CC80D8F80090CA
S3150800A7A0ADBB424629461C2001F0A6F90446C0B1B5
S3150800A7B0384621F0FCFB05E0AB4206D1384621F0CD
S3150800A7C0F6FB12242046BDE8F0871A68B24201D08B
S3150800A7D09B69DDE73846002DF1D021F0E8FB2324FC
S3150800A7E0F0E74FF0010AD8F8005000220421307D26
S3150800A7F005F1100301F088F9044680B1BAF1000F9B
S3150800A80002D0284621F0A5FEC8F80090D0E7B9F195
S3150800A810000F01D1C8F800504FF0000AE5E70246DC
S3150800A8200421307D05F1140301F06EF9044618B1D0
S3150800A830286921F08EFEE1E7294668602873A8603A
S3150800A84041F8186B074815F092FB304600F0BEF841
S3150800A85008213046297316F0E6FBA9E72D24B1E74F
S3150800A8600F24AFE7640F0020600F002020B1034BD0
S3150800A8701B6803600020704722207047600F002085
S3150800A8802DE9F0470F469046054608B9314B1D6835
S3150800A89021F092FB01232E68696896F814E06FEAA6
S3150800A8A0010C03FA0EF3013B23EA010494FAA4F41B
S3150800A8B0B4FA84F4A64504D821F079FB1A20BDE839
S3150800A8C0F0877A0707D54FF00109326909FA04F9C2
S3150800A8D019EA020FF0D03A0710D50122F668A2400D
S3150800A8E03242E9D0BA070BD40123A3400B436B606D
S3150800A8F088F8004021F05BFB0020E0E7002FF1D14B
S3150800A9002A7B9645F0D0AEEB020A0AF1FF395FFAC8
S3150800A91089F9A145E8D301269640013EBF0706FA04
S3150800A9200AF609D542B10CEA060292FAA2F2B2FA7E
S3150800A93082F2964588BF14464C45D5D223EA0603CB
S3150800A94013EA0C0314BFB3FA83F32023C3F11F03DE
S3150800A950DCB2C9E7600F002070B50E46044608B998
S3150800A9600D4B1C6823681B7DB34212D921F024FBCA
S3150800A970012200256368B24023EA02036360236963
S3150800A98043F82650636943F8265021F010FB284601
S3150800A99070BD2120FCE700BF600F002070B50D4692
S3150800A9A01646044608B9084B1C6823681B7DAB424B
S3150800A9B008D921F001FB236943F8256021F0F7FA4D
S3150800A9C0002070BD2120FCE7600F002013B5046845
S3150800A9D0806821F06EFC0C4821F06BFC152000F015
S3150800A9E0BBF9152000F09CF91E23ADF804300023AE
S3150800A9F0204601A98DF8063015F06BFD012304F5F4
S3150800AA008054636002B010BD64CD020800487047E8
S3150800AA1078CD0208F8B5134D6B6D2A6D1340124AAE
S3150800AA20002B13659EB202DB01276EB9F8BD012320
S3150800AA30E9680E4AC1F304218B40284642F82130C2
S3150800AA40BDE8F84020F070BBB6FA86F4C4F11F04DE
S3150800AA50E4B22146284607FA04F420F065FB26EA04
S3150800AA600406E2E70000045000200450680F0020A6
S3150800AA7070B501F05FFA0446E8B901F0E5FA21F08D
S3150800AA80E9F84FF4167343430C4A03F5742303F2AB
S3150800AA903F23B3FBF2F30A490A480B600A2302680C
S3150800AAA0094D0E68013B45F8046B0E6813F0FF0369
S3150800AAB03244F6D10260204670BD00BF40420F0006
S3150800AAC0BC0F00208C0F0020900F0020012208B533
S3150800AAD0034B1A7021F08EFD024B186008BD00BFAB
S3150800AAE02A200020880F002010B521F0B3F804466C
S3150800AAF021F06BFA844207D921F088FD20B10122A2
S3150800AB00024B1860024B1A7010BD00BF880F002058
S3150800AB102A200020F8B51F4C2378E3B121F06AFDFE
S3150800AB201D4B1E4D1B68C01A28602B68A3B12B68E5
S3150800AB302B6021F08FF84FF416725043184A00F52F
S3150800AB40742000F23F20B0FBF2F02B682B6883429A
S3150800AB5004D900232370F8BD0123E9E71148124EF2
S3150800AB600378296856F82320104F511A3A68521A62
S3150800AB7029683A6046F823100A210932B2FBF1F235
S3150800AB800B4D0133DBB22A60B3FBF1F201FB123342
S3150800AB900370DEE72A200020880F0020B80F002067
S3150800ABA040420F002B200020900F00208C0F002021
S3150800ABB0BC0F0020014B1868704700BFBC0F00206F
S3150800ABC0F8B503212C2016F03EFA04264FF480121D
S3150800ABD00D4C0E4B0E4F04F500555A662C206F6728
S3150800ABE06E672F672E6700F0B7F82C2000F098F8EC
S3150800ABF04FF0007204F580535F675E67AA624FF4F0
S3150800AC0080529A62F8BD00BF0040005A009000507A
S3150800AC10010000A0064B074A996D11F0050F01D0F7
S3150800AC20117811B10028F7D170470120704700BF8D
S3150800AC300040005A2C200020164B10B51C6F6007E8
S3150800AC4012D50421144A1167082191629B6DD90710
S3150800AC5001D4FFF749FF01F0AFF801F08FF80120A2
S3150800AC6021F05EF821F0D4FCE20706D501220A4B52
S3150800AC701A67FFF74FFF01F081F8A30042BF4FF0B4
S3150800AC800052054B1A67002CBEBF4FF00042024B1C
S3150800AC901A6710BD0040005A0060005A0028ACBF71
S3150800ACA000F16040064B4FEA0111C9B2ABBF00F58F
S3150800ACB0614000F00F0080F800131954704700BF78
S3150800ACC014ED00E008B521F077F90B4B1A7872B944
S3150800ACD001221A7021F06BF96FF004021046013256
S3150800ACE0052152B2FFF7DAFF4C2AF7D108BDBDE8B5
S3150800ACF0084021F05CB900BF2D20002000280CDB9D
S3150800AD0001220649430900F01F008240203341F81A
S3150800AD102320BFF34F8FBFF36F8F704700E100E02A
S3150800AD20002807DB01234109034A00F01F0083407E
S3150800AD3042F82130704700BF00E100E0054B4211A0
S3150800AD4053F8223000F01F0023FA00F0C04300F049
S3150800AD500100704700E100E0002808DB01224309F2
S3150800AD60034900F01F008240603341F823207047F2
S3150800AD7000E100E010B5044621F01EF9024B1C6004
S3150800AD8021F015F9002010BDC00F002010B521F0E4
S3150800AD9013F9034B1C6821F00AF9204610BD00BFC1
S3150800ADA0C00F002038B5104B05461B78ABB1B0B1C3
S3150800ADB000202946286016F032F9044688B921F0A1
S3150800ADC0FBF82B680125094A190102EB03131D73C9
S3150800ADD0545021F0ECF8204638BD1124FBE7212415
S3150800ADE0F9E71A24F7E700BF2E200020C810002034
S3150800ADF010B521F0E1F80023084A147B54B9013351
S3150800AE00082B02F11002F8D1054B1C7021F0CFF87F
S3150800AE10204602E021F0CBF8042010BDC81000201F
S3150800AE202E2000200D4B10B51B7804468BB1072841
S3150800AE3011D80B4BC1B21868FFF78EFD21F0BCF88C
S3150800AE40084B03EB041300241C7321F0B0F82046CA
S3150800AE5010BD1120FCE72120FAE700BF2E200020B4
S3150800AE60C40F0020C810002010B521F0A5F8124B19
S3150800AE701C781CB121F09BF8122010BD01221A7013
S3150800AE8021F095F80D4B0E481C731C7783F82C405F
S3150800AE9083F83C4083F84C4083F85C4083F86C4068
S3150800AEA083F87C4021F005FA064821F002FA0648A4
S3150800AEB0FFF7DCFC2046E0E72E200020C810002023
S3150800AEC068CD020864CD0208C40F0020F8B5044610
S3150800AED01648007820B3072C24D8154D260105EB13
S3150800AEE00410077B07B3AB510025069B85604360BA
S3150800AEF0134610480A46214615F0FEFA01230E4A63
S3150800AF00A34053650D4BE1B253F824200C4B186847
S3150800AF10FFF744FD0748214615F02CFB2846F8BDE7
S3150800AF201120FCE72120FAE72520F8E72E2000204B
S3150800AF30C81000200000045000100450D4CD0208A8
S3150800AF40C40F00202DE9F04F87B098469DF8403091
S3150800AF50044600933D4B8B461B789146002B6FD0D9
S3150800AF6007286FD8002A6DD0B8F1000F6AD0119B58
S3150800AF70B3F5006F66D8DFF8F0A003010AEB0012FC
S3150800AF80127B0193002A5FD00021314D102205EB78
S3150800AF90401647013046CDE90311059116F07AFEB1
S3150800AFA04FF444727280DDE900231AB9F27842F050
S3150800AFB03002F270DBF80020E9190292119AC1E911
S3150800AFC00189501E9DF84820C0F30A0002F00302CA
S3150800AFD0920642EA001CEA591E4810404CEA000252
S3150800AFE0EA51139A52B38A78C2F300123D44A978FB
S3150800AFF062F30411A970002513990AEB03024AF8B3
S3150800B0000310149B95605360134BE1B253F8242048
S3150800B010124B1868FFF7C2FC334602AA21461048AD
S3150800B02015F06AFA0E48214615F0A4FA01232846B7
S3150800B0300C4AA340536507B0BDE8F08F139AD5E7CD
S3150800B0401120F8E72120F6E72520F4E72E20002036
S3150800B050C80F00200F80FFF3D4CD0208C40F0020CC
S3150800B0600000045000100450C81000200A4B1B783A
S3150800B07063B107280CD8094B03EB00131B7B4BB1B4
S3150800B0800123074A83401364002070471120704744
S3150800B09021207047252070472E200020C810002048
S3150800B0A0001004500A4B1B7863B107280CD8094BCB
S3150800B0B003EB00131B7B4BB10123074A8340136440
S3150800B0C000207047112070472120704725207047BF
S3150800B0D02E200020C81000200020045038B5044651
S3150800B0E0D0F8A4301D68AB6C5906FCD5002394F83B
S3150800B0F0AD101A4694F8AC00FDF7F6FF002394F855
S3150800B100AF101A4694F8AE00FDF7EEFF94F8B43087
S3150800B110DA0707D5002394F8B1101A4694F8B00058
S3150800B120FDF7E2FF94F8B4309B0707D5002394F89F
S3150800B130B3101A4694F8B200FDF7D6FF012205F5BA
S3150800B14000531A65042200211A652846094D15F090
S3150800B150A1F8D4F8A80021F0AFF8284604F1B80100
S3150800B16014F018FF2B6813B9034800F083FD00207C
S3150800B17038BD00BF481100204C110020012910B528
S3150800B18002D9022913D010BD124B1C68B83C14F121
S3150800B190B80FF8D0D4F8A80021F08BF8D4F8A4306A
S3150800B1A00521186815F076F8D4F8B840EEE7094B8B
S3150800B1B01C68B83C14F1B80FE5D094F8973033B949
S3150800B1C094F895301BB9D4F8A80021F075F8D4F88E
S3150800B1D0B840EEE7481100202DE9F0471D461368F0
S3150800B1E08EB01F6891F8313081468846144606AEFF
S3150800B1F0002B00F0F180DFF820C2BCE80F000FC674
S3150800B2009CE80F0086E80F0018220021684616F011
S3150800B21041FDA26803460892227B012A00F0DF80DE
S3150800B220022A0CBF4FF440720022ADF82620627B3A
S3150800B2300D93032A8CBF4FF480526C49A37B98BFA9
S3150800B24031F812204FF0010AADF828205A1E022ABA
S3150800B25088BF0023664A8DF80030D8F838308DF854
S3150800B26006A01A60634A29465A60634A48469A60A5
S3150800B270624ADA60424600F019FB0646002840F0AA
S3150800B280A78023695E48C5F8A830237E85F8AF30C5
S3150800B290E37D85F8AE30A37D85F8AD30637D85F80E
S3150800B2A0AC30A37E85F8B130637E85F8B030237F55
S3150800B2B085F8B330E37E85F8B2302368C5F8A43044
S3150800B2C020F0F7FF53460422A17D607DFDF70CFFB1
S3150800B2D05346217E0222E07DFDF706FF85F8B4601D
S3150800B2E0206920F0E6FF98F83130384606A9002B89
S3150800B2F078D014F0F6FF95F8B43043F0040385F8D7
S3150800B300B4301421227D3F4B03EB4210C0F894144D
S3150800B31094F816C0617D253241EA0C41C0F8AC1498
S3150800B320207EE17D03EB421341EA00415960A37B8D
S3150800B33003F0FD03012B0BD195F8B430022243F03C
S3150800B340010385F8B430A17E0023607EFDF7CCFEAC
S3150800B350A37B023B012B0BD895F8B430042243F0AB
S3150800B360020385F8B430217F0023E07EFDF7BCFE9A
S3150800B37095F8B430DB0717D5A17E627E237D42EAB5
S3150800B380014241F29C415B0103F1A04303F570338E
S3150800B3905A5041F2944202219950217FE27E03F5E8
S3150800B3A0A55342EA01421A60174B1B681BB9174995
S3150800B3B0174800F04DFC144805F1B80114F0D7FD04
S3150800B3C0144A07F5005305213846DA6414F062FF7B
S3150800B3D030460EB0BDE8F087DFF840C00DE74FF401
S3150800B3E0007222E714F081FF8BE700BFF4CD020854
S3150800B3F0FB1002082D11020811110208DDB0000821
S3150800B4006CCD020800C003504811002054230020C8
S3150800B4104C110020FF3F0D03FCCD02081CCE02088C
S3150800B420034B0222186800238068194601F0E8BD1C
S3150800B430C4230020302337B5007D0DF107014343AF
S3150800B44003F1A04303F58023DD6E1C6F1FF0D2FEC7
S3150800B4509DF8070040B9054B9D4203D1C4F340044B
S3150800B46084F0010003B030BD0120FBE72F20002047
S3150800B4703021037D02464B4303F1A04303F58023A5
S3150800B480D86E07491B6F884208D113F0020006D010
S3150800B490106A136D1B1A58425841704700207047AE
S3150800B4A02F20002070B5044608B9012070BD057D1F
S3150800B4B02846FFF7DBFD30236B4303F1A04303F572
S3150800B4C080232846DE6EFFF7EDFD0A4B9E421CBF21
S3150800B4D0042384F8A13094F8953094F8A1002BB190
S3150800B4E0022803D1012384F8A130DFE70428DCD140
S3150800B4F0F8E700BF2F2000202DE9F04F04464FF44F
S3150800B50044764FF030093F4D00F1380710220021EC
S3150800B51085B0384616F0BEFB6687C4E90F55207D10
S3150800B520FFF7A4FD10220021384616F0B3FB668704
S3150800B530207D354EC4E90F5509FB0063DB6EAB422F
S3150800B54004D105B0BDE8F04FFFF7ACBD0DF10B0116
S3150800B5501FF050FE9DF80B50002D4CD1204615F0DB
S3150800B56028FE804603A9207D1FF064FE039B29461A
S3150800B570013B1FFA83FB04F118031D4610221846E7
S3150800B580D4F810A016F086FBA169204ACBF30A036B
S3150800B5901B010A4043F040731343C4E9063A237D6E
S3150800B5A0C4F8208009FB0366336F94F824205B08EF
S3150800B5B063F3410284F82420326F94F8243025F08E
S3150800B5C0030562F3000384F82430336F626A9B082C
S3150800B5D063F39F0245F002056262656400943A4689
S3150800B5E021460B4B207DFFF771FC207DFFF75AFDA6
S3150800B5F005B0BDE8F08F94F8443023F0020384F8D0
S3150800B6004430EBE72F200020000004500F80FFFC99
S3150800B610DF1102082DE9F7434469064694F8953088
S3150800B62063B194F898304BB1002384F8953020F034
S3150800B630C2FE236E012120469B689847336904F1B0
S3150800B6407C07013B102200213846D6F80C90D4F826
S3150800B65074809DB216F01EFB0B4BC5F30A0543EA30
S3150800B6600513C4E91F39012394F8780084F88C304F
S3150800B670C4F884803A46054B009604F16401FFF746
S3150800B68025FC03B0BDE8F0830000103095120208CF
S3150800B6902DE9F04F0026044698468BB0089106928D
S3150800B6A01E60069BB3EB060900F09F80089B9E1957
S3150800B6B000F09B80207DFFF7D9FC2046FFF7D8FED7
S3150800B6C00746207DFFF7EEFC002F40F08E802046CF
S3150800B6D015F06FFD216D94F89AB088429BBFD4E9A6
S3150800B6E01253ED18451A6D1A4D4528BF4D46BBF144
S3150800B6F0000F00F09F8020F05FFCD4F85090079070
S3150800B7002046FFF797FE4B46A946824658199842A7
S3150800B710D4F89C2072D1D4E912130B449A420798A4
S3150800B72008BFC4F89C1020F042FCD346207DFFF7E2
S3150800B7309DFC2046FFF77EFE0646204615F039FD9D
S3150800B740236D8246984240F28380A26CAEB2934241
S3150800B75076D1099304F12807236910223846002177
S3150800B760079316F097FA3022079B013EE362099B7E
S3150800B770C6F30A062363237D3601534327F00307DE
S3150800B78003F1A04346F0407647F0020703F580230D
S3150800B790A6621F67236DD4E912122B440A4493420A
S3150800B7A008BF0B469A45236505D10123204684F830
S3150800B7B05430FFF7A1FE207DFFF774FC94F89A3009
S3150800B7C03BB1BBF1000F04D0236E112120465B6804
S3150800B7D09847D8F80060B9F1000F06D0069B4E448A
S3150800B7E09E42C8F80060FFF45CAFD8F80030002B22
S3150800B7F014BF00201B200BB0BDE8F08F934203F165
S3150800B800010108BFC4F89C101B7808BF5F4603F007
S3150800B810FD0CBCF1110F03D006F8013B0B4676E789
S3150800B8202FB1A3F111025342534184F8A03009F114
S3150800B830FF39F3E72A46304616F037FAA94675E780
S3150800B840238DC3F30A12164466F30E132385A1E764
S3150800B850207D86B93023584300F1A04000F58020AA
S3150800B860426E436EC2F30A122A446FF30E1343EA7A
S3150800B870021343668EE70C4B049403930023CDE929
S3150800B880015301230093524623692146FFF75AFBC9
S3150800B8903022237D534303F1A04303F580235A6ED8
S3150800B8A022F480125A6675E7DF110208F0B50C46D5
S3150800B8B015460646A422002189B0204616F0EAF964
S3150800B8C02746AC46BCE80F000FC7DCF8003005F188
S3150800B8D0140C3B6004F16407BCE80F000FC7DCF8E2
S3150800B8E00030EA6A3B60AB6AC4E9132395F8302056
S3150800B8F0A36484F8992095F83320C4F89C30012372
S3150800B90084F89A2084F8A03084F85430AB6B236608
S3150800B91095F8343084F8943095F8313084F89830B6
S3150800B9203E4B346073603E4BB3603E4BF3603E4B18
S3150800B93073613E4BB3613E4B3361FFF795FA08B12D
S3150800B94012280CD107A8FFF72DFA40B9079B07A8BC
S3150800B9502375FFF727FA28B1207DFFF763FA102031
S3150800B96009B0F0BD0127079B84F87830314B736224
S3150800B970314B84F8A170F361304B95F8321033627D
S3150800B98084F8960084F89570204615F026FDAB6B72
S3150800B99093F91100FFF7E0F9AB6B93F91100FFF784
S3150800B9A0BFF9207DFFF762FB0028D8D1244B049409
S3150800B9B0CDE90203E36C2146CDE900732369A26C45
S3150800B9C0207DFFF7BFFA0028C9D13022237D4FF426
S3150800B9D08011534342F2640203F1A04303F5802326
S3150800B9E09950AB6B93F91000FFF7B6F9AB6B93F967
S3150800B9F01000FFF795F904F1900014F0B5FA3046F7
S3150800BA00FFF7B8F92046FFF777FD207DFFF74AFBD9
S3150800BA10003818BF01200001A2E700BFBD120208C6
S3150800BA204F12020891B60008A1110208A7110208D0
S3150800BA3043140208A5B40008DB130208AD11020876
S3150800BA40DF11020870B50568144E2C7D2046FFF7F5
S3150800BA500DFB302303FB0463DA6E114B9A420FD1B8
S3150800BA602846FFF7E7FC80B120F0A6FA01230D4A25
S3150800BA70A3405365A2F580529362536320F097FA68
S3150800BA802046BDE87040FFF70DBB2846FFF7F0FCDF
S3150800BA900028F5D10123A340B364F1E70000045060
S3150800BAA02F2000200020045013B50A4C23787BB9B8
S3150800BAB000F040F8684600F035F8DDE9000102229A
S3150800BAC0054B15F02DFF08B90123237002B010BDF0
S3150800BAD01220FBE7302000205411002007B5009300
S3150800BAE013460A460146034815F05AFD03B05DF8A9
S3150800BAF004FB00BF5411002013460A4601460148BC
S3150800BB0015F03DBE5411002007B5009313460A46AA
S3150800BB100146034815F03DFE03B05DF804FB00BF7F
S3150800BB2054110020024AD2E90021C0E900217047D9
S3150800BB307C1100200349044B044A5B1A11605360C8
S3150800BB40704700BFC0250020000004207C1100209B
S3150800BB50BFF35F8F074B5A6A22F480325A62D3F8D2
S3150800BB60942022F00102C3F89420BFF34F8FBFF34D
S3150800BB706F8F704700ED00E070B5FFF7E9FF234AC5
S3150800BB80234CD2F8C030234D23F0FF0343F0A00323
S3150800BB90AC422149C2F8C03028D025F01F03203B0B
S3150800BBA0B3F1005F23D21D4B0A68184823F01F0320
S3150800BBB043F00303C0F89820C0F89C30184B0132B4
S3150800BBC0C0F8A0300A60BFF35F8F05220F4BC3F899
S3150800BBD094205A6A42F480325A62BFF34F8FBFF3F9
S3150800BBE06F8FBFF34F8FBFF36F8F70BD0D4B086814
S3150800BBF00D4EC2F8980043F001030130AC42C2F87A
S3150800BC009C60C2F8A0300860DDD0CCE700ED00E00B
S3150800BC104023002080210020841100205F2300207B
S3150800BC20E1FF03200000042003000020BFF34F8F2C
S3150800BC300549064BCA6802F4E0621343CB60BFF3BA
S3150800BC404F8F00BFFDE700BF00ED00E00400FA05D6
S3150800BC5038B54160044620F0A6F905462146044851
S3150800BC6014F085F92846BDE8384020F097B900BF9A
S3150800BC708811002038B5054620F095F9044629466E
S3150800BC80034814F087F92046BDE8384020F086B905
S3150800BC9088110020014814F067B900BF88110020F8
S3150800BCA070B520F080F9134D0446134820F001FBC7
S3150800BCB02E7896B900F0AEF9FFF7ECFF20F0BBFC42
S3150800BCC00E4B1E601FF0C6FF0D4B0E4A1860536FD1
S3150800BCD043F00103536715F045FE00F09DF815F093
S3150800BCE057FE094B1860012320462B7020F056F9A1
S3150800BCF0002070BD3D2000206CCD02088C1100206C
S3150800BD00B4110020004000509011002038B50446B8
S3150800BD1020F049F90F4D02462B78FF2B04D1B4B118
S3150800BD20BDE8384020F03AB91BB9002CF8D00121FB
S3150800BD3003E0002C14BF0121FF210B44DBB22B705A
S3150800BD40B3FA83F304495B0910460B70E8E7194612
S3150800BD50F3E700BF3A20002039200020054B1B6876
S3150800BD605843054B00F5742000F23F20B0FBF3F072
S3150800BD70704700BFB411002040420F0010B5094BB0
S3150800BD801B786BB1084C237853B11FF071FD002363
S3150800BD90064A237013700123054A1370054A137067
S3150800BDA010BD00BF3C200020372000203620002090
S3150800BDB03220002031200020034B1B7813B10122CA
S3150800BDC0024B1A70704700BF3C2000203720002025
S3150800BDD073B50F4E04463378834211D000238DF88D
S3150800BDE00430430001A88DF805300A4DFCF734FEEF
S3150800BDF040203CB1FFF7B2FF2B68181A2860347050
S3150800BE0002B070BDFFF7AAFF2B681844F6E700BF1B
S3150800BE10A8250020B811002073B5002401A88DF8C4
S3150800BE200440FCF7B1FE2046224CFFF7D1FFD4F8B8
S3150800BE300031214A03F0030313604FF480121F4BAD
S3150800BE401F4D5A664FF400325A661FF03DFC1D4BD3
S3150800BE501B780BB3D4F8003103F00303022B23D06D
S3150800BE60032B24D0012B17D11EF080FE024698B171
S3150800BE70154B164EDC6800231946C4F30B0401342F
S3150800BE8004EB84040138E4FB060100F0E7FEFFF743
S3150800BE9065FF2B6803442B601F20FFF75FFF2B68A5
S3150800BEA003442B6002B070BD1EF0BEFEDEE71EF036
S3150800BEB063FEDBE700800050C411002000900050AC
S3150800BEC0B81100204020002000C0015040420F0059
S3150800BED00122114B10B55A67104B114C1B78A3B1B0
S3150800BEE0022020F097FB80B11FF004FF68B1A36D14
S3150800BEF0D90302D5E36D9A0703D4094B9B6DDB077B
S3150800BF0004D54FF48032044B9A6210BD0122054BCA
S3150800BF101A70FEF7DBFDF4E70050005A41200020B6
S3150800BF200040005A3E2000200122014B1A7070473B
S3150800BF304120002070B520F03FF8144E05463478AD
S3150800BF40FCB9134B1C60134B1C60134B1C6000F0B0
S3150800BF502BF8012020F074FB1FF0B2FF0F4B0246AE
S3150800BF60186020B9284620F022F8232070BD234601
S3150800BF7040F2E7310A4800F071FE0A4B18600123C7
S3150800BF803370284620F013F80020EFE744200020FD
S3150800BF90D8110020D4110020E0110020DC11002067
S3150800BFA018FCFFFFD011002010B5002486B014221B
S3150800BFB0214601A88DF8004015F06CFE01231348B0
S3150800BFC08DF8043020F075F9BFF34F8F6846FDF7FA
S3150800BFD031FB204601A98DF80440FDF73DFB2046BC
S3150800BFE00F211EF05FFE0F2120461EF061FEFDF7B1
S3150800BFF007FB1EF03BFE064B43209C61FEF7ACFE9A
S3150800C0004320FEF78DFE06B010BD00BF58CD0208CE
S3150800C01000800A5008B50A4820F04BF940F601524C
S3150800C02000210120FDF7B0F84FF496720021012097
S3150800C03014F08CF94FF48072024B9A6408BD00BF65
S3150800C0405CCD020800900A5008B5094820F031F97D
S3150800C05040F6016200210220FDF796F84FF492722D
S3150800C0600021022014F072F90022024B9A6408BDDE
S3150800C0705CCD020800900A5010B504461EF05CFD1F
S3150800C0800C4BA0F57A729A4212D84FF47A73B0FB29
S3150800C090F3F05C43084BB3FBF0F3B4FBF3F0022870
S3150800C0A006D9BDE810400323B0FBF3F0FAF748B908
S3150800C0B010BD00BFFFC99A3B40420F001FB56B4633
S3150800C0C0084ACDF80CD01068516803C3022302A9A8
S3150800C0D04FF0FF308DF808301DF0E8FF05B05DF829
S3150800C0E004FB00BF40CE02084FF0FF3001491DF0A7
S3150800C0F0DBBF00BF48CE020838B508460C461DF01F
S3150800C100D5FE034620B994E80700024D85E80700E6
S3150800C110184638BDE411002070B5042915461C469A
S3150800C120049E01D9212070BD02D11DF0B9FE014639
S3150800C1300B4B9A7A8A42F5D918680C2303FB01013E
S3150800C14015B1B1F904302B8014B1B1F9063023804A
S3150800C1500EB90020E7E7B1F908303380F9E700BFE8
S3150800C160E41100202DE9F0432A48DDF81C80847A82
S3150800C17094424BD90C246243D0F800E01EEB02042B
S3150800C18046D06089002843D0B4F90450B4F9066053
S3150800C1908D42B4F908701DDCB142A8BF3146002FA4
S3150800C1A036D000F1FF3C1FFA8CFC07FB0C594C1BE0
S3150800C1B094FBF7F44E45D8BF6046A4B2A04202D31A
S3150800C1C0B14218BF20465EF802C05CF820200CEB8E
S3150800C1D0800403E02946E2E7013880B218B154F832
S3150800C1E004ED7245F8D0B1421EBF17FB00F149199C
S3150800C1F009B2994203DD10B1013880B2E5E70020A3
S3150800C200C8F80020A8F80410BDE8F0830E20FBE764
S3150800C2100220F9E7E411002008B506494FF0FF307F
S3150800C220FFF76AFFBDE8084001214FF0FF301DF017
S3150800C2303FBE00BFA8E202087FB50222084B0949A3
S3150800C240CDE901234FF00073CDE90313072301A9B4
S3150800C2504FF0FF3005931DF04EFE07B05DF804FB66
S3150800C260006A18000002060030B585B00DF10B050E
S3150800C270012200211D20009503AB08F057FB044658
S3150800C280A8B92A4601211D2008F096FB044670B974
S3150800C290084D0949286814F023FF13F029FE13F006
S3150800C2A028FE9DF80B200549286814F019FF20463A
S3150800C2B005B030BD540E002028C902082DC9020851
S3150800C2C0014B186813F090BEAC23002037B500F078
S3150800C2D0D3FA00283ED0204B204C186813F07BFE7A
S3150800C2E008B1012834D18DF80700012200211D204C
S3150800C2F00DF1070308F04AFB054688B91849206876
S3150800C30014F0EEFE13F0F4FD13F0F3FD9DF807208C
S3150800C3101449206814F0E4FEFFF7A6FF0546C8B1E5
S3150800C3201149206814F0DCFE13F0E2FD13F0E1FD7C
S3150800C3302B460E4A0E49206814F0D2FE2846FBF713
S3150800C34037F80C49206803B0BDE8304014F0C8BE81
S3150800C3500125E5E703B030BDAC230020540E0020CC
S3150800C36028C9020848C9020863C9020868C9020838
S3150800C3706BC90208A3CC02087FB503689E4923F45B
S3150800C3807F4323F007038B42024600F0FD8009D85D
S3150800C3909A4A934232D002F5A022934200F0E980ED
S3150800C3A004B070BD96498B4200F0AE8101F1806100
S3150800C3B08B42F5D1B0F805001B28F1D10DF10B031E
S3150800C3C000930122002103AB08F0B0FA8D4C054614
S3150800C3D0002840F064819DF80B30002B40F07581F1
S3150800C3E0894B186813F0C7FE8849206814F078FE50
S3150800C3F013F07EFD13F07DFD854962E1854E814C83
S3150800C40030460BF05FF8054610B38349206814F0F0
S3150800C41067FE8249206814F063FE13F069FD13F085
S3150800C42068FD7F4B7F4A00937F496823206814F094
S3150800C43057FE7E492B467E4A206814F051FE284650
S3150800C440FAF7B6FF7B49206814F04AFE00BEFDE7FE
S3150800C450022130780BF070F8054610B36E49206853
S3150800C46014F03EFE6D49206814F03AFE13F040FDC4
S3150800C47013F03FFD6A4B6B4A00936B496D232068A6
S3150800C48014F02EFE69492B46694A206814F028FEE6
S3150800C4902846FAF78DFF6749206814F021FE00BE8A
S3150800C4A0FDE7A02200900346114630780BF024F8E9
S3150800C4B0054610B35849206814F012FE57492068FB
S3150800C4C014F00EFE13F014FD13F013FD544B554AE9
S3150800C4D0009355497623206814F002FE53492B46EB
S3150800C4E0534A206814F0FCFD2846FAF761FF5149C3
S3150800C4F0206814F0F5FD00BEFDE7022130780BF048
S3150800C5002FF8054610B34449206814F0E9FD43495D
S3150800C510206814F0E5FD13F0EBFC13F0EAFC404B41
S3150800C520404A009340497B23206814F0D9FD3F49CF
S3150800C5302B463F4A206814F0D3FD2846FAF738FF01
S3150800C5403C49206814F0CCFD00BEFDE73A4B18685C
S3150800C55013F046FD2D49206814F0C2FD13F0C8FCFF
S3150800C56013F0C7FC3549206804B0BDE8704014F0E4
S3150800C570B7BD244C2549206814F0B2FD13F0B8FC69
S3150800C58013F0B7FC2E49EEE71E4C20492068214ED1
S3150800C59014F0A6FD13F0ACFC13F0ABFC2949206897
S3150800C5A014F09EFD022130780AF0C6FF05460028E1
S3150800C5B04AD01949206814F093FD1849206814F0E8
S3150800C5C08FFD13F095FC13F094FC154B154A009358
S3150800C5D015499223206814F083FD14492B46144A02
S3150800C5E0206814F07DFD2846FAF7E2FE1149206816
S3150800C5F014F076FD00BEFDE7A0000601A0000100CC
S3150800C600A0000A03540E0020B423002028C90208FB
S3150800C6102DCA0208AB25002076CA020880C902087E
S3150800C62058E3020885C90208CBC902086BC9020883
S3150800C63068C90208D7C90208AC230020E8C902085D
S3150800C64005CA020819CA0208022130780AF088FFCA
S3150800C650054600283FF4A4AE4649206814F040FD7C
S3150800C6604549206814F03CFD13F042FC13F041FCE8
S3150800C670424B434A009343499723206814F030FD00
S3150800C68041492B46414A206814F02AFD2846FAF704
S3150800C6908FFE3F49206814F023FD00BEFDE73D49A3
S3150800C6A0206814F01DFD13F023FC13F022FC364914
S3150800C6B02B46364A206814F013FD2846FAF778FE0A
S3150800C6C03549206814F00CFD6AE6012B0DD1334B71
S3150800C6D0186813F04DFD3249206814F001FD13F077
S3150800C6E007FC13F006FC2F49EBE72A49206814F0EB
S3150800C6F0F7FC13F0FDFB13F0FCFB9DF80B202A4911
S3150800C700206814F0EDFC4BE6B0F805301D2B7FF4DD
S3150800C71047AE1389254CDB072068214922D514F03A
S3150800C720DFFC13F0E5FB13F0E4FB2149206814F065
S3150800C730D7FCFFF799FD054600283FF431AE1549A9
S3150800C740206814F0CDFC13F0D3FB13F0D2FB0E498E
S3150800C7502B460E4A206814F0C3FC2846FAF728FE32
S3150800C7600D4900E714F0BCFC13F0C2FB13F0C1FB43
S3150800C7701049F8E676CA020880C9020858E3020892
S3150800C78085C90208CBC902086BC9020868C902082C
S3150800C790D7C9020863C90208A3CC0208B42300203B
S3150800C7A028C9020837CA020840CA0208540E0020DF
S3150800C7B061CA020878CA020838B51D4D04462B68B6
S3150800C7C0834201D100F046F86B68A3422FD1194C79
S3150800C7D01949206814F084FC13F08AFB13F089FBCE
S3150800C7E002221649206814F07BFC022012F08EFF04
S3150800C7F005461149206814F073FC13F079FB13F011
S3150800C80078FB2A460E49206814F06AFC7DB10A496D
S3150800C810206814F065FC13F06BFB13F06AFB2068C4
S3150800C820084914F05DFCBDE8384014F00ABC38BD70
S3150800C830AC230020540E002028C9020890CA02081A
S3150800C840AECA0208CCCA02080022014B1A807047F9
S3150800C850DC1F002008B51FF0A6FB4FF6FF71054A3E
S3150800C86013888B421CBF01331380BDE808401FF0B4
S3150800C87095BB00BFDC1F002010B51FF094FB054ACE
S3150800C880148814B1631E012413801FF087FB204609
S3150800C89010BD00BFDC1F002010B50B4CC2B00AF05B
S3150800C8A0C3FF206801F0E0F860B115F0FAF848B166
S3150800C8B04FF48271206801AA15F03EFC10B901A850
S3150800C8C015F0E7F842B010BDE81B00200149024800
S3150800C8D0FDF74CBF78CD0208F0110020064B1B6807
S3150800C8E01A7A022A01D81AB97047032A00D0704763
S3150800C8F01B68024A13607047782300200C12002038
S3150800C90030B5204DA3B00BAC0FCD0FC495E80F0082
S3150800C91084E80F000023CDE90233CDE90733CDE9DA
S3150800C9201F3304930993184B13AC1B6801AD01938D
S3150800C9300FCD0FC4154B06AD2360154B18AC1B68FD
S3150800C94006930FCD0FC4134B13A92360124B0BAAE2
S3150800C9501D9320231E9301238DF87D300F4B10481D
S3150800C9602193104BFEF738FC04469DF87F304FF4B0
S3150800C970E130002B0CBF0321002113F0E7FA204613
S3150800C98023B030BDD4E50208D0CD02083C00015BD7
S3150800C990CCCD02084400015B452000208C230020F2
S3150800C9A0CC1200201012002029B9074B186803681A
S3150800C9B04BB1FFF747B8012905D1034B186803683F
S3150800C9C00BB114F077BD7047A023002008B50449C1
S3150800C9D00448FFF73DF9BDE80840FFF791BF00BFDF
S3150800C9E0A4230020F4120020014814F0A7BB00BFBE
S3150800C9F0CC120020014B5A6A18681047CC12002046
S3150800CA0008B5044813F0E2FABDE80840024813F0F6
S3150800CA10DDBA00BF0CE60208F4E50208014813F087
S3150800CA20A4BB00BF24E6020830B503687E4A23F497
S3150800CA307F4323F00703934289B040F0F380062230
S3150800CA4000211620794B07F0A1FF044618B3784D4C
S3150800CA507849286814F044FB7749286814F040FBA5
S3150800CA6013F046FA13F045FA744B754A0093754964
S3150800CA706C23286814F034FB73492346734A2868E4
S3150800CA8014F02EFB2046FAF793FC7149286814F037
S3150800CA9027FB00BEFDE70146082212206D4B07F072
S3150800CAA075FF044618B3624D6249286814F018FBEE
S3150800CAB06149286814F014FB13F01AFA13F019FAEE
S3150800CAC05E4B5F4A00935F497823286814F008FB99
S3150800CAD05D4923465D4A286814F002FB2046FAF7AA
S3150800CAE067FC5B49286814F0FBFA00BEFDE70146BF
S3150800CAF003221420584B07F049FF054618B34C4C3F
S3150800CB004C49206814F0ECFA4B49206814F0E8FA0E
S3150800CB1013F0EEF913F0EDF9484B494A00934949E9
S3150800CB208623206814F0DCFA47492B46474A2068D2
S3150800CB3014F0D6FA2846FAF73BFC4549206814F063
S3150800CB40CFFA00BEFDE70DF10F0104A80AF01CFD9F
S3150800CB50044618B3364D3749286814F0C1FA3649E1
S3150800CB60286814F0BDFA13F0C3F913F0C2F9334B71
S3150800CB70334A009333499523286814F0B1FA3249A9
S3150800CB802346324A286814F0ABFA2046FAF710FC16
S3150800CB902F49286814F0A4FA00BEFDE7BDF8143042
S3150800CBA001465BBAADF818309DF8133008228DF8A7
S3150800CBB01A30FF238DF81B30FE238DF81C309DF8A4
S3150800CBC0123018208DF81D30BDF810305BBAADF85C
S3150800CBD01E3006AB07F0DAFE054618B3144C1549A5
S3150800CBE0206814F07DFA1449206814F079FA13F0D5
S3150800CBF07FF913F07EF9114B114A00931149A523C9
S3150800CC00206814F06DFA10492B46104A206814F073
S3150800CC1067FA2846FAF7CCFB0D49206814F060FA43
S3150800CC2000BEFDE709B030BDA00001007EE602089F
S3150800CC30540E002076CA020880C902083CE602089B
S3150800CC40E3CA0208CBC902086BC9020868C9020808
S3150800CC50D7C9020875E6020871E6020853B94AB947
S3150800CC60002908BF00281CBF4FF0FF314FF0FF30E6
S3150800CC7000F0B2B9ADF1080C6DE904CE00F006F883
S3150800CC80DDF804E0DDE9022304B070472DE9F04F32
S3150800CC908C46099E04460F46002B48D18A42154603
S3150800CCA05ED9B2FA82F33BB1C3F120029F409D40A0
S3150800CCB09C4020FA02F217434FEA154E1FFA85FCEC
S3150800CCC0220CB7FBFEF10EFB117701FB0CF042EAD2
S3150800CCD00742904207D9AA1801F1FF3702D29042BB
S3150800CCE000F258813946121AA4B2B2FBFEF00EFBC6
S3150800CCF0102200FB0CFC44EA0244A4450BD92C196B
S3150800CD0000F1FF322CBF01270027A44502D9002FC6
S3150800CD1000F04381104640EA0140A4EB0C040021D0
S3150800CD201EB1DC400023C6E90043BDE8F08F8B4204
S3150800CD3006D90EB1C6E9000100210846BDE8F08F04
S3150800CD40B3FA83F1002951D16345C0F016818242B6
S3150800CD5040F213810846002EE7D0C6E90047E4E70B
S3150800CD60002A00F0AF80B2FA82F3002B40F0C280AE
S3150800CD708A1A4FEA154EAFB20121200CB2FBFEFC0F
S3150800CD800EFB1C2240EA024207FB0CF090420ED929
S3150800CD90AA180CF1FF382CBF4FF001094FF0000913
S3150800CDA0904203D9B9F1000F00F0F080C446121A78
S3150800CDB0A4B2B2FBFEF00EFB102200FB07F744EA12
S3150800CDC00244A7420ED92C1900F1FF322CBF4FF0AE
S3150800CDD0010E4FF0000EA74203D9BEF1000F00F076
S3150800CDE0D2801046E41B40EA0C4099E7C1F12005C1
S3150800CDF08B400CFA01F400FA01F922FA05F72CFA2D
S3150800CE0005FC8A401F4320FA05F3380C23431FFA12
S3150800CE1087FE1C0CBCFBF0F800FB18CC44EA0C445B
S3150800CE2008FB0EFCA4450ED93C1908F1FF3A2CBFA5
S3150800CE304FF0010B4FF0000BA44503D9BBF1000FCF
S3150800CE4000F0B880D046A4EB0C041FFA83FCB4FBB0
S3150800CE50F0F300FB134403FB0EFE4CEA0444A6451C
S3150800CE600ED93C1903F1FF302CBF4FF0010C4FF0DF
S3150800CE70000CA64503D9BCF1000F00F09F800346BD
S3150800CE8043EA0840A4EB0E04A0FB02EC6445734693
S3150800CE90E04602D307D1F14505D2BEEB02036CEB9F
S3150800CEA0070C0138E0465EB1B9EB030264EB0804EF
S3150800CEB004FA05F522FA01F3CC401D43C6E90054ED
S3150800CEC0002132E742082F464B08AC4642EAC172B7
S3150800CED0AE46C407110C92B241EA034142EA014246
S3150800CEE0B1FBF5F1B3FBF5F01F23A2EB0C0241EA07
S3150800CEF0004142E79D40C3F1200299409C402CFA2C
S3150800CF0002FC4FEA154E20FA02F2AFB2BCFBFEF85D
S3150800CF100A430EFB18CC110C41EA0C4108FB07FC2E
S3150800CF208C4550D9691808F1FF302CBF4FF001091C
S3150800CF304FF000098C4502D9B9F1000F30D0A1EBAA
S3150800CF400C01B1FBFEF808FB07FC0EFB181192B2A8
S3150800CF5042EA0142624534D2AA1808F1FF312CBFD1
S3150800CF604FF001094FF000096245BED2B9F1000F32
S3150800CF70BBD1A8F102012A44B7E7841A6CEB030275
S3150800CF8001201746E7E62C4402382BE7ACF1020CE1
S3150800CF902A440CE702392A44A5E62C440238BAE6A4
S3150800CFA0A5EB0C0CA8F102006144B1FBFEF808FBE6
S3150800CFB007FCCAE7A8F102083C4444E7023B3C44A4
S3150800CFC05EE7414691E7A1EB0C014046B1FBFEF84E
S3150800CFD008FB07FCB9E700BF704700BF08B5064B5A
S3150800CFE0044613B10021AFF30080044B1B6803B15C
S3150800CFF09847204614F0B5F80000000034140020C5
S3150800D0002DE9F7431D46574B04460E461F689046C2
S3150800D01027B13B6A13B9384600F034F9B8F1020F64
S3150800D02006D0B8F1010F00F29980002DC0F2968063
S3150800D030636ED90705D4A3899A0502D4A06D14F0A6
S3150800D04032FE2146384614F0D8FE616B41B104F130
S3150800D0504403994202D0384614F0C4FB00236363A4
S3150800D0600023A3616360A3891B0603D5216938469B
S3150800D07014F0B8FBA389B8F1020F23F44A6323F02E
S3150800D0800303A38160D001AB6A462146384614F0F3
S3150800D0908BFDA3891843A0812DBB009D284600F06F
S3150800D0A071FA0646002851D1DDF80090A9453FD10E
S3150800D0B04FF0FF35B4F90C3043F00202A28100228A
S3150800D0C0A26004F147022260226101226261626E57
S3150800D0D0D60704D4980502D4A06D14F0E5FD2846B9
S3150800D0E003B0BDE8F083002ED8D03B6A13B93846A2
S3150800D0F000F0C8F8B8F1010F266002BFA38943F013
S3150800D1000103A381B4F90C3013F00802C4E90465DD
S3150800D1101ED0D90745BF00226D42A560A26048BF50
S3150800D120A561626ED20701D49B0513D50025D6E703
S3150800D130484600F027FA06460028B9D0A3894D4686
S3150800D14043F08003A381D0E70025B3E7A946F5E7B6
S3150800D150A260E6E7A06D14F0A7FDE7E74FF0FF35FC
S3150800D160BDE700BFC4230020002310B50446836032
S3150800D170818119464366C28108228361C0E900336A
S3150800D180C0E904335C3014F085FD0D4B24626362FC
S3150800D1900C4BA3620C4BE3620C4B23630C4B9C4277
S3150800D1A006D003F16802944202D0D0339C4205D1DE
S3150800D1B004F15800BDE8104014F074BD10BD00BF5E
S3150800D1C04B1E02086D1E0208A51E0208CB1E020889
S3150800D1D0FC120020024A0349034814F0C7BC00BFEA
S3150800D1E0B8230020FB1D0208C823002041680C4B09
S3150800D1F0994210B5044601D014F0FFFDA168094B09
S3150800D200994202D0204614F0F8FDE168064B99428F
S3150800D21004D02046BDE8104014F0EFBD10BD00BF95
S3150800D220FC12002064130020CC1300200C4B0421B0
S3150800D2300C4A0D4810B51A600022FFF795FF0A4BF5
S3150800D240012209211C4603F16800FFF78DFF02221F
S3150800D25004F1D0001221BDE81040FFF785BF00BFDA
S3150800D26034140020D5D10008FC120020014814F01F
S3150800D2701ABD00BF65200020014814F015BD00BF87
S3150800D2806520002010B50446FFF7F0FF236A1BB19E
S3150800D290BDE81040FFF7F0BF044B2362044B1B6840
S3150800D2A0002BF5D1FFF7C2FFF2E700BFEDD100086A
S3150800D2B0341400200B46034902460868816800F0CA
S3150800D2C049B800BFC423002038B50023054D0446DD
S3150800D2D008462B6013F04BFF431C02D12B6803B1A1
S3150800D2E0236038BD3814002070B50D4B00260D4D4F
S3150800D2F05B1B9C10A64209D10B4D1FF021FA0B4B64
S3150800D30000265B1B9C10A64205D170BD55F8043B50
S3150800D31001369847EEE755F8043B01369847F2E799
S3150800D320B8250020B8250020B8250020BC250020F7
S3150800D33038B50023064D0446084611462B6013F0FF
S3150800D34011FF431C02D12B6803B1236038BD00BF0F
S3150800D350381400202DE9F04F0D469DB01446984626
S3150800D360064618B1036A0BB9FFF78CFF6B6ED9072F
S3150800D37005D4AB899A0502D4A86D14F094FCAB8940
S3150800D3801B0701D52B699BB92946304600F0A2FA3E
S3150800D39070B16B6EDC0704D54FF0FF301DB0BDE8E9
S3150800D3A0F08FAB899805F7D4A86D14F07DFCF3E7E8
S3150800D3B00023CDF80C804FF00109DFF8B4810993FA
S3150800D3C020238DF8293030238DF82A3023469A46B3
S3150800D3D013F8012B0AB1252AF9D1BAEB040B0BD0A5
S3150800D3E05B4622462946304614F083FC013000F09D
S3150800D3F0A780099A5A4409929AF80030002B00F03F
S3150800D4009F8000234FF0FF320AF1010A0493079325
S3150800D4108DF853301A93CDE905235446052254480E
S3150800D42014F8011B14F093FD049AD8B9D10644BF29
S3150800D43020238DF85330130744BF2B238DF8533020
S3150800D4409AF800302A2B15D0079A544600204FF038
S3150800D4500A0C214611F8013B303B092B4BD9B0B1D8
S3150800D460079214E0A0EB0803A24609FA03F3134354
S3150800D4700493D2E7039B191D1B68002B0391BBBFBE
S3150800D4805B4242F0020207930793B8BF04922378DF
S3150800D4902E2B0AD163782A2B32D1039B02341A1D0C
S3150800D4A01B6843EAE37303920593DFF8D4A00322CB
S3150800D4B02178504614F04BFD38B1A0EB0A00402203
S3150800D4C0049B013482401343049314F8011B06227B
S3150800D4D028488DF8281014F03AFD00283FD0264B2E
S3150800D4E01BBB039B073323F0070308330393099BEE
S3150800D4F03B4409936AE70CFB02320C460120A8E775
S3150800D500002301344FF00A0C19460593204610F8FB
S3150800D510012B303A092A03D9002BC6D00591C4E756
S3150800D5200CFB012104460123F0E703AB2A4604A9B4
S3150800D53030460093114BAFF300800746781CD6D1CE
S3150800D5406B6ED90705D4AB899A0502D4A86D14F079
S3150800D550ABFBAB895B063FF51FAF09981EE703AB2C
S3150800D5602A4604A930460093044B00F013F8E4E772
S3150800D57051CB02085BCB020800000000F31C02082E
S3150800D58057CB0208024B0146186814F028B900BFA9
S3150800D590C42300202DE9FF470F7E914680460C469E
S3150800D5A0782F9A460C9E01F1430207D8622F0AD8B3
S3150800D5B0002F00F0D280582F00F0B78004F1420601
S3150800D5C084F842703AE0A7F16303152BF6D801A157
S3150800D5D051F823F02DD6000841D60008BDD500081D
S3150800D5E0BDD50008BDD50008BDD5000841D6000840
S3150800D5F0BDD50008BDD50008BDD50008BDD50008B5
S3150800D60041D700086BD60008F7D60008BDD5000834
S3150800D610BDD5000863D70008BDD500086BD600083D
S3150800D620BDD50008BDD50008FFD6000833681A1D09
S3150800D6301B68326004F1420684F8423001239DE0FB
S3150800D64033682068191D3160060601D51D6803E098
S3150800D6504506FBD5B3F90050002D03DA2D236D429C
S3150800D66084F8433059480A2310E0216833680806CD
S3150800D67053F8045B02D4490648BFADB26F2F53482E
S3150800D680336059D10823002184F843106668002EB8
S3150800D690A66005DB21682E4321F0040121604DD0E8
S3150800D6A01646B5FBF3F103FB1157C75D06F8017D76
S3150800D6B02F460D46BB42F4D9082B0BD12368DF074A
S3150800D6C008D5236961689942DEBF302306F8013C14
S3150800D6D006F1FF36921B22614B4603AA21464046B5
S3150800D6E0CDF800A014F017FB01304CD14FF0FF30F5
S3150800D6F004B0BDE8F087236843F020032360782749
S3150800D7003348236884F845701F06316851F8045B6E
S3150800D71002D45F0648BFADB23160D90744BF43F0B3
S3150800D720200323601DB11023ADE72848E9E72368E5
S3150800D73023F020032360F6E70A23A4E71646BBE78F
S3150800D74033682568181D616930602E061B6801D587
S3150800D750196002E06806FBD5198000231646236186
S3150800D760BAE7336800211A1D32601E6862683046BF
S3150800D77014F0EDFB08B1801B606063682361002329
S3150800D78084F84330A8E72369324649464046D047DD
S3150800D7900130ABD023689B0713D4E068039B9842FB
S3150800D7A0B8BF1846A4E70123324649464046D04743
S3150800D7B001309BD00135E36803995B1AAB42F2DC72
S3150800D7C0EBE7002504F11906F5E700BF62CB02086E
S3150800D7D073CB0208B1F90C202DE9F041160705466E
S3150800D7E00C4651D44B68002B02DC0B6C002B49DD30
S3150800D7F0E66A002E46D0002312F480522F682B606A
S3150800D80031D0626DA389590705D56368D21A636B4F
S3150800D8100BB1236CD21A0023E66A216A2846B04760
S3150800D820421CB4F90C3006D129681D2945D8284A66
S3150800D830CA40D60741D50022D9046260226922600F
S3150800D84004D5421C01D12B6803B96065616B2F6052
S3150800D850C1B104F14403994202D0284613F0C2FF2D
S3150800D860002363630EE00123216A2846B047024677
S3150800D870501CC7D12B68002BC4D01D2B01D0162BEA
S3150800D88019D12F6000201DE00F69002FFAD09307E9
S3150800D8900E680F600CBF4B690023A6EB07088B6068
S3150800D8A0B8F1000FEEDD43463A46216A2846A66AD5
S3150800D8B0B047002808DCB4F90C3043F040034FF0B9
S3150800D8C0FF30A381BDE8F0810744A8EB0008E7E72D
S3150800D8D00100402038B5284B05460C46186818B193
S3150800D8E0036A0BB9FFF7CEFCB4F90C301A0721D43A
S3150800D8F0D80607D409222A6043F040034FF0FF30C8
S3150800D900A38130E0590712D5616B41B104F1440394
S3150800D910994202D0284613F065FF0023636300226C
S3150800D920B4F90C30626023F024032269226043F0C4
S3150800D9300803A38122693AB99A0501D5180603D5C1
S3150800D9402146284614F054F9B4F90C3013F00102B4
S3150800D9500AD00022A26062695242A261226942B9D3
S3150800D96013F08000C8D138BD990758BF6269A26014
S3150800D970F4E70020F7E700BFC423002038B50446C3
S3150800D980064D0846114600222A601A4613F0F1FB96
S3150800D990431C02D12B6803B1236038BD381400201C
S3150800D9A038B50446064D0846114600222A601A462E
S3150800D9B013F0E1FB431C02D12B6803B1236038BD89
S3150800D9C03814002038B50446064D0846114600228C
S3150800D9D02A601A4613F0DDFB431C02D12B6803B1FB
S3150800D9E0236038BD3814002038B50023054D044699
S3150800D9F008462B6013F0B3FB431C02D12B6803B116
S3150800DA00236038BD3814002030B5837985B001907D
S3150800DA101844C0680D4600F0380011F0EDFA0446C7
S3150800DA2028B901A814F070FC022005B030BD2946BB
S3150800DA30019814F073FC46220A490DF10F0014F000
S3150800DA40B2FB019904F10C0014F0F8FC48220549D0
S3150800DA500DF10F0014F0A8FB20461CF002F9002077
S3150800DA60E3E700BF84CB020813B5044678B1DC228D
S3150800DA7008490DF1070014F096FBE06814F07FFCE6
S3150800DA80DE22044603490DF1070014F08DFB2046FB
S3150800DA9002B010BD84CB020813B5044690B140F21B
S3150800DAA09E220A490DF1070014F07DFB04F10C00D3
S3150800DAB014F049FC4FF42872044604490DF1070096
S3150800DAC014F072FB204602B010BD00BF84CB0208DA
S3150800DAD0054B10B553F8204004B910BD20466368BD
S3150800DAE098472468F8E700BF541400200020134B19
S3150800DAF010B51870124B134CC3E90000124B206086
S3150800DB0018706060A06000F043FA80B2A0F10E03BE
S3150800DB106380A0F11403013060810C49201DE38065
S3150800DB2013F0F0FC20460A4913F0ECFC04F1080057
S3150800DB300849BDE8104013F0E5BC00BF6720002087
S3150800DB4054140020DE1F002066200020D0CB0208D7
S3150800DB50D9CB0208E3CB020870B5044648B31EF0D9
S3150800DB602BFA002363712379054613F0100605D0B6
S3150800DB7010232371BDE870401EF019BA0D4903F051
S3150800DB80030331F823203046013A21F823202146A1
S3150800DB90094C00F0EFF923781BB13046FFF798FFE0
S3150800DBA02670064B5B6813B10120FFF791FF2846E4
S3150800DBB0E0E770BDDE1F0020672000205414002017
S3150800DBC038B50446057A1EF0F7F9054B53F82520B3
S3150800DBD0226043F82540BDE838401EF0E8B900BF8A
S3150800DBE05414002010B5064B00F0E0001A78541CB7
S3150800DBF01C70044B03F8320003EBC203596010BDD6
S3150800DC00662000203C1400200023F0B50E4D0F4975
S3150800DC102C789C420FD951F833705E1C87424FEA24
S3150800DC20C3020ED10A490A440133A34202F108028B
S3150800DC3002D3013C2C70F0BD92E8030002E9030010
S3150800DC40F2E73346E5E700BF6620002040140020CF
S3150800DC503C1400202DE9F04F04468BB0059242078C
S3150800DC6048BF00F0F70402911EF0A6F9DFF894A168
S3150800DC7004F003060AEB86033AF826205B888046FA
S3150800DC809A4204F0EF094FEA860739D2002000F0DD
S3150800DC9053F90546A0B33AF8263001332AF8263058
S3150800DCA040461EF084F9002D40F0828023071DD5DA
S3150800DCB01F2C1BD904F0E003574403931EF07CF98C
S3150800DCC03AF82620AA467B88DFF838819A422CBF84
S3150800DCD04FF0000B4FF0010B464F1EF068F908EBAA
S3150800DCE086030693444B1B789A450ED3C4F38000EB
S3150800DCF080F00100494600F0010000F09FF86EE050
S3150800DD0001223E4B00251A70CAE73B78039A1A424D
S3150800DD1004D07B680193019B1B681BB90AF1010AB1
S3150800DD200837DFE709935A79D00709D51A795107D1
S3150800DD3006D5BBF1000F0CD189EA0202920708D07A
S3150800DD4001931B68002BEED1E5E701212B4A1170E0
S3150800DD5026E0019814F0F7FA90F804B0099009A89B
S3150800DD6014F0D2FA5946002000F068F81EF024F99B
S3150800DD70069B38F826205B8804909A4234BF4FF0F9
S3150800DD80010B4FF0000B03D2002000F0D5F80990E4
S3150800DD90099B002BD9D038F82620013228F82620EE
S3150800DDA0049807931EF003F9079B002BB3D01D4672
S3150800DDB0284614F014FC029B029AAB71059B85F861
S3150800DDC004901344EB710E4B5B6843B11EF0F4F8F4
S3150800DDD004460120FFF77CFE20461EF0E8F80948B5
S3150800DDE0452200EB8600294613F091FB28460BB026
S3150800DDF0BDE8F08F3C140020662000206720002034
S3150800DE0054140020DE1F00200022014B1A607047C0
S3150800DE105C14002010B504461EF0CEF8064B1A68AE
S3150800DE202AB91C602260BDE810401EF0C0B81B6805
S3150800DE30A342F4D110BD00BF5C14002070B505469E
S3150800DE400E46054B1C6804B970BD63683146284602
S3150800DE5098472468F7E700BF5C1400202DE9F047CF
S3150800DE604FF6FC7700251646DFF8748003311A4B07
S3150800DE7008EB00140F404FEA001A1B6862808146BF
S3150800DE8028F80A7002FB07F0E560984717FB06F3C7
S3150800DE909BB2024660602381E0B11049204651F8E2
S3150800DEA0291013F031FB29462289606813F0F2FE27
S3150800DEB029462B469E4205DC0020D044A8F802607D
S3150800DEC0BDE8F0876268E068551850500133E56090
S3150800DED03944EFE71A20F3E76014002088E60208C1
S3150800DEE06814002010B5094C04EB001463682BB1C4
S3150800DEF0204613F00BFB606814F010FD2046BDE8C1
S3150800DF0010401022002113F0C5BE00BF681400207F
S3150800DF10034B0201C3E900100021024813F0BABE00
S3150800DF2060140020681400200022024BC3E9002276
S3150800DF30704700BF6014002038B5094B020103EB97
S3150800DF400014E568204629469A5A13F0E0FA25B1E6
S3150800DF502B68E3606388013B6380284638BD00BFB1
S3150800DF6068140020024B03EB00139878704700BF33
S3150800DF7068140020054B03EB0010C3680B60438848
S3150800DF80C1600133438013F0C3BA00BF6814002090
S3150800DF90044A010102EB0013505A10B11B89B3FB66
S3150800DFA0F0F070476814002038B5124D2B78FBB98D
S3150800DFB0114B002808BF1846046804B91C680D20D0
S3150800DFC00E49FFF7A5FF5423B4FBF3F200235121B2
S3150800DFD0184692B2FFF742FF044620B1FFF7A4FFA6
S3150800DFE01924204638BDFFF781FD01232B70F8E779
S3150800DFF01224F6E76820002068C702080DE000082A
S3150800E0000149084613F07EBABCE60208012838BF63
S3150800E010012038B5C41C24F00304204613F0A3FBE2
S3150800E020054601462246084813F071FA2DB92146DD
S3150800E0300220FFF703FF284638BD2246002128465E
S3150800E04013F028FEF7E700BFBCE6020830B5427EAB
S3150800E050037E0446B2EB931F4FF0000589B03CD20D
S3150800E0605200214821491341CDE9040103F0030375
S3150800E070E17D253304A88DF81930CDF81A50ADF88E
S3150800E0801E508DF8181000F015FD627ECDE9015579
S3150800E090A38A03950AB9DA071CD5012223F00103DE
S3150800E0A09BB2A3828DF8082003F00C03003B18BF2F
S3150800E0B00123A27D5B0001A88DF80A308DF809209E
S3150800E0C014F08AFE206A16F0C6FF637E0133637673
S3150800E0D009B030BD22680192E6E74577312009B0DC
S3150800E0E0BDE8304003F0D0BFD6BE898E55555500E1
S3150800E0F0212810B50C460ED18B8A9B0707D40848F1
S3150800E10003F05CFF2046BDE81040FFF79FBFBDE85F
S3150800E110104004F053BCBDE8104014F03EBC00BFEC
S3150800E12025E10008F0B553280C4685B00FD05528D0
S3150800E13074D0512878D18B8A03F00C03002B6DD04C
S3150800E1400120897D05B0BDE8F04000F067BA0027D8
S3150800E150204603A9039714F0E3FB054600285BD085
S3150800E160037803F00F03032B2BD1206A16F06EFFFA
S3150800E170A18A0646C1F38001284617F018F8002838
S3150800E1804AD1294680233246204616F0DAFF05464C
S3150800E190002841D1274803F011FF294604F124003D
S3150800E1A016F070FE0646A17D284600F021FA304694
S3150800E1B016F051FF2046039905B0BDE8F04014F06B
S3150800E1C0DFBB052B28D1206A16F040FFA18A04F18F
S3150800E1D048030193C1F3801306460093C1F3001266
S3150800E1E03B462846C1F3C00116F0E9FFA0B9294607
S3150800E1F04FF480733246204616F0A3FF054658B9F9
S3150800E200039816F06FFE00F083FB3120657705B0A2
S3150800E210BDE8F04003F038BF00F07AFB204605B0B1
S3150800E220BDE8F040FFF712BF05B0BDE8F04014F0B6
S3150800E230B4BB00BF39E20008512810B50C4607D117
S3150800E240054803F0BBFE2046BDE81040FFF7FEBEBA
S3150800E250BDE8104014F0A1BB25E1000801200149E2
S3150800E26003F09ABEF1E0000821281FB50C4634D108
S3150800E2701C4803F0A3FE04F1100000F01BFC94F800
S3150800E280240016F0D8FD94F82030626813F00103D4
S3150800E29094F8221012D00023CDE90233A368684609
S3150800E2A013440193012300928DF80A308DF80B1060
S3150800E2B08DF80C3000F0D4F904B010BDCDE9013367
S3150800E2C00223684600928DF805108DF8063014F082
S3150800E2D083FD204614F0E6FBEEE704B0BDE81040E7
S3150800E2E014F063BB112B02080320014903F054BE46
S3150800E2F069E2000837B5174D0446EB6993F87D20A7
S3150800E30012B9002003B030BD01281AD002280CBF6C
S3150800E310022201228DF8042001228DF805209A6F29
S3150800E320286922F044029A6701A91BF054FD0028C7
S3150800E330E8D1012C07D1EA69936F43F0400393674C
S3150800E340DFE70422E6E7022CDBD1EA69936F43F0A4
S3150800E3500403F4E7C80A002037B5184D0446EA69ED
S3150800E36092F87D3013B9002003B030BD01281CD0C7
S3150800E37002280CBF022301238DF8043001238DF8EF
S3150800E3800530936F286923F4805323F002039367BB
S3150800E39001A91BF036FD0028E6D1012C07D1EA6950
S3150800E3A0936F43F002039367DDE70423E4E7022C47
S3150800E3B0D9D1EA69936F43F48053F4E7C80A002079
S3150800E3C00422F0B51D4E0546F36985B083F87C2016
S3150800E3D0407914F0EFFC2C79074694B1A879FFF739
S3150800E3E089FF044638BB01466A79012014F0C0FC4F
S3150800E3F03B4622467179306905B0BDE8F0401BF00E
S3150800E4008BBC2B6868790394029314F0D3FC0090B4
S3150800E41022467179306902AB1BF080FC044650B97C
S3150800E420A879FFF767FF044628B9024601216B79E8
S3150800E430286814F09EFC204605B0F0BDC80A0020E6
S3150800E440014B18691BF0D0BDC80A0020014B18699A
S3150800E4501BF0CCBDC80A0020F8B51DF0ADFD064678
S3150800E460164FFB6993F86F4093F86E300434E41A3C
S3150800E470E4B20CB9042507E0012014F0BAF8014605
S3150800E48088B9C4F10405EDB230461DF090FD44B1DB
S3150800E490FA694FF00060936F43F01003936703F037
S3150800E4A00FFF2846F8BD064813F0D2FFFA69013C6B
S3150800E4B092F86E30013382F86E30D9E7C80A002028
S3150800E4C0DC0A00202DE9F843DFF86C800546D8F809
S3150800E4D01C3093F86E4093F86F30E41AE4B298B1A2
S3150800E4E01DF06AFD2E460746306820B1042C0ED171
S3150800E4F0304613F009FF29680E4813F09FFF384687
S3150800E5001DF055FD00232B602046BDE8F883D0F8A2
S3150800E510009014F064F83368D8F81C20C3F800900B
S3150800E52092F86E30013401333668E4B282F86E3000
S3150800E530DAE700BFDC0A0020C80A00202DE9F0410E
S3150800E5404FF0000882B00546CDF8048038B3154F61
S3150800E55001AC0AE023601B687B612368C3F800806E
S3150800E5602668453D002D344610DD7B69002BF1D128
S3150800E570012014F03EF8064620600028F1D101A8D3
S3150800E580FFF7A0FF304602B0BDE8F081019E304695
S3150800E590737943F00103737102B0BDE8F081064652
S3150800E5A0F5E700BFC80A002008B504F031F8024BA9
S3150800E5B01030D86108BD00BFC80A002038B5044627
S3150800E5C00A4DFFF7F1FFEB692A689A6764B1A088DC
S3150800E5D003F078FC03F092FC0122EB6983F87C20B7
S3150800E5E0FFF73AFF002038BD0120F3E7C80A0020EC
S3150800E5F0042238B5084B0D46DB6983F87C20FFF703
S3150800E60079FE044608B100F0B7FB2A46002101202E
S3150800E61014F0AEFB204638BDC80A0020022238B5E1
S3150800E620094B0D46DB6983F87C20FFF795FE044607
S3150800E63008B100F0A1FB2A460021012014F098FB3E
S3150800E64014F0B5FB204638BDC80A0020034A1368F3
S3150800E65023F40043136000F065BD00BFC80A00201C
S3150800E6607FB52D4E0446F569102295F87C300021B9
S3150800E670022B14BF02230823684685F87C3013F062
S3150800E68009FB237A002B3DD001238DF804306368FB
S3150800E6900293A37A53B195F87D0003F0FDFB029B24
S3150800E6A002881344029301238DF80D30637A207B88
S3150800E6B08DF80E30FFF750FE0546C0B9E07A14F023
S3150800E6C079FB6A460346717930691BF029FB0546D2
S3150800E6D068B9F369227AB3F87A10E37A01F001018E
S3150800E6E09AB11A46012014F043FB14F060FBF26954
S3150800E6F0936F23F48033936715B1284600F03CFBEB
S3150800E70004B070BD23680093C1E70A46206801215A
S3150800E71014F02FFBE9E700BFC80A0020F0B51B4B31
S3150800E72087B0DD6995F86C4004EBC404A600AF59C0
S3150800E73005EB840417B1204607B0F0BD1A79A77314
S3150800E7406273032101AA1869A7601BF0B8FBA851D8
S3150800E7502046039A049B1036AA513544BDF8082072
S3150800E7609DF804106B60BDF806300729A3EB020379
S3150800E770638308BFA368228308BF43F00103A78306
S3150800E780276208BFA36007B0F0BD00BFC80A002013
S3150800E79083689B0700D5704730B5154D87B004468A
S3150800E7A001686A4628691BF08CFB50B9238B628B7B
S3150800E7B06946134403332869ADF804301BF083FB1C
S3150800E7C008B107B030BD009B9DF90E00636000F0EC
S3150800E7D099FC2073EB699DF8111093F87D0003F0FE
S3150800E7E04FFBA368A07343F00203A36007B030BDD4
S3150800E7F0C80A0020F8B54FF6FF741E46A142038BDF
S3150800E800B0F81AC008BF818B9C4418BF8183614544
S3150800E810054636DA4FF6FF708242ACEB010C02D0A1
S3150800E8209445A8BF94468B421FFA8CF407D8002754
S3150800E830A74216D3AB8B38463B44AB83F8BD5B1A6D
S3150800E840A342A8BF23462A69304611449AB21746FE
S3150800E85013F0D7FF80B2B84218D1298BA7420B46CE
S3150800E860E8D23046C91AE61B6B69B6B2324613FAC5
S3150800E87081F113F0C6FF80B2361AB6B226B927461A
S3150800E880D8E700273846F8BD384480B20746AB8B30
S3150800E8901844A8833846F8BDF8B524260F4FFC69F6
S3150800E8A094F86D3006FB0344214614F09EFA05469B
S3150800E8B01DF082FB0022F969226291F86D305E43F1
S3150800E8C08A5103220133B3FBF2F202EB42029B1A8E
S3150800E8D081F86D301DF06BFB2846F8BDC80A00208C
S3150800E8E02421044BDB6993F86C2001FB023114F0F8
S3150800E8F07CBA00BFC80A0020044BDA69926F9205F9
S3150800E90003D5002118691BF0F4BA7047C80A00201D
S3150800E91010B5154CE36993F87C30012B08D000221A
S3150800E9201146104614F024FA0122E36983F87C2084
S3150800E9300122032120691BF0EAF90022012120693E
S3150800E9401BF0C3FAFFF7D8FF002014F037FA14F0CB
S3150800E95037FA002014F035FAE269936F23F48473CA
S3150800E96043F4C043936710BDC80A002010B51DF0D4
S3150800E97023FB0446FFF7CCFF074B5620DA69B2F8AB
S3150800E98076300133A2F8763003F0C6FB2046BDE8A0
S3150800E99010401DF00CBB00BFC80A002010B5114C72
S3150800E9A0E269936F190704D523F008039367FFF705
S3150800E9B0DDFFE269936FD80604D523F01003936749
S3150800E9C0FFF74AFDE269936F990609D523F02003FC
S3150800E9D0936704F029F818B1BDE81040FFF7C6BFE1
S3150800E9E010BD00BFC80A002008B5FFF791FF00F068
S3150800E9F099FB094A1368D16923F4004313605369E4
S3150800EA000022501C23B981F86E2081F86F3008BDAA
S3150800EA1002461B68F5E700BFC80A0020014B1869C3
S3150800EA201BF077BAC80A0020002208B5104611461E
S3150800EA3014F09EF9034B186909F0FEF914F0BDF9B4
S3150800EA4008BD00BFC80A0020024B5878C0F38000F2
S3150800EA50704700BFC80A002038B5154C0546E3695B
S3150800EA6093F87D3083420ED0431E042B08D8DFE886
S3150800EA7003F0030B0F141600206909F00FFE10B9F6
S3150800EA80E36983F87D5038BD206914F09CF9F6E7F0
S3150800EA900021206914F099F9F1E70221F9E7FFF757
S3150800EAA0D3FF0028ECD0206914F091F9E7E700BFFE
S3150800EAB0C80A00207FB50446114E407A00253071F9
S3150800EAC014F037F97071207AFFF7C6FF6368694654
S3150800EAD00093236830690193637A8DF80A50ADF87C
S3150800EAE00830ADF80C501BF0D3FA2A4629462846BA
S3150800EAF014F05CF9206814F062F904B070BD00BF28
S3150800EB00C80A002038B50B4C05462368206923F44B
S3150800EB10806323601BF06CFA38B10DB9002038BD4C
S3150800EB20236843F480632360F8E7002DF6D00C20B1
S3150800EB30F5E700BFC80A0020F0B53B4C0746216838
S3150800EB4089B011F0010165D12022204613F0A2F800
S3150800EB5036481BF0EFF8064610B1102009B0F0BD94
S3150800EB60334D344B01A82B6003F056FD029B20461B
S3150800EB70AB82019B32462B622F4B29461B886B8240
S3150800EB802E4B1B68EB612E4B1B882B822D4B1B686B
S3150800EB90AB614FF0FF3340F8103F09F0F1F8002859
S3150800EBA0DBD1BB68DB0237D4012000F0F1FA00287C
S3150800EBB0D3D102224FF0FF3120691BF051F900280A
S3150800EBC0CBD10120FFF79EFF20691BF036FA0028FB
S3150800EBD0C3D11D4E01AD0FCE0FC596E8070085E8D7
S3150800EBE00700206901A909F0D5F90028B5D1012146
S3150800EBF0206909F02BF90028AFD1144A1449206975
S3150800EC0014F0B8F800F002FA0028A6D1236843F0F9
S3150800EC10010323600020A1E70E49206909F0EEF8F8
S3150800EC200028C1D099E700BFC80A0020690345EC4F
S3150800EC3038150020A1ED000884E9020888E90208D1
S3150800EC4086E902088CE90208CCE602082F2D02089C
S3150800EC505D2D0208C6E6020870B505460E4614463E
S3150800EC600AB114F0A5F80448234632462946BDE8F9
S3150800EC70704000691BF021B9C80A0020024BDB6905
S3150800EC8093F87D00704700BFC80A0020044BDA6974
S3150800EC90936F034393674FF0006016F097B900BF70
S3150800ECA0C80A002038B500F003FE324C28B3857D2B
S3150800ECB025BBE36993F87C20022A10D1B3F87220A9
S3150800ECC053200132A3F8722003F026FA012014F02B
S3150800ECD078F82421E26992F86C304B43D550E26902
S3150800ECE092F86E3092F86F209B1ADBB2032B40D84D
S3150800ECF0BDE838401020FFF7C9BFFF25284603F0B6
S3150800ED0053F9002831D0E36993F87C20022AE6D12A
S3150800ED10B3F8722053200132A3F8722003F0FCF9ED
S3150800ED20012014F04EF823681D0407D5E36993F80B
S3150800ED307C30012B02D0522003F0EEF92422E1693F
S3150800ED4091F86C305A4388188068C0F380054007EC
S3150800ED5041BF03220133B3FBF2F202EB420246BF84
S3150800ED609B1A81F86C308D50B9E7322003F0D4F93C
S3150800ED70B5E738BDC80A002038B505461DF013F9B1
S3150800ED800446064B0820DB6983F87E50FFF77EFFB2
S3150800ED902046BDE838401DF001B900BFC80A00206A
S3150800EDA0F8B515461C4606461946104614F004F8EA
S3150800EDB02A462346304614F060F84E4ED6E902231A
S3150800EDC000EA020401EA03050D2C75F100034DD291
S3150800EDD00D2C75F1000318D3474B23402BB124F0B3
S3150800EDE0011323F4A0432B4376D004F17F432B432E
S3150800EDF065D0610152D5F369996FCA054ED521F4DC
S3150800EE00807193F87C20996726E00C2CE4D801A33E
S3150800EE1053F824F06BEE0008D9ED0008D9ED000888
S3150800EE20D9ED0008B9EE0008D9ED0008D9ED0008BB
S3150800EE30D9ED00084FEE0008D9ED0008D9ED000815
S3150800EE40D9ED000849EE0008002013F0BAFFFFF7D5
S3150800EE5029FFF36993F87C20082A04BF022283F865
S3150800EE607C202046294613F086FFF8BDA4F580438A
S3150800EE70083B2B43B0D1FFF715FFF36993F87C20C5
S3150800EE80022AE9D140F60201986F814318BF012290
S3150800EE90552083F87C2003F03FF9DAE71DF083F864
S3150800EEA064220746F369082083F87E20FFF7EEFE02
S3150800EEB038461DF073F8CCE713F084FFC9E7F2690A
S3150800EEC05120B2F870300133A2F8703003F024F9FB
S3150800EED0012013F076FFBCE7F36993F87C20012A3A
S3150800EEE0BFD040F60202996F8A4314BF012202225C
S3150800EEF0CEE700BFC80A00200150010030B50C4615
S3150800EF000021054685B009480091006903AB0DF15B
S3150800EF100E02FDF701F915B1BDF80E302B8014B1BC
S3150800EF20BDF80C30238005B030BD00BFC80A0020EC
S3150800EF3013B504460DF106010020FFF7DFFFBDF902
S3150800EF400600074BC828A8BFC820A042A8BF20466D
S3150800EF50B3F904209042B8BF1046588002B010BDDD
S3150800EF60EA1F002070B586B0ADF80C20ADF80E305B
S3150800EF704FF0C8124FF08213ADF80800ADF80A102A
S3150800EF8000200DF10601CDE90423FFF7B7FF02A81B
S3150800EF9004220346BDF9066004ACB0F9001034F942
S3150800EFA0025BB142A8BF3146A942A8BF2946013A29
S3150800EFB012F0FF0220F8021BEFD103CB034AC2F876
S3150800EFC00600C2F80A1006B070BD00BFEA1F00208E
S3150800EFD013B5044600210DF10600FFF78FFFBDF9B2
S3150800EFE00600084A084B9042B8BF1046A042B8BF70
S3150800EFF02046B3F902209042A8BF1046988002B076
S3150800F00010BD00BFD4FEFFFFEA1F002038B5144B21
S3150800F0100021186912F02BFD0446E8B947F6FF737C
S3150800F02010498D1E086048608860881C21F8023CDB
S3150800F030FFF764FFB5F90420B5F902309A420DDCF2
S3150800F040C820FFF775FF0848FFF7C2FF64231A4672
S3150800F05019461846FFF786FF204638BD1024FBE7F9
S3150800F060C80A0020EC1F0020D4FEFFFF084B10B58D
S3150800F070B3F9024030B903EB4103B3F904309C42BB
S3150800F080A8BF1C46A242A8BF2246104610BD00BF14
S3150800F090EA1F00200346044AB2F904001BB1034BD9
S3150800F0A01B8BC01A00B27047EA1F0020C80A00204E
S3150800F0B0C82838B50EDC084B084D1A8B801AB5F9E6
S3150800F0C0002004B2A24205D02146186909F0FEF8CC
S3150800F0D000B92C8038BD00BFC80A0020EA1F0020EE
S3150800F0E08BB200294FF00A01B4BF053B05339BB22A
S3150800F0F01BB293FBF1F3024A10835383704700BF98
S3150800F100C80A0020024B5B8BC01A40B2704700BF8A
S3150800F110C80A0020024B1B8BC01A00B2704700BFFA
S3150800F120C80A00200022044BDB691A605A629A64F6
S3150800F130A3F86C20704700BFC80A00200A4B418B11
S3150800F140DA6992F86E3092F86F209B1A5BB203EB7D
S3150800F150031203EB8203028B50180A30834234BF32
S3150800F16000200120704700BFC80A0020074B418BCA
S3150800F170DA69038B0B4445214E33B3FBF1F392F85E
S3150800F1806F100B4482F86F30704700BFC80A002022
S3150800F19007B50A490A4AD1E90203024343F02003A4
S3150800F1A0C1E90223CDE900234FF0FF324FF0FF33C8
S3150800F1B008691AF028FE03B05DF804FBC80A0020A7
S3150800F1C00DD50155054A08B59268824205D042799F
S3150800F1D042F00302427108F01FFC08BD5C150020CE
S3150800F1E010B5074813F090F8054B1C46181D13F088
S3150800F1F08BF804F10800BDE8104013F085B800BF8D
S3150800F2005C15002010B5022013F0F3F9034C60607A
S3150800F210022013F0EEF9A06010BD00BF5C150020B7
S3150800F22008B5FFF7DDFF0022024BDA60BDE80840AB
S3150800F230FFF7E8BF5C150020014B5868704700BF10
S3150800F2405C150020014B9868704700BF5C150020CC
S3150800F25038B5104DEB681BB1EB6898470023EB6097
S3150800F2602B688BB10B4813F06EF8044660B12B6817
S3150800F2701BB14FF0004015F0A9FE204613F06AFEB8
S3150800F28018B1204613F068FE38BD204617F073FA09
S3150800F290FAE700BF5C15002010B5084CE0604FF097
S3150800F2A0004015F093FE00BF00BF00BF00BFE36833
S3150800F2B01BB1E36898470023E36010BD5C15002086
S3150800F2C038B5827943790244527B044612F0300FEE
S3150800F2D006BF23F0020343F0010303F0FC03437166
S3150800F2E01CF06AFE05462146054813F0A7F84FF0BC
S3150800F2F0004015F06BFE2846BDE838401CF057BEA6
S3150800F3005C1500202DE9F041244E00217468FE208A
S3150800F310A57900F09DFC074613F0EAFD50B141F2CD
S3150800F3200C00C2B20023B06842F20501BDE8F04104
S3150800F33013F013BE13F0DEFD0028F0D10C352C4473
S3150800F340237AE51C9B09022BE9D0012B18D9237ACD
S3150800F350A11C03F03F02073443F0C00311F8010F64
S3150800F3608C4242EA000203EA0003F7D1002AD6D00B
S3150800F370FF2BD4D057B9284615F0D0FD0020D0E78A
S3150800F380294615F0DEFD0028E1D0C8E729463846AB
S3150800F39014F002FB0028EED0C3E700BF5C1500207E
S3150800F3A010B5084C6068837918440F3002F0DCFE0B
S3150800F3B00023A0681A46BDE810404FF6284113F00E
S3150800F3C0CCBD00BF5C150020F8B507460D461646AD
S3150800F3D01C4623B9012013F00CF90446C8B10622CD
S3150800F3E00C21204613F0D4FD691EC9B2032988BF33
S3150800F3F00022A37998BF074A03F10C0398BF525C11
S3150800F400234420469F80DE70DA719A71FFF7DAFE90
S3150800F4100120F8BDE8E60208F8B5FFF70DFF837985
S3150800F4201844B0F80F60B0B201F006FC0446C0B14B
S3150800F43015F082FA0138C0B2032814D800270B4BFE
S3150800F4401C5CFFF7FFFE054604233A4642F23001EC
S3150800F45013F083FDAB790C33E818C6800472447246
S3150800F460F8BD0227EDE700242746EAE7E8E60208A2
S3150800F4702DE9F0411D46134307460C461646BDF8CE
S3150800F480188006D12046BDE8F0411A46194613F001
S3150800F490DDBE4146204617F07BFA78B1214638464C
S3150800F4A014F0BCFF40238674C5742146069338467B
S3150800F4B04346BDE8F041024A17F090BABDE8F0812C
S3150800F4C029330208F7B50E46054615F032FAB37920
S3150800F4D000780C3333445F789B7800EA10101F409D
S3150800F4E0384013F07BFE044668B9284613F07FFEC1
S3150800F4F0384013F073FE044628B9284615F01CFA5E
S3150800F50002F0B4FC04462846002115F0A5F8172198
S3150800F510304617F019FA304617F007FA31464470A4
S3150800F5208470284617F0F6F90321284614F0CDFF13
S3150800F53040220346009229460020024A17F04EFA56
S3150800F54003B0F0BDDD32020810B5074C2368DA06B1
S3150800F55007D523F01003236018B90220A16813F019
S3150800F5600BFC0023A36010BD6C150020F8B5002322
S3150800F570027D0446950703600CD550F8081FC90C90
S3150800F58001F4FC7141F0050116F0E7FD227D02F059
S3150800F590FD022275A06813F09DFF0546100703D5E6
S3150800F5A0FFF73CFA28446060194F62683E4656F8F1
S3150800F5B0041FAD1A79B921603460BB68E3B1607D78
S3150800F5C0597D884219D2217D09070FD5BDE8F84033
S3150800F5D00020FFF7B9BF886813F07CFF4B682B44FF
S3150800F5E01B1A002BE7DA0E460968E3E759681B6918
S3150800F5F00B449B1A002BE9DAF8BDD3E9011013F086
S3150800F60069FFE3681A44521AC242F5D5DEE700BF1D
S3150800F6106C150020014610B50446032013F0ACFB18
S3150800F620054B1B68D90305D4237D5A075CBF43F0F5
S3150800F6300203237510BD00BF6C150020014BD86866
S3150800F640DC3870476C15002018220021014812F09A
S3150800F65021BB00BF6C150020034B1B6803EA004062
S3150800F660003818BF012070476C15002030B5B8B1B6
S3150800F6704468ACB1104D2B691A4692B943B19A68E1
S3150800F6808A1A41BF5242B2FBF4F202FB044409193A
S3150800F6900A4C81604BB9036020602B7D01332B75C2
S3150800F6A030BD8242FCD01268E7E79A68521A002AEF
S3150800F6B0F1DA1C461B68EDE76C1500207C15002066
S3150800F6C040B1436833B1084B1A7D013A1A7553F8AD
S3150800F6D0102F02B970471A68904202D102681A6060
S3150800F6E0704713461268F4E76C15002038B50446CF
S3150800F6F0094D0846AB68A34201D1FFF725FF6A68A2
S3150800F700064B22B11A68A24202D122681A6038BD95
S3150800F71013461268F5E700BF6C1500207015002027
S3150800F7202DE9F3475C4E33685A0700F1B280B36897
S3150800F730002B40F0AE8056E8003F43F0040346E84D
S3150800F7400032002AF7D17468B4B1FFF767F901AA45
S3150800F750074601462046256913F0C4FE08B9204627
S3150800F76021E0019BA5EB03082568ADB9636808F19C
S3150800F770DC084344C6E9024356E8003F23F0040385
S3150800F78046E80032002AF7D1B468002C4DD102B001
S3150800F790BDE8F047FFF748B93946284601AA13F0ED
S3150800F7A0A1FE18B92846FFF735FFCCE7D5E901A031
S3150800F7B013F090FE2B7DAAEB0000DB0705D4019A17
S3150800F7C02B699B1AEA689B1A1844626802EB0803BD
S3150800F7D01B1A002B25DD984504D9E368801ADC330B
S3150800F7E083421DD994F8149019F0010F0DD1A06821
S3150800F7F013F070FE2369E9681A44A2EB0A02E3686B
S3150800F800521A121ADC339A420DDC6A7D637D9A42DB
S3150800F81007D219F0080FA2D0D5F80C802C4600E0C4
S3150800F82080462D68A1E78846F8E7A36813F4601FA9
S3150800F830C3F3C24526D100253368214643F0100399
S3150800F8400120336013F098FA1DB3A36804F1080584
S3150800F85013F4601F4FEAD341C3F3C24407D0013CF7
S3150800F860E4B201F4FC712846214316F076FC032124
S3150800F870284603F09BFC64B9284602B0BDE8F04769
S3150800F88003F07ABC04F1080003F02EFC0028D2D15C
S3150800F890D2E702B0BDE8F0876C15002008B5034B27
S3150800F8A0996809B113F068FA08BD00BF6C15002005
S3150800F8B0014B9868704700BF6C1500200C4B70B55B
S3150800F8C09C68844212D12146022013F055FAD4E9E5
S3150800F8D0016013F0FFFD0546FFF7A0F8801BE8421C
S3150800F8E021464CBF0120032013F046FA70BD00BF25
S3150800F8F06C150020114B70B59D682C692E6816B9D9
S3150800F9006868204470BD727D6B7D9A420FD8B068D6
S3150800F91013F0E0FD6FF0DB036A6871689B1A0B440D
S3150800F92029691B1A8B42D4BFD0185018EAE730460B
S3150800F93013F025FE0028EAD13668E0E76C150020AA
S3150800F940014B1878704700BF69200020437D0F4A95
S3150800F9501B01DBB282F81E3382F81F3382F821338B
S3150800F96082F8203382F8223382F8233382F824334C
S3150800F97082F8253382F8273382F82633037E23B9A3
S3150800F980037D1B01DBB282F8223C704700E100E0F0
S3150800F99037B5054602F0B6FC044698B92846FFF77F
S3150800F9A0D5FF2B8A0DF10601ADF804306B8A01A844
S3150800F9B0ADF8063013F0F2FD0122034B1A7020460B
S3150800F9C003B030BD0224FAE769200020982238B532
S3150800F9D00546164B00211C6B2D0202FB00442046EF
S3150800F9E012F058F9124B45F001051B6804F108009E
S3150800F9F0DB7800216375E58216F0A9FB4FF0082332
S3150800FA0063651323A4F858304FF60773A4F86030DB
S3150800FA10FF23084A84F86230074B2046C4E91E32A1
S3150800FA20C4E92232BDE8384014F09DBB8415002095
S3150800FA301016002055555500D6BE898E10B50A4BAE
S3150800FA4098241A6B93F834000023803AD9B2884276
S3150800FA5001D8002010BD013304FB03F151580029D9
S3150800FA60F4D00120F6E700BF84150020034B1B6B7A
S3150800FA70C01A034BC0105843C0B270478415002003
S3150800FA801BCA6B28F8B580F85E2000221E1E0D469C
S3150800FA900CBF4FF48C718C2180F85F20026A00F14C
S3150800FAA0080722F480720262C2680446026101F203
S3150800FAB06311384616F04BFB0120FFF7CDFD28B938
S3150800FAC0237D5A075CBF43F002032375A1683846B5
S3150800FAD0C1F3C84141F0A00116F03FFB5DB140F209
S3150800FAE07123B4F85620C2EB05125A43236A6262A0
S3150800FAF043F4807323621EB1236A43F4002323620E
S3150800FB000C4B1B68DB7863751CF056FA237D06469A
S3150800FB1043F00803237525B1FEF780FF636A0344A3
S3150800FB206362204613F003FD30461CF040FA0020BD
S3150800FB30F8BD00BF10160020F8B51F4683690446B5
S3150800FB40164613B1C9B1002515E00029FBD013F0FC
S3150800FB503CFF054678B9B4F858309B0710D5E36BD7
S3150800FB6073B912F046FDE06350B92946204614F0F1
S3150800FB708FFA41F207052846F8BD14F089FAE2E73C
S3150800FB80044B3A46A361314601232046FFF77AFF24
S3150800FB90D9E700BF7108010838B5044600284CD0DB
S3150800FBA0083003F0E9FA0025FF2304F1380084F849
S3150800FBB06130A56112F0A8FB04F1400012F0A4FB25
S3150800FBC004F1340012F0A0FB04F12C0012F09CFBA7
S3150800FBD004F13C0012F098FB04F1300012F094FB9B
S3150800FBE004F1440012F090FB154B186B154B201AC4
S3150800FBF0C0105843C0B213F0D0F80146284613F097
S3150800FC00C7F8A06C10B101F0D9FAA564E06C18B178
S3150800FC1013F05CF90023E364206D13F099F90023CF
S3150800FC202365FFF70BFF08B1002038BD064812F020
S3150800FC306BFB064812F068FBF6E741F24200F4E770
S3150800FC40841500201BCA6B28A8150020AC150020B7
S3150800FC50F0B5104B02461E6B93F834C035464FF08C
S3150800FC60FF3400239C4508DC91B1631C10D098230F
S3150800FC7003FB046080F86120F0BD95F861702846A2
S3150800FC809742F9D0FF2F08BF1C4698350133E9E79C
S3150800FC900020F1E784150020014BD86A704700BFA1
S3150800FCA08415002070B500249826074D95F8343041
S3150800FCB0A34201DC002070BD286B06FB0400FFF799
S3150800FCC06BFF0134F2E700BF8415002038B50A4DF2
S3150800FCD0FFF7E8FFEB6A13B100221A60DA8016F024
S3150800FCE042FA002495F83430A34200DC38BD204699
S3150800FCF0FFF76CFE0134F5E784150020F8B50546D4
S3150800FD0000249827074E96F83420E3B29A4201D881
S3150800FD100020F8BD306B297807FB030013F071FE4D
S3150800FD200134F0E78415002070B52D4C0646E06ACC
S3150800FD3018B1FDF711FF0023E3620025294812F0E8
S3150800FD40E3FAA562FFF7C2FF284613F02AF87EB940
S3150800FD500025032084F834602563E586FEF7C2F89B
S3150800FD60AE4217DC94F8340013F01BF830B970BDB6
S3150800FD70022012F03EFCE0620028E9D10025E06A84
S3150800FD8084F83450256338BB002013F00AF841F292
S3150800FD900700ECE706EBC60106EB4101C9002B4656
S3150800FDA00122032089B2FEF759F805460028E5D155
S3150800FDB00320FEF7C1F820630028DFD098222946E1
S3150800FDC0724311F067FF94F83430AB42CADD284617
S3150800FDD0FFF7FCFD0135F6E7FDF7BEFEE562D3E762
S3150800FDE084150020AC1500202DE9F04300268BB0C1
S3150800FDF0DFF8E08008AF98F83430B34202DC0BB085
S3150800FE00BDE8F0839823D8F8304003FB064494F8FD
S3150800FE106130FF2B0DD0236A980306D504F14409F7
S3150800FE20484612F0F8FA054628B9226A12F4A02FB5
S3150800FE301DD10136DFE7AB7939460C332B44D86838
S3150800FE409A7A1B8AC2F38012BB8000238DF81F2082
S3150800FE5038601A460DF11F0013F059F83B4628463C
S3150800FE609DF81F2094F8611013F0D6F8D8E7B4F877
S3150800FE70583003F01D031D2B17D13C23FF2100200A
S3150800FE80CDE90431CDE902000121CDE9000004F1F4
S3150800FE906903C2F3800216F009FBA8B94FF0805037
S3150800FEA00BB0BDE8F04302F00BBA12F4803F08BF6E
S3150800FEB03C214FF0000218BF432194F85F3094F8B4
S3150800FEC0610016F000FAE8E7236A23F4A023236208
S3150800FED0AFE700BF841500202DE9F74F99465A4B26
S3150800FEE088461B681646019305469DF830B00D9C5A
S3150800FEF0FFF7BCFD12F051FF98F8007082461EBB52
S3150800FF0000260021384602F055FFC7F38002C2EBEF
S3150800FF10C202024493B216FA82F2FF2A1CD9C3F12E
S3150800FF20FC039EB247F0100712F001FF2523B0FB31
S3150800FF30F3F202FB13010020C9B202F0EBFF4FF007
S3150800FF40010985F891000CE0304612F06CFA484534
S3150800FF50D6D9A0EB0906D4E7FB06B6B2C7F3001953
S3150800FF60E2D4BBF1000F01D095F858B000235A46E9
S3150800FF703946204615F0DBF9204615F00DFA2946D4
S3150800FF80204615F016FA5146204615F03BFA20464B
S3150800FF9005F1730115F091FAB9F1000F48D095F8FB
S3150800FFA0902095F89110204602F0DAFE2946204660
S3150800FFB015F092FA90B1019B6968DB68E2791944F9
S3150800FFC0A379286DD21A0C3353FA82F22244A0B3CD
S3150800FFD012F0B6FF0146204612F06DF9B9F1000F8E
S3150800FFE02FD0B5F99410204615F079FA51462046D7
S3150800FFF015F04AFA2946204615F06EFA20B1286D02
S3150801000010B1214612F09FFF3146204615F07BFAC2
S31508010010B9F1000F06D0284613F03EFD01462046E9
S3150801002002F0E6FE304688F8007003B0BDE8F08FAE
S3150801003095F8802095F88110B5E7E86C12F03FFF36
S31508010040C8E7B5F98410CEE7541600202DE9F04F1C
S3150801005001280C468DB007D0312800F09E810DB0DD
S31508010060BDE8F04F00F004BCDFF8E8820026404600
S31508010070B74B40F8246B1D6812F046F9D8F82830BA
S3150801008003B1DE80204600F0FDFA218D2046276A5D
S3150801009013F034FD84F86F00204600F00BFAAB8AA2
S315080100A0204643F00203AB8294F8903005F1240907
S315080100B0AB76FF23EB76FFF7D9FCA877B4F85A306D
S315080100C0204603F5FA73AB6013F0E6FC2B7EAA68AB
S315080100D09B09534303F59673EB602861204614F098
S315080100E05FF8002194F8810015F0E0FB14F0ADFFEC
S315080100F0484614F0AEFEFFF7CFFD94F86F1006469A
S31508010100204613F011FD0123009300234FF0000A46
S315080101101A468DF8200008A920460196FFF7DCFE4D
S31508010120B07921460C30304415F0A9FA3046C6F8A4
S3150801013000A014F08FFFB4F858302862D807C7F327
S31508010140405726D5236AD8F828009904C3F34032C4
S31508010150C3F3400658BF1146CDE900264FF0000209
S3150801016048BF04F16301C3F30033CDE90213114615
S3150801017008ABCDF820A0ADF824A015F027FB002385
S31508010180D8F82800036014F065FF0146484614F0C4
S315080101906AFE636B214693F806A005930AF10C0AD9
S315080101A003EB0A06304615F06AFA2046D4F804B07D
S315080101B0D5F80C8013F0A4FD08B3059B13F80A3093
S315080101C003F00F03072B1AD1B3789A0617D000212B
S315080101D008AAB01C15F069FA9DF829307BB1089A6E
S315080101E0206DD84402EB030A002875D012F0A6FE4A
S315080101F0002871D052464146206D12F0A1FE206DAD
S3150801020028B312F09BFE10B3B37803F03F03012B1A
S315080102101DD90121F07802F0CDFDB3780138ADF88A
S315080102201C003221F01C03F03F0307AA15F016F94A
S31508010230064660B10378092B09D1206D08A912F089
S3150801024081FE08AB03CBC6F80200C6F80610002FDC
S315080102504FD02046FFF70AFC12F09FFD8046002387
S315080102604FF0250BB4F858A00893CAF3800A606BBF
S3150801027008A912F023FB064600283CD1B4F85830E9
S315080102809B0714D507A9204613F0EDFB4FF0250A65
S315080102908046E06B214683790C33184415F0EFF953
S315080102A00896E06B08A912F009FB002854D1AB8A1D
S315080102B0C3F3C0032B772FB1A87F12F06EFD838895
S315080102C0013383802120237D43F0010323750DB07B
S315080102D0BDE8F04F01F0D8BEE06C00288FD012F0CF
S315080102E0F0FD00288BD052464146E06C12F0E7FD3E
S315080102F085E7B846B3E7089EB3790C331E44BAF1CD
S31508010300000F03D02146304615F03BFA12F00FFDD7
S31508010310B0FBFBF303FB1B010020C9B202F0FAFD97
S315080103200146304615F02AF9B8F1000F08D04146C2
S31508010330304615F017FA3046B8F8041015F0F5F8F6
S31508010340089814F087FE0146484614F08CFD8EE79E
S315080103505416002084150020089EB3790C331E44D8
S31508010360B8F1000F03D0304607A915F01BF912F0B2
S31508010370DEFCB0FBFAF303FB1A010020C9B202F056
S31508010380C9FD0146304615F0F9F8089814F062FEE1
S315080103900146484614F067FD83E7194B08461D6870
S315080103A00B7D23F008030B7500F03CFA20B3154BBF
S315080103B0687F1A68637DD17A28B992780B4493428B
S315080103C005DCDAB203E0D2785B1A9342F9DA204601
S315080103D0218D627513F077FB20B1002194F8910005
S315080103E015F064FA697F2046B1FA81F149090DB021
S315080103F0BDE8F04F13F0FFBE0DB0BDE8F08F00BFAA
S3150801040054160020101600202DE9F043002685B069
S315080104100E6000284AD089460546CDE90166284678
S3150801042002A912F04BFA00283DD0029883790344B9
S3150801043093F80E80039608F03F0808F103070CE0CD
S31508010440A7422AD201983944E41BD0B1224612F0B8
S31508010450D8F9A04223D10027029803A912F03CFA41
S315080104600028DCD003998B79CC7903F10C02E41AC4
S31508010470E4B21144002FE3D1002CECD001980028F6
S31508010480E4D10A462346014612F0F6F901900028FE
S31508010490E1D1192005B0BDE8F0833F1BDCE701A8CF
S315080104A011F032FFF5E7019BC9F80030002005B0CD
S315080104B0BDE8F08338B50546B0F858201F4BD1077B
S315080104C01C68C2F340034FEA830348BF43F008039D
S315080104D0A382530742BFA38A43F01003A382036A88
S315080104E0D80642BFA28A42F02002A282590742BF19
S315080104F0A28A42F04002A2829A0642BFA28A42F02A
S315080105008002A2825B0642BFA38A43F48073A38258
S3150801051095F88030E37595F8600013F0C0FE002366
S31508010520207663766B682360FF232377D5F86930D5
S31508010530A364B5F86D30A4F84C3038BD54160020C4
S3150801054000232DE9F347054601A80193FEF7A4F90F
S3150801055068B9019F97F8069009F10C0907EB090696
S31508010560B37A03F00F03032B04D0052B10D002B086
S31508010570BDE8F08705F14400394611F05FFF2B6AA3
S315080105804FF0805043F400332B6214F01FFDEEE761
S31508010590DFF89480012241460DF1030012F0C6FCF2
S315080105A0AB6CA8F1100448F8103CB5F858308246EF
S315080105B0C3F3001384F821303189F07957F809908B
S315080105C014F05DFE174B48441B68A0605B7906F181
S315080105D018026B750123E260237106F10C03BAF167
S315080105E0000F14D09DF80330C4F81880237794F8C7
S315080105F0212095F86130637701236AB9A37795F8C5
S315080106009030E3777379676284F82030AFE7A361A6
S31508010610B37AC3F38013E9E7B27AC2F34012A27739
S31508010620EFE700BF101600209415002037B51346D2
S3150801063005466A460C4612490868496803C295F890
S31508010640602008326A4412F8081CB5F85820D0060A
S3150801065007D42246284617F043F800F5FA7003B086
S3150801066030BD920704F10A044FEAC4041CBF03F51E
S315080106700C73E418E823481E584304FB0100ECE711
S31508010680ECE602082DE9F04104461BF095FC236AC5
S315080106905B4A0646134203D1BDE8F0411BF087BC0D
S315080106A09F05C3F3402572D5E06A11F0BCFE002709
S315080106B004F134082085404611F026FEA56BA76390
S315080106C065634DB104F12C0011F01EFEE762236A41
S315080106D023F40023236205E0B4F85830D806C3F39F
S315080106E0001747D40027236A590560D43D46B4F854
S315080106F05830C3F30017DB061BD5E36A5BB104F177
S31508010700340011F001FE0023E06AE362606311F030
S315080107108AFE3D462085236B5BB104F1400011F04A
S31508010720F3FD0023206B2363206411F07CFE3D4614
S315080107306085236A304623F4002323F4C0632362C9
S315080107401BF035FC204613F00EFD8DB194F874208C
S3150801075094F8733002F00F0143EA0123013384F858
S31508010760733022F00F02C3F303231A4384F874206B
S31508010770BDE8F081E36A002BB4D0404611F0C4FD10
S31508010780E06AE562606311F04EFE2085ABE7A36B74
S31508010790002BA7D004F1340011F0B6FDA36B04F1C8
S315080107A02C00C4E90D3511F0AFFDE5628FE7206B2A
S315080107B011F039FEB4F858306085DA06C3F300152E
S315080107C00ED5236B002B91D004F1400011F09CFD4E
S315080107D00023206B2363206411F025FE608586E7DC
S315080107E004F13C0011F090FD236CC4E90F35002B90
S315080107F03FF47CAF04F1300011F086FD256375E7FF
S3150801080000060800064B1B68D97ADA78437D5B1A1D
S315080108109342A8BFDAB20021427513F0ECBC00BFBF
S315080108201016002070B50F4E0546B36A0BB10022AB
S31508010830DA803368A3B10C4B1B685C7F74B909482D
S3150801084000F02AFD01212846AC6413F021FC00239F
S315080108500648336011F058FD204670BD0124F6E7BD
S315080108600124F9E78415002054160020A815002054
S3150801087003282DE9F7430C4600F0198107D801280A
S3150801088010D0022800F0FC8003B0BDE8F0833128BF
S3150801089000F0FC803228F7D1084603B0BDE8F043E2
S315080108A0FFF74EBE4FF000098E4B8F481E6840F881
S315080108B0249B11F029FD2046FFF7FCFD06F12407CC
S315080108C02046FFF7DFFE14F0C0FB384614F0C1FAE4
S315080108D0FFF7E2F90622037BB4F8288003F04F03F9
S315080108E0A0F806900373B4F858300546103BC0F8D3
S315080108F0009042730D2B31D8DFE803F05C305807BE
S31508010900300C303030303030300C037B23F00F039D
S315080109102B7323E00123027B04F1690163F30302CC
S3150801092002730C224273206A05F1140210F0080FB3
S315080109300CD001924FF0FF32C0F3800000921A46A4
S3150801094012F0ECFA2B7B43F08003E1E7D4F8693027
S315080109506B618B889380236A5B07F3D4B4F85820BC
S315080109602B7B05F10E0162F345132B73204614F018
S315080109705DFE2B7B697B60F3861302312B73284658
S31508010980C9B211F098FCB4F8583003F01403142BCB
S3150801099013D0B8F1000F13D06B7B43446B7300235C
S315080109A042462846616B11F0CDFE09E0037B62F3EE
S315080109B00303ADE70222037BF9E7B8F1000FEED195
S315080109C0284614F047FBB38A3062580730D54FF0F2
S315080109D00009E56BB4F82A8008212846C5F8009075
S315080109E0A5F8069011F067FC0623297B6B7301F0C5
S315080109F0400141F004012973204605F10E0114F066
S31508010A0015FE2B7B60F386132B7308F106036B73B4
S31508010A10B8F1000F05D0D4E90F014B46424611F053
S31508010A2091FEE06B14F016FB0146384614F01BFAEA
S31508010A3040F27121B4F85430B4F856202046D21A3F
S31508010A40E36803F59C53083301FB0233236113F072
S31508010A50A7FB237D2120190742BFB38A43F001036F
S31508010A60B38201F011FB236A1A037FF50DAF204605
S31508010A7023F40023236203B0BDE8F04313F073BBEC
S31508010A80084603B0BDE8F04313F0F6BA0B7D0846F5
S31508010A9023F008030B75FFF7C5FE00283FF4F4AEF3
S31508010AA0104B1B685B7F43B1012B7FF4EDAE2046EB
S31508010AB003B0BDE8F043FFF7A5BE0C4B617D1A688C
S31508010AC0D37A92780B449342D8BFDAB2A369627596
S31508010AD0002B3FF4D9AE0121204603B0BDE8F0430F
S31508010AE013F089BB54160020841500201016002027
S31508010AF038B50446D0F8A400D0B194F8305111F0B5
S31508010B003EFC81B20631284614F0B9FB83B240F2A5
S31508010B1071200849B4F87C20098C424341438A4232
S31508010B20B8BF0A4603F548709042B8BF104638BDAB
S31508010B300346ECE7BC15002030B5174B826A1B68E3
S31508010B40D206597926D5828F1C79836B1203B2FB9B
S31508010B50F3F2631AB2FBF3F2B0F8A03003B1013B2A
S31508010B60D0F8A45005B15B101B02B3FBF2F35B1876
S31508010B700CD090F899200F2A08D91209B3EB820FE5
S31508010B80B8BF00234FEA8201A8BF5B1A9C42A8BFDF
S31508010B901C46E1B2417530BD1016002010B5044659
S31508010BA0FEF786FEA0420AD1054B1B6893F8203052
S31508010BB080F83430BDE81040222001F065BA10BD36
S31508010BC0541600202DE9F0411A4C06462368A3B9AC
S31508010BD02EB100254FF4A478EFB2B74211DB0020FD
S31508010BE0BDE8F0812068013507FB030012F0C8F85B
S31508010BF0A27BEBB29A42F5D8EAE700254FF4A4772F
S31508010C00F6E72068013508FB070012F0B7F8002857
S31508010C10E2D000254FF4A476EBB2BB4202D341F2EF
S31508010C200700DDE7206806FB050012F0A9F8013583
S31508010C30F2E700BFBC1500200A4B9A7B82420ED907
S31508010C404FF4A4721B6802FB0030836A5B0707D462
S31508010C5090F8383113F0100F08BF002070470020B4
S31508010C60704700BFBC150020084A09491368C31A12
S31508010C70D810002B01FB00F005DB937B8342D8BF1C
S31508010C804FF0FF3070474FF0FF307047BC1500201A
S31508010C90199C8FC170B504460E461BF08DF90546A1
S31508010CA004F1300252E8003F334342E8003100299B
S31508010CB0F8D12046FFF7D8FF01230B4A03FA00F0C3
S31508010CC002F11C0353E8003F034302F11C0444E804
S31508010CD000310029F4D14FF4807014F077F92846D1
S31508010CE0BDE870401BF063B9BC15002070B5054618
S31508010CF00C46C2B90126204613F04FFBB5F8401041
S31508010D00441C284615F016FF14FB06F40028A4B265
S31508010D1007DD844205DB84B2012C1CBF04F1FF34D4
S31508010D20A4B2204670BD836ADE07E3D5C28F002AC6
S31508010D30E0D0D906DED5DA05DCD4D0F8A430002B0C
S31508010D40D8D10C4B1B6893F8213013F00C0FD1D175
S31508010D5003F01202122ACDD15B06CBD5FFF784FF29
S31508010D6080B213F01CFB0028C4D1EE8F0136B6B24F
S31508010D70C1E700BF541600202DE9F04789466D49A1
S31508010D800446CB8A63B9826812F4601F4FEAD243DC
S31508010D9001BFC3F3C40303EB830302EB8302CA82D5
S31508010DA0B9F1000F02D1204613F036FBB4F8A05072
S31508010DB0002D40F0B280A36A082113F0100F0CBF72
S31508010DC03E230823204684F87B3002F033FC204674
S31508010DD0FFF7B2FEFFF748FF86B20746304613F023
S31508010DE0E6FA8246304613F0E0FA30B1304613F09F
S31508010DF0D2FA0021304613F0D7FA236B590409D5E4
S31508010E004FF4804104F1300013F088FA002120469E
S31508010E10FFF740FFFFB24A4639462046B4F84080FC
S31508010E20FFF764FFB4F84030A4F880001844A4F82A
S31508010E3040005DB1204612F063F8204611F0A1FF8B
S31508010E402046B4F8401015F02AFD0546304613F041
S31508010E50AEFA504510D0A36ADA070DD44A46394688
S31508010E602046A4F84080FFF741FFB4F84030A4F8C3
S31508010E7080001844A4F84000B4F84030434502D233
S31508010E80304613F090FA304613F086FAB4F880200B
S31508010E90B4F8A03094F874109B1AA4F8A03094F80A
S31508010EA07330204602FB01332522B3FBF2F102FB24
S31508010EB01133202184F8733002F0BCFB7DB3A36A99
S31508010EC0DB0714D5A26BB4F880302046534340F2B1
S31508010ED0712204F14401534394F8422002F020FBA5
S31508010EE0606C85082046FFF703FE2844E06040F25F
S31508010EF07125A16B20460139694313F018FAA36BD2
S31508010F00B4F8802020465A436368012105FB023361
S31508010F106360BDE8F04712F027BB012557E7204675
S31508010F200221FFF7B7FE29462046BDE8F04712F031
S31508010F300ABB00BFBC15002008B501F05DFAFB220B
S31508010F400F4B10F0020FDA7344F290221A820CBF8B
S31508010F50012203224107197B48BF42F0040262F3CA
S31508010F6003011973197B62F30711032219731A76A0
S31508010F700421002219755A82DA61DA8208BD00BF96
S31508010F80BC1500202DE9F843564C0546A06818B152
S31508010F90FCF7E2FD0023A360EEB2304614F0AAFD89
S31508010FA08046002841D1304613F00AFA00283CD180
S31508010FB0FFF708FE07460220FCF794FF75B105EB1B
S31508010FC0850105EBC101C90043460122022089B208
S31508010FD0FCF744FF074638B141F207070023C4E985
S31508010FE00033A373EFB120E002204FF4A479A6736E
S31508010FF0FCF7A2FF394609FB05F2206010F04AFE0C
S315080110002368681EF9B2814209FB01F207F101075B
S315080110102DDB0021284699506360FFF7D3FD002890
S31508011020DAD1304613F0B3F930B30025002014F0B5
S3150801103061FD002013F0C4F90020FFF7C3FD02206B
S31508011040FCF750FF2846C4E90055A57313F09FF92C
S31508011050284611F053FF284613F096F9284611F051
S315080110609EFE0220FCF73EFF4FF0070837E002F527
S31508011070A47119449950C5E7304611F03FFF00287D
S31508011080D3D1284611F08BFE0028CED1304613F075
S315080110907BF90028C9D1304613F08CF90646002899
S315080110A0C3D1002D1BDD022011F0A3FA0221A06095
S315080110B0C68011F000F9A06831468379C279D21A3F
S315080110C00C33D2B2184410F0E5FD0121A3689A79D0
S315080110D013441A7B61F301021A73FFF72DFF404689
S315080110E0BDE8F883BC150020014B987B704700BF0B
S315080110F0BC15002030B50A4B4FF4A4751A689C7BC1
S31508011100002318462832D9B28C4200D830BD05FBD7
S3150801111003F151580133C1F340110844C0B2F2E753
S31508011120BC150020F8B51AF047FF234D06466C6832
S315080111305CB123684FF4A47200212046E7696B600D
S3150801114010F0A8FD2023E761A36230461AF02FFFAD
S3150801115084B30123237584F83031A3F10113E367BE
S31508011160EB7BAA8984F842312B8A0021A4F8403105
S31508011170072384F889304FF4A473A4F88A3003F15D
S31508011180A473C4F88C3003F1CE5303F59813C4F84D
S31508011190903041F61B33A4F894301B2304F1080060
S315080111A0A4F8442184F8963014F0D1FF1021204682
S315080111B002F040FA2046F8BDBC15002070B5044679
S315080111C013F0A9F904F1080001F0D6FF1AF0F4FEAC
S315080111D04FF4A472054600212046E66910F05AFD2F
S315080111E0064BE66153F8042F2AB928461C60BDE868
S315080111F070401AF0DCBE1B681A68F5E7BC150020BA
S315080112002DE9F04106464FF480400F4601F068F893
S31508011210044630B90E4B1D6893F80E807535A04506
S3150801122002D80020BDE8F08155F84D3C5A0709D58A
S31508011230C3F34003BB4205D106222946304619F0BD
S315080112406AFA18B1013405F5A475E8E70B20E9E750
S31508011250BC15002010B5044610B9084B198410BDF9
S31508011260A0F87C10A0F87E20FFF742FC2169E06017
S315080112702046BDE8104013F05AB800BFBC1500203F
S31508011280014BD87319827047BC150020014BD87BD6
S31508011290704700BFBC1500202DE9F04FD0E9029533
S315080112A090F9201087B0027F029190F821100192DF
S315080112B0046807798369427F90F81EA090F81F8019
S315080112C0002940F0FD80A8F10301012994BF0326F6
S315080112D002260393B5F808B084F89F202A4652F8E7
S315080112E0101BBAF1000018BF0120C4F8281104F137
S315080112F0480101F0CBFD204615F005FB204613F009
S3150801130061F814F0D9FA41460246204614F001FC68
S31508011310C8220DF116012046ADF8162013F04CF837
S3150801132043F6FF7104F5947011F0AAFDAA88039B90
S31508011330A4F82C21AA7984F82E211A68C4F87520F4
S315080113409B88A4F87930019B1BB1A36A43F0020379
S31508011350A362BAF1000F03D0A36A43F40073A36230
S315080113604FF4607000F0BCFFC0F3C01AC3054FEA22
S315080113708A1A48BF4AF0800A810548BF4AF4807A2A
S315080113801AF01AFEA36A43F00403A362E36A43EA66
S315080113900A03E3621AF00BFE94F8343043F01003A3
S315080113A084F83430BB1E012B00F28C80A36A43F407
S315080113B08043A36201212046FFF76CFC04212046E5
S315080113C002F038F96B7D2046C3F3040384F87430C0
S315080113D06A8907F0FD075200A263697B2A7B42EA04
S315080113E00122E287E97BAA7B42EA0122A2876A7D7A
S315080113F084F87330C2F3421284F84220002205238E
S31508011400A4F840200122A4F8A030A4F8802002996B
S3150801141012F0DDFF00F0EAFF20F40060C4E90801DC
S315080114202046FFF789FB424BB3F816A0BAF1000F25
S3150801143005D1002F40F2C71A18BF4FF4D77A2046B4
S31508011440FFF712FCC0B23B4B000240F00300E082FA
S31508011450C4F80490A361002F3AD12046FFF748FB50
S31508011460B8F1010FE06005D04146204684F8308185
S3150801147013F0F2F804F108063046514614F067FEF7
S315080114800120FEF7E9F828B9237D5A075CBF43F026
S3150801149002032375A1683046C1F3C84141F08801AA
S315080114A014F05BFE40F271216B892046013B5943DA
S315080114B012F03DFF204612F03AF807B0BDE8F08F6A
S315080114C0012606E7012F7FF475AF40F2014172E765
S315080114D040F27127760006EB4B067E4309EB0603BD
S315080114E06360A36A04F1440943F00103A36294F813
S315080114F03430494643F00103204684F8343015F068
S315080115008BF933464946204694F8422002F008F8FA
S31508011510EB7901225B00494620467B4315F082F9A7
S31508011520636C20469E08FFF7E3FA304498E700BF4C
S31508011530BC1500204D1A010810B4C46A14F0080F2E
S3150801154011D144F0080423F41053C46223F01003A4
S31508011550064C1B0414401B0CC0E9084340215DF8E6
S31508011560044BFFF797BB5DF8044B70472FCF87F7FE
S3150801157000232DE9F341ADF804304B799DF8042099
S315080115809E074EBF032303F00103013363F30102F0
S31508011590054608468DF804200C4611F0F3FB06466D
S315080115A016F01F0318BF01239DF8042018BF4FF03A
S315080115B0030863F34512EB6A08BF4FF00208980562
S315080115C08DF8042004D521462846019A14F020FAFC
S315080115D0204610F028FF07464146204610F0DEFE59
S315080115E0A3798DF80570BDF804100C33E152E218A1
S315080115F09DF80430990648BF9670637943F0010354
S3150801160063711AF0D9FC2146074605F1A40010F0CA
S3150801161015FF95F84631013385F84631AB6ADA0785
S315080116200ED52846FFF720FB80B212F0B2FE30B382
S315080116304388B5F880209A4202D9284613F07FF9E3
S31508011640FEF736F9854214D10E4B20461E6813F073
S3150801165001FD2C360146304613F005FCAB6ADB0763
S3150801166007D4304613F0F8FB022802D8232000F0ED
S315080116700BFD384602B0BDE8F0411AF098BC0123CB
S31508011680D7E700BF541600202DE9F04F85B0044670
S315080116900191084661B34B799A071AD410F0C3FE33
S315080116A0019A60B9537901A8DB0742BFA36A43F4DB
S315080116B00063A36210F028FE05B0BDE8F08FA36AA7
S315080116C01F0506D523F40063A362537943F001038A
S315080116D05371019E1AF070FC737931469E070546CF
S315080116E01ED504F1AC0010F0B8FE28461AF05FFCCE
S315080116F0DFF89C911AF060FCA36A80465D0614D552
S31508011700D4F8AC3043B19A7913441B7B3A2B03D8EE
S3150801171029FA03F3D80711D440461AF048FCCBE757
S3150801172004F1A80010F08AFEDFE794F94631022B8E
S31508011730F2DCD4E92A6376B9002BEDD004F1AC00CA
S3150801174010F001FE054640461AF031FC29462046AE
S31508011750FFF70EFFCEE7002BF0D194F896700393AE
S3150801176004F1A80B96F807A0B379AAEB030A5FFA66
S315080117708AFABA4527DC584610F04DFE0546A7EB0E
S315080117800A076B79294623F008036B7103A810F041
S3150801179055FED4F8A86036B17379DA0703D49B07E6
S315080117A001D4002FDED1039B002BB5D09B79022BE8
S315080117B046D8002010F01DFF039980BB04F1A8004C
S315080117C010F04BFEA8E7002010F013FF054630B9CC
S315080117D0039904F1A80010F040FE03959CE780796F
S315080117E0B1790C300C313A463144FFB2284410F035
S315080117F05CFA3946284610F05EFDB37972791F44C2
S31508011800B7716B79D1074CBF43F0010303F0FE03AF
S315080118106B717379002723F001037371B1E74A7974
S315080118204379D5074CBF43F0010303F0FE03437127
S315080118304B7923F001034B71014603A810F008FE0A
S31508011840E36A9A0513D50398034600680028FBD175
S31508011850DB79C3F14503DBB2032B08D810F0C9FEC7
S31508011860014608B90399A9E703A810F0E7FDD4F8DA
S31508011870A83013B15B79DB0704D5039A537943F092
S315080118800803537140461AF092FB03995FE700BFBC
S315080118907C2C020000232DE9F0411B4E06F11C02A7
S315080118A052E8007F42E80034002CF7D14FF00108D6
S315080118B08FB934B306F11C0353E8003F234306F1FD
S315080118C01C0141E80032002AF4D1BDE8F0414FF489
S315080118D0807000F0F5BC97FAA7F080B1B0FA80F3F2
S315080118E008FA03F5184627EA0507FFF7A5F90028B8
S315080118F0DED013F05FF80028DAD12C43D8E720238D
S31508011900EEE7BDE8F08100BFBC1500202DE9F74FD1
S3150801191004460190002867D04FF00009C5794E4664
S315080119200C3505441AF048FB4F46DFF8C080009095
S3150801193098F80E205FFA89FA52451AD94FF4A4731A
S3150801194003FB0AFBD8F800105944886A430748D5AF
S31508011950B1F89810C1F30B01002942D0E179C1F120
S315080119604501C9B2032916D8022010F042FE0446E1
S3150801197048B900230098A8F812301AF018FB304627
S3150801198003B0BDE8F08F0027014601A810F056FD07
S31508011990E5790C3525440123002039B203EB81038F
S315080119A005F821A0E854D8F8003005EB810C5B4412
S315080119B0B3F8983001378CF80230032303EB81031F
S315080119C0E854D8F8003004215B44B3F8982001366E
S315080119D060F30B02A3F89820204610F06CFCFFB2C6
S315080119E0F6B209F10109A3E70646C8E7BC150020C6
S315080119F0F7B5684601F03EFA00254FF4A477124E72
S31508011A00B37BAB4201DC03B0F0BD346807FB054488
S31508011A10A36A03F00503042B13D10522694604F1D1
S31508011A20490018F078FE60B10121204615F02BF91E
S31508011A3038B9012010F0DDFD014610B1204602F04B
S31508011A40ADF90135DCE700BFBC1500202DE9F04FE3
S31508011A5031280C4685B000F091810AD8022800F099
S31508011A60E280032800F0E580012847D005B0BDE8EB
S31508011A70F08F322800F0ED803328F7D101F1A40068
S31508011A8010F061FC94F846310390013B84F8463125
S31508011A9043799D0722D4180720D5B4F89830042035
S31508011AA05A1C62F30B03A4F8983000F019FCA8B18C
S31508011AB02046FFF7D9F880B212F06BFC002800F037
S31508011AC055814188AA4A937C0B44DBB29374127DF3
S31508011AD09A4203D84FF0806013F078FA03A810F001
S31508011AE013FCD4F8A8301BB9D4F8AC30002BBDD000
S31508011AF04FF480512046FFF7CDF8B7E791F89930B2
S31508011B00084623F0F00381F8993012F02CFC84F88A
S31508011B103101204614F055F8B4F93401FDF7C8FA35
S31508011B20944B20461D68FFF79FF885F8240094F822
S31508011B3034304FF4003085F82030002385F8213001
S31508011B4085F8233063686B60A36ADA0742BF636C62
S31508011B509B08AB6000F0C4FB002859D0FDF7CAFE0C
S31508011B60D4F82831E8602B6194F83131804E6B76D0
S31508011B70D4F82C3105F12C076B6194F830312B76AA
S31508011B80637D85F8223094F8953085F82530E26A28
S31508011B9002F4C062B2F5C06F04BF043385F825307C
S31508011BA013F053FA384613F054F9B06813F052FAA1
S31508011BB00023A8620393D4F8A40003A910F07EFEBB
S31508011BC048BB212000F060FAD4F8A83013B9D4F83C
S31508011BD0AC3023B14FF480512046FFF75BF804205F
S31508011BE000F07EFB00283FF441AFB37C002B3FF4A5
S31508011BF03DAFF37C327E0133DBB29A42F3743FF692
S31508011C0035AF4FF0806005B0BDE8F04F13F0DEB98F
S31508011C10FDF714FDA4E7039813F01CFA01463846AC
S31508011C2013F021F9C7E7084605B0BDE8F04FFEF7FE
S31508011C30B5BF91F89930C3F30312013262F3071362
S31508011C4081F899300021204605B0BDE8F04FFFF72D
S31508011C5093B8002603A80396FCF71EFE2046FFF755
S31508011C6003F8C0B211F095F805462046FEF7FCFFC9
S31508011C70039B29460193B4F8403082B200930220AF
S31508011C80334611F082F803998B7903F10C050D445B
S31508011C90AA7A0A3312F0200F14BF03220222134430
S31508011CA08B71E36A5B050FD5AB7AEA7A204643EA7C
S31508011CB0022213F0C6FE38B903A810F025FB3D2110
S31508011CC0204613F068F8D1E6A26AAB7A170603999B
S31508011CD003F0030312D5032BEED18B790B441A7B40
S31508011CE03A2AE9D8244BD340DE07E5D54B79204675
S31508011CF043F002034B7101F06BFDB7E6032B4A79FA
S31508011D00F4D022F002034B71084695F8068095F93E
S31508011D10059095F80AB010F086FB06210646039849
S31508011D2010F03CFB2046FEF79FFF039D0BF0030BCB
S31508011D3095F806A0C0F303230AF10C0A05EB0A0776
S31508011D4043EA0B13FB702B46F6B2B870BE8005F852
S31508011D500A9087F801805A7922F002025A711B68A3
S31508011D60002BF8D1284611F092F97FE60121A9E660
S31508011D70BC150020541600207C2C0200344B8E8F93
S31508011D801D68360195F8203081F834308B6BE08F69
S31508011D90B6FBF3F6B1F8A010B3B21B1A994295F83F
S31508011DA021204CDCD1064CBF0021022194F83101D7
S31508011DB013F07CFD95F82130DB071BD5A36ADF07F5
S31508011DC006D52B682046636004F1440114F024FD0E
S31508011DD095F82130D80602D4A36AD90606D4A4F800
S31508011DE0A060204695F9271012F0F1FAA36A43F08C
S31508011DF01003A36295F82020E36A92064CBF43F0CC
S31508011E00010323F00103E36295F821309B0606D509
S31508011E102046FEF729FF012180B212F0C5FA95F88E
S31508011E202130204603F01203122B0ED112F0F5FAD7
S31508011E3095F82610204612F0EEFA012103E79207DB
S31508011E40B8D5032194F83101B2E712F0E5FAEFE7C4
S31508011E5054160020012838BF0120012938BF012165
S31508011E60014B187519767047BC1500200138C0B2A8
S31508011E7003289ABF014B185C00207047F7E6020851
S31508011E80431E012B05D9022902D8024B585C70471B
S31508011E9000207047F4E60208431E042B054A07D8BA
S31508011EA0052808BF03200621431E01FB03207047AE
S31508011EB01046704720E70208014B53F82000704787
S31508011EC0FCE6020810B560B10022074CD3B2013313
S31508011ED054F823101346814202F10102F6D2D8B210
S31508011EE010BD0120FCE700BFFCE60208024BDB69D6
S31508011EF093F87F00704700BFC80A0020024BDB69D0
S31508011F0083F87F00704700BFC80A002070B51646DF
S31508011F10028B04468A420D461DD2438B23B90EB164
S31508011F20D5B23570206970BD0C4B216918460FF082
S31508011F30BCFE0346208B61692D1A1844638B9D42AA
S31508011F40A8BF1D46EAB20FF0B0FE16B1238B1D4499
S31508011F503570024870BD002EE3D1E3E76A20002000
S31508011F600022024BC3E90022704700BF0416002075
S31508011F7010B52422002106480FF08CFE0623044CD6
S31508011F802384044BE36100F043FB9430206010BDC9
S31508011F90E01500201F500208024B03EB800359602D
S31508011FA0704700BFE0150020034B03EB8003586818
S31508011FB0003818BF01207047E015002010B5044607
S31508011FC019F0F1FF0022044BDC61044BBDE8104017
S31508011FD05A6019F0E3BF00BFE0150020041600207F
S31508011FE070B5C6B2212E0446144D10D1FCF72EFB4E
S31508011FF0230CC4F3074405EB84042B846368EB6163
S31508012000EB69CBB130462968BDE870401847222EE6
S31508012010F6D119F0D1FFEB69044633B10020FFF779
S31508012020CDFFFF232B84FCF7DFFC00F025FA2046C1
S31508012030BDE8704019F0BBBF70BD00BFE0150020B8
S3150801204038B5104B04461A7812B100221A7038BDF9
S31508012050C5B2FDF72DFC68B1C38AB3EB144F0BD19A
S31508012060312D02D1012010F028FF2846BDE838405D
S31508012070FDF714BCFF23F0E72846BDE8384012F007
S31508012080ADBF00BF0416002038B5A0F121030E2B01
S31508012090044612D8FDF70CFC68B3C58AFF2D2AD071
S315080120A0212C02D1002010F008FF222C44EA054019
S315080120B025D1BDE8384012F0A4BFA0F131031E2B8B
S315080120C00ED8134B188C44EA004000F073FA312CF1
S315080120D011D10020FFF772FFBDE8384010F07BBE32
S315080120E0A0F111030E2B06D8132C40F4C02003D0FF
S315080120F009D9142C03D038BD0122064B1A70BDE844
S31508012100384000F03BBABDE8384000F053BA00BF8A
S31508012110E0150020041600200B4A10B5D3690446C1
S315080121201BB11168BDE810401847084B5B6813B12D
S31508012130BDE810401847FDF7BBFB014618B1836996
S315080121400BB12046EEE710BDE0150020041600206D
S3150801215008B500F05DFA034B1A6802609B88838014
S3150801216008BD00BFAD20002037B5054600F050FA7E
S31508012170044600F055F90D4B002808BF1C462DB141
S315080121802B682360AB88A38003B030BD10F021FE15
S315080121900322CDE900010DF105010DEB02000FF057
S315080121A060FD0098BDF804302060ECE7AD20002002
S315080121B0024B186908B105F0D7BB7047E80A002039
S315080121C00D4B37B51C6804B10C340C4B68461D68B9
S315080121D000232B6000F020FA009B20466B60FCF779
S315080121E0EDF9FFF7B5FF044810F08EF80122044B0C
S315080121F083F8202003B030BD0C16002054160020A9
S31508012200E80A0020002310B52C4A02F1100151E812
S31508012210001F02F1100C4CE80034002CF5D140EAFD
S315080122200104A00201D5FDF77BFA210101D5FCF7CE
S31508012230B5FBE20301D500F055F9002C01DAFDF7EB
S3150801224007F8630001D510F057FEE00001D5FDF748
S31508012250CBFD610101D512F043FDA20107D513F0AB
S3150801226024FBFFF7C5FB10F06FFE10F031FEE3010A
S3150801227001D510F046FE600201D502F019FA2102D5
S3150801228001D510F084FDE20201D512F07FF8A3050D
S3150801229001D501F041FAE00501D5FFF7FBFA610521
S315080122A003D510F017FE10F016FE220501D510F021
S315080122B01FFFA30301D510F00FFE10BDE80A002089
S315080122C0064A02F1100353E8003F034302F1100CDA
S315080122D04CE800310029F4D1704700BFE80A002014
S315080122E0014B1B6818407047E80A002010B5044BDB
S315080122F0D3E9064204430A43C3E9064210BD00BFB7
S31508012300E80A002038B50546FDF79EF9002128227E
S3150801231033480FF0BFFC4CF20C000021FFF7E6FF33
S31508012320CDB1AB682E4A00201360E98A4FF6FF72D9
S31508012330FEF790FF022010F05CF92A4B186000287E
S315080123404BD02B460C3005F11C0253F8041B934263
S3150801235040F8041BF9D1224A234B101D9360002330
S315080123601373FBF72DFC00F09BFE2846FCF7E4FBF4
S31508012370044668BBFCF764F820B14FF4807000216D
S31508012380FFF7B4FFFCF762F820B14FF400600021B3
S31508012390FFF7ACFF2DB1B5F90E10B5F90C00FCF736
S315080123A09FFE13F08DFA0020FFF7DEFE00F0A8FC71
S315080123B002F01EF8044658B9FCF732FFFFF7D0FDC4
S315080123C000F078F830B900F07BF8044612F03DFECB
S315080123D0204638BDFFF7F4FEF8E70124F8E700BF09
S315080123E0E80A00200C160020B1210108014BD3E9A7
S315080123F006017047E80A0020054B9B69DA054CBFC0
S31508012400032001201B0548BF40F00400704700BFA8
S31508012410E80A0020014B1860704700BF101600201B
S31508012420014B93F820007047E80A00202022034B4D
S31508012430C3E900229A6000221A76704738160020EE
S3150801244010B50024094B1C2221460948C3E900445A
S315080124500FF020FCFFF7EAFF3023054AC2E90333F0
S31508012460536154760122034B1A7010BD14160020CD
S3150801247038160020AF25002008B519F09DFDFFF795
S31508012480D5FF3023084A0949D36013615361CB60EC
S315080124900B614B610023537601224B76044B1A706C
S315080124A0BDE8084019F083BD1C1600203816002027
S315080124B0AF250020014B1878704700BFB3200020D4
S315080124C010B5044C23781BB912F09DFD0123237026
S315080124D0002010BDB3200020014B1868704700BFCB
S315080124E0141600202DE9F04119F066FDDFF8888001
S315080124F0074698F8003043B94FF4803012F066FD6C
S315080125003846BDE8F04119F052BD184E184C35460B
S315080125100FCD0FC495E8070084E80700FFF786FF8B
S315080125203023C6E90333736100233846737688F886
S315080125300030032519F03BFD0E4E103CE0683028AB
S3150801254004D07368C6E90030FFF77AFD54F8040B26
S31508012550202801D0FFF744FD013D15F0FF05EDD117
S31508012560012388F80030BDE8F08100BF3816002045
S315080125701C16002014160020AF25002038B50C4C77
S315080125800546237E022B12D854F82330202B0ED170
S3150801259019F012FD237E44F823500133237619F0EE
S315080125A006FDBDE838404FF4803012F00FBD38BD46
S315080125B03816002038B50D4C0546637E022B14D813
S315080125C004EB8303DB68302B0FD119F0F5FC637E2E
S315080125D004EB83020133D560637619F0E8FCBDE8A4
S315080125E038404FF4803012F0F1BC38BD381600205F
S315080125F04FF48272002101480FF04CBB5816002097
S31508012600014B024A1A60704754160020EC16002046
S315080126100048704758160020024A02604FF40072BB
S31508012620426070475C17002070B504460025314AA0
S31508012630314B88B0CDE90423438B04A8CDF81A5051
S31508012640ADF81E50ADF81830FCF734FAE268236885
S31508012650CDE9025513440193A37D01A88DF80930EC
S31508012660A38A13F00C020FBF1346C3F3802383F02A
S3150801267001035B0018BFDBB28DF80A3010F0ACFB22
S31508012680217F04F1240012F0FDFB064612F0DEFC60
S31508012690054612F0F8FCA38A28B3D4E903210A44B3
S315080126A0E260027843F40063C2F30502E276A3828C
S315080126B02B7803F00F03072B19D1A97811F03F01E5
S315080126C000D0E9782046C1F3800115F012F83046AA
S315080126D012F0C1FCA38A43F48063A382237F0133EA
S315080126E0237708B070BD23F400639BB2DFE70021AE
S315080126F0E8E700BFD6BE898E5555550070B5427EAE
S31508012700037E0446B2EB931F88B05BD200255200C4
S31508012710344835491341CDE9040103F00303E17D4A
S31508012720253304A88DF818108DF81930CDF81A50EC
S31508012730ADF81E50FCF7BEF914F0D4FF627EA1680D
S315080127402368206A01FB02330193A37DCDE9025573
S315080127508DF8093012F07AFC12F095FCA28A68B35A
S31508012760D4E90263617E06FB113320498B4293BF8C
S315080127701E214FF496710125B3FBF1F388BFB3FB14
S31508012780F1F30178437065F3C7118578C3F3042320
S3150801279025F01F0501702B4301F03F018370E17697
S315080127A042F40063A38201A810F016FB206A12F016
S315080127B052FC637E0133637608B070BD22F4006370
S315080127C09BB2EFE7838AC3F3C0211B0504D508B082
S315080127D0BDE87040FFF728BF08B0BDE8704010F0AB
S315080127E0D8B800BFD6BE898E55555500C3BF03005C
S315080127F053282DE9FF410C4619D0552800F0CE8003
S31508012800512840F0D1808B8A13F00C0F00F0C68056
S315080128105B0540F1C3800B7F013B012B00F2BE80B3
S315080128200120897D04B0BDE8F041FBF7F7BE00231E
S31508012830204603A9039310F073F80546002800F013
S31508012840A780037803F00F03032B59D1A18A04F15A
S315080128502408C1F3C001404612F014FB12F0F6FB3E
S31508012860A18A0646C1F38001284612F0A0FC002879
S3150801287040F08E80802332462946204612F061FCBC
S31508012880002840F085804B48FFF798FB0121404618
S31508012890039F12F0F7FA01232377054612F0D6FBB8
S315080128A012F0F1FB06463846FBF772FF0E21B87B9C
S315080128B012F002FBA28AFEB17B6842F4006231780B
S315080128C0A2822269963313442268C1F305019B1A31
S315080128D00344E176E360237FA17D0133237700205A
S315080128E0FBF786FE284612F0B6FB2046039910F040
S315080128F047F804B0BDE8F08122F40062A282EAE753
S31508012900052B45D1A18A04F12407C1F3C001384634
S3150801291012F0B8FA12F09AFBA18A04F1480301935E
S31508012920C1F3801306460093C1F30012012328461A
S31508012930C1F3C00112F043FC50BB32464FF4807319
S315080129402946204612F0FDFB064608BB1A48FFF742
S3150801295035FB3146384612F095FA074612F076FBF2
S31508012960D5F802300278C0F80A30EB88C3812B7893
S31508012970C3F3801363F3C7120270A17D3046FBF7D8
S3150801298037FE384612F067FB039810F000F8B0E7F7
S31508012990FBF7BEFF2046FFF7B1FEAAE7204604B0C3
S315080129A0BDE8F041FFF7AABE04B0BDE8F0410FF05B
S315080129B0F4BF00BFD9500208B9500208212810B542
S315080129C00C4607D10548FFF7F9FA2046BDE810403D
S315080129D0FFF794BEBDE810400FF0DFBFF1270108ED
S315080129E0034637B50C4C6A462068A5880090A0793D
S315080129F0ADF804508DF8060013B9481C03B030BD74
S31508012A000220D90748BF117802F1010244BF4018D4
S31508012A1080B25B08F5D1F1E79CCC0208014B186E30
S31508012A2080B2704700C001B80B4BD86800F07060DF
S31508012A30B0F1106F0ED008D8B0F1E06F18BFB0F141
S31508012A40006F0CBF01200020704700F17443584203
S31508012A505841704701207047000002B82DE9F04F30
S31508012A6089B0074691469A46ADF814100FF0DBFC7B
S31508012A70051E46DD19F0A0FA9DF814B003900BF077
S31508012A8023030493002F3FD03C464FF00008254E00
S31508012A90A079E27900F10C01121A5FFA82FB21444E
S31508012AA006EB08005A460FF000F92468D844002CB2
S31508012AB0EED1049B1C480093C0F808900DF11C093F
S31508012AC053462A461749CDF80490A24619F0DAFB6F
S31508012AD03C46A379E57903F10C00ED1AEDB206EB54
S31508012AE00A0120442A460FF0E0F82468AA44002C7B
S31508012AF0EFD1039819F05BFA0422494638460FF0DC
S31508012B0080FE09B0BDE8F08F07480093C0F8089029
S31508012B100DF11C0953462A460249CDF8049019F0CD
S31508012B20B1FBE6E75C190020142400202DE9F047E3
S31508012B3084B0904699460390ADF808100FF073FCDF
S31508012B40071F002F25DD039D002D40D04FF0000AF9
S31508012B50204EAB79EC7903F10C01E41AE4B229446D
S31508012B6006EB0A0022460FF0A0F82D68A244002DB4
S31508012B70EFD11948F119C0F8088001919DF808109C
S31508012B804B4601F0230100913A46124919F06EFBB2
S31508012B9018B1002004B0BDE8F087039D7DB1074652
S31508012BA0AB79EC7903F10C00E41AE4B2F119284483
S31508012BB022460FF07AF82D682744002DF0D103A894
S31508012BC004210FF07BFC012004B0BDE8F087014E1B
S31508012BD0CFE700BF5C1900201424002030B5144645
S31508012BE00D460246064883B0019580218360234637
S31508012BF0009419F053FBB0FA80F0400903B030BDD8
S31508012C0014240020002370B50D46D1688AB009BA8C
S31508012C100291C17890F800C061F30703817802AE8A
S31508012C2061F30F23417806AC61F317436CF31F6315
S31508012C300993936851681BBA0393836809BA1BBA47
S31508012C400793136842681BBA05930F4B12BA9E6025
S31508012C50C36804911BBA0892069323468022012071
S31508012C600949009419F01DFB0028F6D1DDE9081081
S31508012C70DDE9063200BA09BA12BA1BBA28606960D8
S31508012C80AA60EB600AB070BD142400202DE9F84F44
S31508012C90DFF868808246D8F800B00F461646BBF1C1
S31508012CA0000F28D0002498F804904C4507D13470B9
S31508012CB098F80400A04214BF0120022017E004EB93
S31508012CC009056910C1EBC10159448879C5F347055E
S31508012CD000F00100381A03D10622504617F01BFDF1
S31508012CE0002806DB02D06C1CE4B2DEE73570BDE8CD
S31508012CF0F88FA946D9E70320F9E700BF6C1A002027
S31508012D000022024B1A7113F02DBA00BF6C1A00206B
S31508012D10F8B5054619F050F9104C85F3070563799E
S31508012D200646AB4205D10024304619F040F9204643
S31508012D30F8BD002720686571277110B10FF0EEFD07
S31508012D4027606379002BEED0C5EBC500FBF75EF96A
S31508012D5020600028E7D160710724E5E76C1A002096
S31508012D607FB50E4610210546144612F0D3FAE8B18E
S31508012D700F4B01A918681B7902908DF80C300023B6
S31508012D80ADF8043066F305038DF8043004F1100339
S31508012D900DEB03044FF0000314F8082C284662F3E0
S31508012DA0471303228DF806300FF091FA04B070BD6F
S31508012DB038E70208034637B50C4C6A462068A588E9
S31508012DC00090A079ADF804508DF8060013B9481C97
S31508012DD003B030BD0220D90748BF117802F10102BC
S31508012DE048BF40185B08F6D1F2E700BF9CCC020841
S31508012DF038B583790C460C33C518C35C03F00F0349
S31508012E00072B25D1AB789A0622D0E878C3061FD5B9
S31508012E10012100F00F00FFF7CDFF0E4B02359C4252
S31508012E2095BF1E234FF496730021012194BFB4FB6D
S31508012E30F3F4B4FBF3F42B5C2A1861F3C7132B5490
S31508012E409378547023F01F03C4F304242343937027
S31508012E5038BD00BFC3BF03004840704700EB0010F0
S31508012E60084480B2704700BF90FAA0F000BA80B259
S31508012E70704700BF044BD3F8012002605B7903F069
S31508012E801F030371704700BFB4200020204BF0B523
S31508012E90002914BF0C461C4600250646174613682A
S31508012EA08BB0C4F80130137925706371EAB2114603
S31508012EB0384612F0EFFC38B1237803F1280169444A
S31508012EC0013301F8282C23700135252DEED12278FE
S31508012ED02EB16946A01D0EF0E8FE0BB0F0BD002A22
S31508012EE0FBD00534F5B22946384612F0D3FC40B971
S31508012EF0B5FBF2F302FB13550AAB53FA85F515F840
S31508012F00285C0136252E04F8015FEBD1E5E700BF01
S31508012F10B4200020034B002818BF03460B449879B8
S31508012F20704700BFB420002070B50E4682EA1242EF
S31508012F3094B2214603463046FFF78EFFFFF794FF0A
S31508012F40FFF78CFFFFF790FFFFF788FFFFF78CFF6E
S31508012F50FFF784FF174D002B14BF1E462E46054664
S31508012F60FFF77AFF0246144B701CA3FB0213D11A12
S31508012F7003EB51035B0903EBC30103EB8103D21A8C
S31508012F80D2B2114612F086FC40B933786C40A4B22D
S31508012F9004FB03F306EB1346B07970BD731D2A369D
S31508012FA001E09E4204D013F8010F8242F9D1F4E7F9
S31508012FB0104670BDB42000204D91CFBA70B50446B5
S31508012FC018F0FAFF0B4E0546306818B10FF0A6FC4B
S31508012FD0002333602CB1222060430FF09DFC30B1F1
S31508012FE030600024284618F0E2FF204670BD1A24F6
S31508012FF0F8E700BF741A002008B5FDF735FE431C33
S315080130001BBF2222034B00201B6818BF02FB00309E
S3150801301008BD00BF741A00202DE9F0410F46164677
S3150801302011F019FA002239464FFA80F80446174872
S3150801303012F01FFD054601223946144812F019FD02
S31508013040454501DB804512DA054405EBD575C4EB28
S31508013050650040B20E4A92F90030834209DAC01A75
S3150801306000EBD07003EB600358B2BDE8F081002095
S31508013070F0E792F901308342F7DDB2F90230B34243
S31508013080DCBF00EBD07040F34700EEE7DF200020FD
S31508013090F81F0020014B1878704700BFE820002070
S315080130A0104B1A7842F0F0021A701A7C42F0F002BC
S315080130B01A7493F8202042F0F00283F8202093F83E
S315080130C0302042F0F00283F8302093F8402042F095
S315080130D0F00283F8402093F8502042F0F00283F87A
S315080130E050207047781A00204288F8B502F0070286
S315080130F0072A05461E4F2AD118F05EFF0022110144
S315080131007B5C07EB021C1B090F2B0AD00132062A2E
S31508013110F5D1184A13880133138018F048FF19208E
S31508013120F8BD2B681446ACF8023011237B5496B2CD
S3150801313018F03DFFFBF772FC07EB0413D8602B6808
S31508013140002023F4E02343EA06432B60E8E7130152
S31508013150F95C1446C1F30312013202F00F02052A83
S3150801316028BF002262F307112646F954E2E700BF99
S31508013170781A0020FC1F002038B54488054604F05B
S315080131800704072C0FD018F017FF074A2401135D0F
S3150801319043F0F00313552B6843F4E0232B60BDE895
S315080131A0384018F004BF38BD781A00202DE9F047D9
S315080131B0B0F80280074608F00708B8F1070F8946F4
S315080131C032D01A4D4FEA08142E5DFBF727FC05EBA2
S315080131D0081ADAF80C30360906EBC806C01A05EBE8
S315080131E0460670802B5D03F00F02042A9EBF01324A
S315080131F062F303032B55B9F1030F12D1295D02348A
S31508013200281901F00F0113F0CBFF044618F0D4FE7C
S315080132103A68074B134023433B60BDE8F04718F073
S31508013220C6BE4FF6FF74F1E7BDE8F087781A0020AD
S315080132300000FF7F242816D80F2805D802280CD8A5
S31508013240B0FA80F040097047084B103880B2C34085
S3150801325003F0010383F0010070470538012894BF84
S315080132600020012070470120704700BF2D20110062
S315080132702DE9F04F95B0FBF7DFFF42F23603867969
S3150801328005460C3630F80680841998450ED1FBF7A9
S31508013290D3FF02210FF00FF87F22A3780233A37020
S315080132A0AA55002320222377627063770121E078EB
S315080132B0FCF7CEFC00230546ADF84630002800F0A1
S315080132C0C280CDE91233237AE2888DF84A30E37A4F
S315080132D0ADF848208DF84E30E378B4F80920FE2B76
S315080132E0A388ADF84C2003F01C014FF6FF7208BF06
S315080132F04FF480421C2922D0DDE91201884201D807
S315080133001F281AD841F21105FBF79CFF0446EAB2B9
S31508013310012341460FF021FEA3791C44BDF946302D
S31508013320002BACBF05226FF0040213440A2293FB5B
S31508013330F2F3A37415B0BDE8F08F9142E2D813F009
S315080133401003E67D677E04D0012E0AD041F21205EC
S31508013350DAE706F0FD02012AD4D17A1ED2B2022A90
S31508013360D0D8227B013A062ACCD87BB9FFF744F894
S31508013370032E08BF04260640F6B2002EC2D0032F3C
S3150801338008BF04273840C0B20028BBD0E07814F043
S3150801339087F920B1A088FFF74DFF0028D6D02B4A20
S315080133A0237F1278002A47D0042BCFD8677F042FB2
S315080133B0CCD8E07D94F91620032808BF04207F2A7B
S315080133C008BFC822667B1CBF02EB820252000E961A
S315080133D0A67B18BF92B2B4F804C0E18894F80C90A1
S315080133E094F815A094F818B00F96ADF84620667EA5
S315080133F0B4F80920CDE90B37E37E032E08BF04266E
S31508013400003B18BF01230A93A37E04F10F0ECDE9F1
S3150801341008630DF14603CDE904A30F9BCDE9060B1D
S3150801342001930E9B284600935FFA8CF3CDE902E9D6
S3150801343010F0DFF8054667E7002B7FF463AF677F77
S31508013440002FB6D05EE741F207055DE7E9200020C7
S315080134502DE9F047FBF7F0FE83790C33C41826797A
S31508013460E7787EB14FF000080534B0452FDB00251B
S31508013470FBF7E8FEEAB20023BDE8F04742F239015C
S315080134800FF06BBD012F42D035464FF09809DFF892
S315080134908C8098F834309D42E4DAD8F8300009FB7C
S315080134A0050090F86130FF2B0AD0B0F85820C2F316
S315080134B00013D20606D500231A461946FCF73CFB2B
S315080134C00135E6E71A46194600F0CEFFF8E72078F7
S315080134D0B4F80150A0F1FE035942594194F80390FA
S315080134E00434FCF7B5FBA8B1B0F858302A4613F0F6
S315080134F0100F39464B4607D0FCF71EFB0546002838
S31508013500B6D108F10108B0E700F0AEFFF6E741F2DF
S315080135101205ADE741F24205AAE700BF841500206E
S315080135202DE9F0411D4690460E460746FEF7DEFC9C
S31508013530FEF7C2FC04464046FEF7BEFC194B04449E
S315080135409D4225D9184B9D4215D9184B013D93FB30
S31508013550F4F3002BB8BF03339A1005EBA305B5FBAB
S31508013560F2F379683268A1EB930102EB43027960C1
S315080135703260BDE8F0810E4B0E4AA3FB05535B0989
S3150801358004FB03F303F6C313A2FB0323DB0AE8E7F1
S3150801359004FB05F3084A03F574338F33A2FB0323AF
S315080135A01B0CDEE74C6210001366660640420F00EC
S315080135B01F85EB515917B7D183DE1B433A289ABFAA
S315080135C0014B185CFF2070473DE70208024B1A6859
S315080135D018600260704700BFDC1A00200022024B07
S315080135E01A601A71704700BFDC1A002070B50646CA
S315080135F015460C4618F0E0FC337B23EA050344EA3A
S31508013600030131730A4C1DB923791943217106E067
S3150801361000231946226823712AB9002BF6D1BDE881
S31508013620704018F0C4BC137B126819430123F3E7F1
S31508013630DC1A002070B50E4B06461B7901EA030415
S31508013640994313D194B118F0B7FC0546304610F0EA
S31508013650FFFE30B103781C4304704FF4007011F07B
S31508013660B5FC2846BDE8704018F0A1BC70BD00BF86
S31508013670DC1A00202DE9F047074610F0E9FE04465A
S3150801368000283DD045784DB918F096FC2378257069
S315080136906370204B1B68636018F089FC4FF00108C2
S315080136A0DFF87090667836B923784BB34FF400701B
S315080136B011F08CFC24E096FAA6F5B5FA85F508FA18
S315080136C005F55FFA85FA636833B9D9F8003026EA51
S315080136D0050565706360E5E79A68A2B11B7B3AEA5E
S315080136E0030310D1BAF1000F0DD051463846904761
S315080136F048B102280BD0012805D163681B686360AD
S315080137000120BDE8F08763681B686360DBE700207A
S31508013710F7E700BFDC1A002070B500250E4EFDF74D
S31508013720E3FCA84200D870BD3068FDF785FA40B1C0
S31508013730FFF7A0FF28B94FF40070BDE87040FEF707
S31508013740BFBD3468FDF7D0FC0134B4FBF0F303FBCD
S31508013750104401353460E2E7D81A0020F8B5064668
S315080137600C4617461D4610F068FE10F0080003D0F7
S315080137700221304611F0CAFA4FF0290C134BC5F154
S315080137802001A5F12002EB400CFA01F10B432CFABA
S3150801379002F21343DB0700D470B11121204613F05E
S315080137A0D3F8204613F0C1F8457087702146304694
S315080137B0BDE8F84013F0AEB80D21204613F0C4F861
S315080137C0204613F0B2F84770F0E700BF00004084C6
S315080137D02DE9F34105460C46009110F028FE030732
S315080137E005D568460EF090FD02B0BDE8F081009F50
S315080137F097F8068008F10C0817F80800FFF7DEFEAF
S31508013800FF2806460ED10021009B01A81A681960F7
S3150801381001920EF079FD284617F80820009913F051
S31508013820A5F8E1E738460EF0FEFD0138B042EAD1C7
S315080138300B4B1E684EB921462846A37923441A7BA9
S3150801384002B0BDE8F04113F091B873680BB9366858
S31508013850F0E72146284698470028F8D0C4E700BF74
S31508013860DC1A002037B504460D460821FFF7E2FEAB
S315080138702046082110F0DDFD2946204610F022FEDB
S315080138802146012013F019F92146002013F015F9F4
S31508013890012000232146034A009013F09FF803B044
S315080138A030BD00BF8D68020837B5044613F082FAA9
S315080138B00321204610F009FE002503462146012072
S315080138C0034A009513F08AF8284603B030BD00BFB5
S315080138D09B6C02082DE9F74F80460F4610F0ADFDA7
S315080138E010F4801450D102200EF083FE06460028FB
S315080138F04CD0BB7921460C333B44B3F80490B3F85A
S3150801390006B0B3F808A013F01FF8304613F00DF807
S3150801391002210546404610F0D8FDA5F804906881B5
S31508013920A5F806B0A5F808A00FF001FA09F10109F2
S31508013930B0FBF9F303FB1900022368806B70B379B6
S315080139403146BB71FB71F2793846D21AD2B2234697
S315080139500EF0F8FE4146012010F060FD1022C76006
S315080139606B89414601200092094A13F037F84FF452
S315080139708031404610F063FD4046314612F0CAFFD9
S31508013980204603B0BDE8F08F2320FAE70720F8E7C1
S31508013990F16D02082DE9F34104460D460146012061
S315080139A010F03CFD01210746284612F0CDFF2846B6
S315080139B012F0BBFF064600F101084046FFF75AFA26
S315080139C0D6F801300221C7F8123073792046BB7543
S315080139D010F07BFD29460746F080204612F09AFF33
S315080139E020232146009301203B46034A12F0F6FFA5
S315080139F0002002B0BDE8F081816D02087FB504465A
S31508013A000D4610F014FDC2073BD5204610F015FDF2
S31508013A10430715D5002320461A460DF10F0110F06C
S31508013A2071FF9DF80F30062B0AD82846FAF794F845
S31508013A30012200232046FDF77FFD002004B070BD5A
S31508013A400E21284612F080FF284612F06EFF064620
S31508013A50FEF7CCFCC6F80510FEF7C8FC2946C6F8E1
S31508013A600100204612F056FF0321204610F02DFDD5
S31508013A7000220346009221460120034A12F0AEFFB6
S31508013A80DBE70821DDE700BF9F6C020808B5074A96
S31508013A900749084813F0F1F80648FFF797FDBDE80E
S31508013AA00840002204210348FFF7A0BD6F6E0208F3
S31508013AB01D3C0108E41A00202DE9F04191F8068021
S31508013AC00F4686B008F10C080391044601EB080677
S31508013AD00146012010F0A2FC17F808300546023B02
S31508013AE00F2B00F29280DFE803F008909090906720
S31508013AF09071909031609090905118F05DFA7178BC
S31508013B000546204610F0DEFC0821204610F091FCFF
S31508013B102146012012F0D1FF2146002012F0CDFFE7
S31508013B200123009300233A4A1846214612F056FF0C
S31508013B3008212046FFF77EFD03A80EF0E5FB28467F
S31508013B4018F035FA012006B0BDE8F081B3882046A1
S31508013B507288717810F0C1FE204610F06EFC83075A
S31508013B6008D42046039913F025F901212046FFF7C9
S31508013B7061FDE7E7AA68274B9A4203D1214601204E
S31508013B8012F06BFF03A80EF0BFFBEEE7836843B1A3
S31508013B9003AA0492B27803218DF8142004AA2046B8
S31508013BA0984703A80EF0B0FBCCE78368002BF8D042
S31508013BB003AA04927278EEE78368002BF1D00022FB
S31508013BC0059203AA0492042104AAE8E7039D214663
S31508013BD00120AE7910F022FC0F4B82689A4203D07D
S31508013BE02846F9F7B9FFADE7AB19D3F80D202046FA
S31508013BF0D3F81130FDF7A0FC2846F9F7ADFF2146A9
S31508013C00012012F02AFF0221B0E700209BE700BF3E
S31508013C10A96D02089B6C02089F6C0208F7B50D4650
S31508013C20044610F004FCAB790C33EF5CEE18C307BD
S31508013C306DD5012F48D0082F41D0002F5AD171894F
S31508013C40204612F0B9FEB188727809290B4638BFA9
S31508013C500923013B9BB29A4209D873888B428CBFD0
S31508013C6000230123002A08BF002300EA0307204690
S31508013C70FCF7FAFF80B210F08CFB70B14088B1886E
S31508013C80F38832890090084612F0D6FD38B92846DD
S31508013C90F9F762FF012003B0F0BD0120EFE7002F1D
S31508013CA0F5D02146002010F0B9FB1022C5607389B2
S31508013CB000921A4A2146002012F090FEEAE72946A8
S31508013CC0204613F00FF8E5E72046F18812F074FE56
S31508013CD00746701C11F002FE0028D8D0002FD6D056
S31508013CE02146002010F09AFB2022C560F388009235
S31508013CF00B4ADFE7294620460FF0DAFB0028C9D12F
S31508013D002946204603B0BDE8F040FFF7D5BE0E2F81
S31508013D10D5D0294620460FF0BAFBEFE7F16D020828
S31508013D20396D020838B504460D4610F086FB420780
S31508013D300FD4204610F081FB83070AD420460221BE
S31508013D4010F07DFB29462046BDE83840034A12F0AB
S31508013D5029BF2846F9F700FF002038BDA938010810
S31508013D6038B504460D4610F062FB00F0050004283C
S31508013D700CD1204610F061FB10F4C02F06D129465C
S31508013D802046BDE83840044A12F00CBF2846F9F728
S31508013D90E3FE0C2038BD00BFD5380108014A12F0F0
S31508013DA001BF00BF9539010870B505460C460146A5
S31508013DB0012010F033FB0646284610F03EFB0107AA
S31508013DC004D52046F9F7C8FE002070BD33685A05A8
S31508013DD0F7D4284610F02BFBC30708D521462846F9
S31508013DE0FFF7A0FF18B90EF004FC044670B156E8B7
S31508013DF0003F43F4806346E80032002AF7D12146A2
S31508013E002846BDE87040024A12F0CCBE0720DCE71E
S31508013E10FD39010873B504460E4610F008FB00F09B
S31508013E200C0004284FF0020035D10EF0E2FB0546DE
S31508013E3098B34379022143F00203437112F084FDDA
S31508013E40284612F072FD29464670204612F062FD98
S31508013E501621204610F036FB0821204610F0E9FA13
S31508013E602146012012F029FE2146002012F025FEE6
S31508013E70204612F0CCFE0121204610F026FB03460F
S31508013E8001202146064A009012F0A8FD2046082185
S31508013E90FFF7D0FB002002B070BD0720FBE700BF8B
S31508013EA0C96C0208F0B50D4689B0044610F0BFFA90
S31508013EB0AB7910F0010003F10C0305EB0302EB5C8F
S31508013EC000F09E80033B082B00F23181DFE813F0F6
S31508013ED009002F012F0182002F012F012F015C00FC
S31508013EE07C00D2F80100D2F8051003ABB2F80970CC
S31508013EF003C302F1130301210B32204611F001FD20
S31508013F000421284612F020FD284612F00EFD064629
S31508013F100C2105A800F080FA05AB03CB3346C6F899
S31508013F200100C6F80510079A002143F8092F204613
S31508013F30721C11F0E6FC2146002010F06FFA0346C8
S31508013F4003AA478303CAC3F81200C3F8161020460A
S31508013F500821FCF79FFE8021204610F06AFA2046C8
S31508013F6011F0EBFC2946204612F0D4FC0321204629
S31508013F7010F0ABFA0346002021466E4A009012F073
S31508013F802DFD012009B0F0BD0B21284612F0DCFCFD
S31508013F90284612F0CAFC2946204612F0BBFC18F046
S31508013FA00BF80546C021204610F043FA4FF480511C
S31508013FB0204610F044FA284617F0F9FF4FF48061BD
S31508013FC0204610F040FADCE72846F9F7C5FD4FF41C
S31508013FD00071F5E70621284612F0B6FC284612F0CC
S31508013FE0A4FC204610F0A0FC2946204612F092FCBB
S31508013FF0204611F0C7FC2146002012F02EFDC0E72D
S31508014000043B072BBED801A252F823F02D40010824
S3150801401051400108B3400108853F0108853F010861
S31508014020853F0108853F0108C940010820468021CE
S3150801403010F0FFF9AA7920460C322A4402F1090345
S315080140400021013211F05DFC2846F9F785FD98E754
S315080140504FF48060FEF744F9B0B100274FF40061D0
S31508014060204610F0ECF92046CDE90577FCF7FCFD72
S315080140700646204610F0D9F939460346009505AAA1
S31508014080B0B212F0FDFA7CE72146012010F0C6F91C
S3150801409000F11201204611F08AFC0621284612F089
S315080140A053FC284612F041FC2946204612F032FC00
S315080140B067E72846F9F750FD2146012012F0FDFC75
S315080140C0204611F05FFC5CE717F076FF0646802173
S315080140D0204610F0AEF94FF48051204610F0AFF9A2
S315080140E0304617F064FF4FF4C061204610F0ABF973
S315080140F02946204612F00EFC2146012010F08EF9C1
S31508014100C268054682B1937901210C331A4402F13A
S31508014110130320460B3211F0F4FB204611F00DFC77
S315080141202046E96812F0F6FB0023EB6029E7002038
S3150801413028E700BFA96E020808B507490022074803
S3150801414012F09BFD0548FFF741FABDE8084001203A
S315080141500021FEF7CBB800BFA53E0108F41A0020DE
S3150801416038B50C468B7905460C331944E35C142B98
S3150801417003D0152B0FD0002038BD013112F00FFFE7
S3150801418015212846224612F054FF2146284612F0E8
S31508014190C1FB0120F0E70146012010F03FF90B4B66
S315080141A082689A4203D02046F9F7D6FCF1E7A1794D
S315080141B0284621440D3112F0F2FE2046F9F7CCFCCF
S315080141C02946012012F049FCE3E700BF877002087F
S315080141D037B504460D460A46142112F02AFF294628
S315080141E0204612F097FB0321204610F06EF9302283
S315080141F00346009221460120024A12F0EFFB0020F5
S3150801420003B030BD8770020808B5094A09490A484A
S3150801421012F033FD0848FFF7D9F9022106480022B2
S31508014220FFF7E4F9BDE8084020200021FEF75EB853
S315080142308B70020861410108041B002073B51E46F4
S31508014240ADF800208DF80230009B044601A80193C1
S315080142500D46114612F08DFE9DF80630B34203D184
S31508014260BDF804308B4205D02846F9F775FC1220B3
S3150801427002B070BD204610F0EDF99DF80230827A41
S315080142809A4209D18288BDF800309A4204D128465B
S31508014290F9F762FC0020EBE76946204610F0A4FD19
S315080142A029462046014A12F07DFCE1E7D141010881
S315080142B037B5044612F02EFB0321204610F005F906
S315080142C00025034621460120034A009512F086FB84
S315080142D0284603B030BD00BFE57002082DE9F04756
S315080142E08846212104461746994610F00FFD88B3E2
S315080142F0204610F0A2F810F4103F2ED102200EF03D
S3150801430078F9054658B34FF00A0A232112F01CFB27
S31508014310284612F00AFB012397FBFAF708F1FF3248
S3150801432093404370064687704846FAF7F3FE90FBBA
S31508014330FAF04FF48041F070204610F080F84146BB
S31508014340204611F0EDFC29462046BDE8F047054A0E
S3150801435012F028BC1120BDE8F0872320FBE70720CF
S31508014360F9E700BFB1420108F0B507460E46144603
S3150801437085B00C4B6946384603F11002FEF72EFC50
S315080143800028F6D0102C254628BF102530462A4687
S3150801439069460DF08AFC641B2F442E44E9D105B009
S315080143A0F0BD00BFEA20002030B589B02022694659
S315080143B0FFF7DAFF6A460C4D04AB144603CC9C4260
S315080143C028606960224605F10805F6D1074C1A46A8
S315080143D003CA616008A98A422060134604F10804E9
S315080143E0F5D109B030BD00BFEA200020FA2000202F
S315080143F010B588B0694620200BF0F0F8044630B9AC
S315080144006846FFF7D1FF0122024B83F82020204698
S3150801441008B010BDEA20002070B5124B054693F886
S3150801442020300C468CB00BB9FFF7E2FF10220021B1
S3150801443068460DF02FFC4CB92022214604A80DF040
S3150801444029FC04A8FFF7B0FF0CB070BD102C264656
S3150801445028BF1026294632466846FFF785FF3544A8
S31508014460A41BE8E7EA2000202DE9F3411E468369EB
S3150801447004460D4617462BB171B30025284602B0EE
S31508014480BDE8F0810029F8D0B0F85830990703D56E
S31508014490438D002B00F0048120460FF096FA05465D
S315080144A00028EBD12046628D218DFCF7BFF8012E3D
S315080144B027D040F27123B4F854205A43904220D9A8
S315080144C0B4F856205A43904215D9294620460FF08A
S315080144D0DFFD41F24505D1E717F06EFD064629468F
S315080144E0206D0EF02AFD204629460FF0D1FD3046F3
S315080144F017F05DFDC1E700F51C70B0FBF3F0A4F8F9
S315080145005400636BABBBD4F83880B8F1000F0DD1FA
S3150801451020460FF04EFC054640B1414620460FF0B5
S31508014520B7FD192DAAD141F20705A7E7A26B42B13A
S31508014530236A13F4007104D1C4E90D2123F400237D
S315080145402362B4F858309A0742D5204612F0A2FFE2
S31508014550A0B3204612F0B9FF0546002800F0848072
S31508014560204600210FF094FD04F140000DF0CCFE29
S31508014570D7E7204601A912F019FF0028E1D0204605
S31508014580019912F051FF054640B1204600210FF06E
S315080145907FFD04F138000DF0B7FE6FE7A36B002B22
S315080145A0CFD0236A13F40075CBD104F134000DF092
S315080145B0ABFEA36BC4E90D35236ABFE7E36B3BB9D1
S315080145C0D4F84080B8F1000F3ED0226C002A4FD1B2
S315080145D0B4F85830DB0755D4334B3246A361394614
S315080145E000232046FBF74EFA054600287FF446AF1E
S315080145F0206D01210EF0A1FC206D0EF09FFC002814
S315080146003FF43BAF616B29B9A16B00293FF435AF84
S31508014610C4E90D15204612F007FF054600283FF4A8
S315080146202DAF17F0C9FC06460021206D0EF085FC5A
S31508014630204600210FF02CFD236A304623F400237F
S31508014640236217F0B4FC19E720460FF023FC054650
S3150801465050B1414620460FF01BFD04F134000DF020
S3150801466053FE04F1380081E7E36B002BB0D1ACE7C8
S31508014670236A13F4806102BF23F40023C4E90F21DE
S315080146802362A5E7094DA86A0028A5D10DF0B1FF57
S315080146900146A86200289FD120460FF0F9FC42E79F
S315080146A041F20C05EAE600BF4D0001088415002019
S315080146B070B5002498260C4D95F83430A34200DCD9
S315080146C070BD2B6B06FB043393F86120FF2A03D0D8
S315080146D0186D18B10EF03DFC0134EDE7D86C0028D1
S315080146E0FAD00EF0EBFBF7E784150020102210B57F
S315080146F088B00C4601460DEB020013F005F94FF49C
S31508014700105380221021CDE90132094B224600932C
S315080147100DEB01004FF4806313F02EF810210446C7
S315080147200DEB010013F0FAF8204608B010BD00BFE2
S315080147300002C003F7B50027054603200E46019778
S31508014740F5F7F0FA0122014601AB1046F7F7DCF955
S31508014750044618B12F60204603B0F0BD3146094A18
S3150801476001980BF06AF90646019846B117F0F1FE71
S315080147702C60304612F0DEFF40F20744EBE7286072
S31508014780E9E700BF0002C00337B50D4B41881C6835
S3150801479001AA0DF10203008814F081FE043CBDF85C
S315080147A00210A4B2A142054688BF2146019A0548CE
S315080147B088BFADF8024016F0C7F8858003B030BD52
S315080147C0E41B002020840A16002110B5821D838867
S315080147D0044608460EF050F8024648B1618820881A
S315080147E014F089FE0446034816F0A7F8848010BD24
S315080147F01A24F8E720020A1708B50146034631F8D4
S31508014800040B5A8815F00BF8034816F096F800239E
S315080148100371437108BD00BF20020A1B40F205530C
S3150801482020F0004098422DE9F0410BD840F201539F
S31508014830984209D840F2014398420DD040F20A4302
S31508014840984214D0BDE8F081A0F20350022816D888
S31508014850DFE800F024495C000D784C882D480DF0FE
S31508014860F5FB0028EED00571A0F80540EAE72A48CD
S315080148700C780DF0EBFB0028E4D00471E2E7274839
S315080148800F784E880D79CC880DF0E0FB0028D9D039
S315080148900771A0F80560C5710481D3E78C684E8855
S315080148A00D790F7884B1B1F8068001F108021C4828
S315080148B000210DF006FC0028C4D00771A0F8056098
S315080148C0C571A0F80880BDE723462246214614484B
S315080148D00DF0CDFB0028B5D00771A0F80560C571AC
S315080148E004724472AEE70F4891F800804F880E793A
S315080148F0CD880C890DF0AAFB0028A3D080F8048086
S31508014900A0F80570C671058144819BE70D784C684E
S315080149100548A4E79CE7020888E7020898E7020821
S3150801492094E7020890E702088CE702082DE9F043AC
S3150801493085B081460F4601A8134916461D46DDF87E
S3150801494030800AF0A1FA0446C0B9029B01A8A3F86F
S315080149500490DF800AF006FB029904460DB1CB8864
S315080149602B60B8F1000F06D0CA88B2420AD8404671
S3150801497008310DF09AF901A815F002FF204605B095
S31508014980BDE8F0831D24F6E7B0E7020830B587B025
S3150801499005460C4600930749134603A802220AF066
S315080149A093FA28B9049B03A89D80DC8015F0ECFED8
S315080149B007B030BDA8E7020810B586B004460B4615
S315080149C000920649022203A80AF07EFA20B9049B3E
S315080149D003A89C8015F0D8FE06B010BDA0E7020812
S315080149E038B50A4B04461B680D462BB143699B072C
S315080149F002D513F0A5FD30B12A4620680421BDE889
S31508014A00384015F025B8A3699D6138BD141B0020EF
S31508014A10024B1868003818BF01207047141B002084
S31508014A2013B50446019120B901A80DF06DFC2120AA
S31508014A3012E008460029FAD00DF0F5FC80B20028EC
S31508014A40F2D0094B20461B6801994BB1984728B902
S31508014A502046019900F090FF02B010BD0020FBE747
S31508014A6001F0C8FBF3E700BF141B0020436A73B5C6
S31508014A709904044625D415F039F9636A03F4804389
S31508014A8008B3A26AD2041ED4D4F80100002BB4F8E4
S31508014A900520E37904F10105009029460CBF53204E
S31508014AA01420ADF804208DF8063013F0F4FC40B953
S31508014AB06946284600F092FB18B9636A43F0080371
S31508014AC0636202B070BD002BFBD1084D661C2946F6
S31508014AD0304600F083FB0028F3D12B68C4F8013077
S31508014AE0AB88A4F80530AB79E371E6E7531B0020E0
S31508014AF02DE9F0411E4E3071C0B3334600224821DC
S31508014B00F7F702F838B905464FF0480807463379EA
S31508014B10AB4202DC0020BDE8F0813468002108FBC5
S31508014B2005441422A76104F134000DF0B3F8A0225C
S31508014B304FF4A073C4E90723072304F1100084F88E
S31508014B403130E773E7710DF0DFFB04F114000DF066
S31508014B50DBFB204613F059F840F20113E3857F2366
S31508014B60A76284F8323067620135D0E73060D1E751
S31508014B70181B0020074A03461179814208D9106893
S31508014B8038B1482202FB0300406A00F00100704771
S31508014B9000207047181B002038B505460C46FFF75C
S31508014BA0E9FF034638B148220020044B1B6802FB83
S31508014BB00533236038BD2120FBE700BF181B002001
S31508014BC02DE9F04F0446364A93B0106851680FAB89
S31508014BD003C3906812AA1860E37B02EB4303626A77
S31508014BE033F80C5C170548D40127B84645F010057B
S31508014BF0A67BC2F30043C6F3C006920348BF43F03F
S31508014C00020386F00106B8F1010FD4E9072194F8E9
S31508014C10009094F831A004F1080B0B9194F93240F5
S31508014C20F6B209D0B8F1020F06D0B8F1040F14BFD5
S31508014C304FF000084FF00308012F05D0022F03D0CB
S31508014C40042F14BF002703274846CDE90C2313F088
S31508014C507CF80D9BCDE90770CDE903B301232946FD
S31508014C60CDE900A3DDE90B324846CDE905480296B0
S31508014C7001F0CAFC13B0BDE8F08FA36A94F82E8040
S31508014C809E0648BF45F02005580648BF45F0400531
S31508014C90110494F82F7048BF45F00405A8E700BF32
S31508014CA0B8E7020837B5044648B104782046FFF745
S31508014CB061FF10B9002003B030BD0134E4B2074DDD
S31508014CC02B79A342F6D9204601A9FFF765FF08B952
S31508014CD00198F0E70134E4B2F2E700BF181B00209F
S31508014CE070B5144B0546197918680023994201DCF9
S31508014CF01A201AE0426AD60718D490F83940640790
S31508014D0014D4DCB203460C4903F8014BD1F80B6005
S31508014D1042F00902C0F80160B1F80F60497C9E8033
S31508014D2099714262FFF74CFF2C7070BD0133483010
S31508014D30DCE700BF181B0020481B002073B5057966
S31508014D40C67801A92846FFF727FF00BB019C28461C
S31508014D50636A23F01003636214F0C7FF76B9294624
S31508014D60A069621C0F4B00F09DF8222231460D48BE
S31508014D70A66102B0BDE870400CF08CBF204612F067
S31508014D8044FF636A5A0604D523F04003636202B0FE
S31508014D9070BD284604F1340102B0BDE8704002F046
S31508014DA001B800BF6C1B002037B504460D4613F049
S31508014DB079FA6988204614F01DFF6A7E2B7E204603
S31508014DC043EA0223A4F862306A7F2B7F43EA02236F
S31508014DD0A4F86430EA7EAB7E43EA0223A4F866307F
S31508014DE01B23A4F86C302D4B5A8B9B8BA4F8682097
S31508014DF0A4F86A30022384F8723014F02FFF204693
S31508014E0014F099FE94F87330022B15D114F075FE3F
S31508014E1070B194F87530FF2B0AD105212046A36895
S31508014E2043F48053A36003B0BDE8304013F0B5BA2C
S31508014E300021204614F0E1FE0021204600F048FA40
S31508014E404FF6FF73288C984225D000F0F3F90094A9
S31508014E5000F0DCF96A46ADF8040040F20621104874
S31508014E6015F01CFE002240F20221204615F0D2FD63
S31508014E70204601F0CDFE204614F063FE204601F0DF
S31508014E80FBFAA368012123F480432046A36013F0AB
S31508014E9088FA03B030BD0020D9E700BF481B0020BF
S31508014EA03C1B0020F7B504460F46164668465A7954
S31508014EB0991D1D4600F070F92CB96946304601F076
S31508014EC0A5FD0446A0B140F2032384F87670A4F840
S31508014ED0723033682946C4F85A30B3882046A4F894
S31508014EE05E30B37984F86030FFF75EFF03B0F0BD3A
S31508014EF0032140F2064014F06BFD6B88A0F80330DD
S31508014F000D2343710148FAF7C7F9EFE7236302084E
S31508014F10A0F11B03E02B10B5044618D8042142F270
S31508014F20240014F055FD6FF06F0343714223A0F876
S31508014F30034083710748FAF7AFF914F04CFD40793D
S31508014F4020B114F048FD407940F4805010BD21206D
S31508014F50FCE700BF3F64020807B590F870304FF4CC
S31508014F60887101AA03488DF8043015F097FD03B03E
S31508014F705DF804FB3C1B0020F7B5C67805463C2EB8
S31508014F8000F1020404D103B0BDE8F04013F054B9AE
S31508014F9087792FBB234A156A1762D6B12146284657
S31508014FA046F4805613F07EF940F201216A462846F6
S31508014FB0EE6085F87270CDE9005615F06FFDAB68A5
S31508014FC0394643F480632846AB6001F0A9FD03B076
S31508014FD0F0BD2146284603B0BDE8F040FFF7E4BE20
S31508014FE04FF6FF73408C98420DD000F023F950B16B
S31508014FF000F090F823460246FF21002003B0BDE8E1
S31508015000F040FFF74FBF2346074A22351446186872
S315080150105968083303C4AB422246F7D11B8823805B
S31508015020D5E700BF481B00206C1B00201FB50446AE
S31508015030B0F8030001F028FD08B3B4F8053090F87C
S315080150407020A0F86C308DF80420ADF80630227A6D
S31508015050E37940F2091143EA0223ADF80830A27A4E
S31508015060637A084843EA0223ADF80A30227BE37AD9
S3150801507043EA022301AAADF80C3015F00FFD04B07E
S3150801508010BD00BF3C1B00201FB50446808801F0F7
S31508015090FBFC80B190F870300E218DF80430D4F8FD
S315080150A006300648CDF80530D4F80A3001AACDF8FD
S315080150B0093015F0F3FC04B010BD00BF3C1B0020FD
S315080150C013B50446808801F0DFFCD8B190F870303A
S315080150D06A468DF80030E3784FF403718DF8013094
S315080150E0A37909488DF80230E3798DF80330237ADC
S315080150F08DF80430637A8DF80530A37A8DF8063079
S3150801510015F0CCFC02B010BD3C1B002000487047CE
S31508015110531B002008B514F0E9FD044B1A46073362
S31508015120002808BF1A46104608BD00BF4C1B0020C0
S3150801513010B58379044613F0280F21D00268114B64
S31508015140C3F80B208288A3F80F20827900205A74AD
S31508015150FFF7A8FD20B9BDE81040032001F0D0BD36
S31508015160436A13F4C04FF3D1226843F00803C0F829
S315080151700120A288A0F80520A2794362C271E7E757
S31508015180212010BD481B00204379024A9B09D05CA7
S31508015190704700BFD4E702080B6810B503608B8817
S315080151A0FF2A0446838002D10723A37109E0032A53
S315080151B008D8054B9B5C072B837102D1FFF7E4FFE7
S315080151C0A07110BD0023F0E7D8E702088379024AE7
S315080151D003F00703D05C7047CCE7020810B58B795A
S315080151E08279094C02F0070203F00703A25CE35C2B
S315080151F09A4206D1062215F08EFAB0FA80F04009D5
S3150801520010BD0020FCE700BFC4E7020860B1142204
S31508015210074B1B68C31AB3FBF2F3007CDBB240EA07
S31508015220032000B280B270474FF0FF30FAE700BFA3
S315080152302824002010B50246142408490B7A096867
S31508015240FF2B01D1002010BD6343C818CB5AC3F305
S315080152500B039342F7D0437CF2E700BF28240020D2
S31508015260F722014B1A8070478C25002010B5044699
S3150801527058B30068836CA3421FD1636883642246CE
S31508015280124915F0D7FB04F10C0015F0F3FB04F1F4
S3150801529044000DF039F8A06948B114300DF034F81E
S315080152A0A06918300DF030F8A0690DF037FB2046DB
S315080152B0BDE810400DF032BB1346002BDFD05A680B
S315080152C0A242F9D162685A60D9E710BDD1850208B0
S315080152D070B5054648200E460DF01EFB044650B132
S315080152E0FFF796FB60B11C200DF016FBA06128B9EB
S315080152F020460DF013FB0024204670BD00230370E1
S315080153000321284614F079FCAB6C22466360AC6431
S3150801531017232681002663811449284625602677A6
S3150801532066640AF0A5F801F007FE3246014604F163
S315080153300C000AF09DF802232374FFF769FB18B9DC
S315080153400B4B1B78002BD7D00A4B19881729D3D9B1
S31508015350204612F071FB0028CED11321204613F006
S31508015360FCF8636943F002036361C5E7D185020866
S315080153700B2100208C250020F8B5054610B34C1CDE
S3150801538020D0114C2468247E8C421BDD3F2919DC70
S31508015390032701F0030600EBA10191F831407600DD
S315080153A0B74002F0030224EA0704B240224381F817
S315080153B0312013B1002113F083F92846BDE8F840DE
S315080153C013F0DDB9F8BD00BF281B002070B51646DD
S315080153D000221A7032800A7A0D46072A4DD8DFE86C
S315080153E002F004090D111A1E304AE86830F8023B2A
S315080153F0338043E0EB68981D5B88F9E7EB68981DF5
S315080154009B88F5E7697B13F0A8F902221C4B1880E3
S315080154101846328032E002231A4833802EE01A4CAD
S315080154202B7BE88923702B88E11C013363702B8859
S3150801543001331B12A37000F0A7F903303080204610
S315080154401CE0124CA889EB89020AA3701B0A20707A
S315080154506270E37000F00EFA58B1C3681A88022A1E
S3150801546007D19A782271DB7863710623074833805E
S3150801547004E00423FAE780221A70002070BD00BFF9
S3150801548025210020DCE70208122100200C2100203A
S31508015490054A064B1860136843F001031360828BB3
S315080154A0034B1A80704700BF201B0020281B0020D1
S315080154B0FE1F002010222DE9F04FDFF858818FB02A
S315080154C0002105460DEB02000CF0E4FBD8F80010AC
S315080154D011F008040AD04D4B03F1100253F8041BCE
S315080154E0934245F8041BF9D100242CE021461022E9
S315080154F028460CF0CFFB02A904A80294FFF7F6F898
S31508015500044600BB0390029903A8FFF713F9044662
S31508015510B0B982463E4BA2B21B68D988914216D8C9
S31508015520294603A812F0A3F90446029812F088F94D
S31508015530002C5AD01022002128460CF0ABFB02E0C1
S31508015540029812F07DF920460FB0BDE8F08FD3F826
S3150801555000B0A7B24FEA07190BEB07173846ADF8A3
S3150801556006A013F0FBFC0646384600F053F900285E
S3150801557039D0A6F520539BB2032B02D9B6F5245F81
S3150801558023D13BF809303946ADF820300DF1060232
S3150801559000200DF10503ADF82260FFF717FFBDF8EE
S315080155A006600146324609A80CF07FFB321D0398B6
S315080155B008A912F053F90646A8B103A812F077F91B
S315080155C0029812F03DF93446BDE706F55643FF3316
S315080155D09BB2042B07D83BF80930ADF82260ADF829
S315080155E020300026E2E7013494E7084B05F1100262
S315080155F055F8041B954243F8041BF9D1D8F8003035
S3150801560043F00803C8F800306EE700BF27210020E1
S31508015610281B0020201B0020134B01461B6870B570
S3150801562013F0040306D00022104B1C68E38990B2DC
S31508015630834209D80E4A14680022E58990B2854248
S3150801564009D84FF6FF7005E0A56835F81250013202
S315080156508D42ECD170BDA66836F8126001328E42D1
S31508015660ECD1034498B2F5E7201B0020241B002047
S31508015670281B0020094B1B685B070AD5084B1A68CB
S31508015680D389834203D9936833F810007047C01A47
S3150801569080B2044B1B689B68F6E700BF201B0020FD
S315080156A0241B0020281B002038B5046805460C2257
S315080156B02046084915F02FF850B90222064904F187
S315080156C00E0015F028F818B902200C342C6038BDE4
S315080156D01020FCE7DFE70208EDE702082DE9F743AA
S315080156E01028019146D101A8FFF7DEFF022806D14D
S315080156F0019B1888FFF790FF03B0BDE8F0831F4BA5
S31508015700019F1E6816F0040608D000241C4BD3F826
S315080157100080B8F81660A5B2AE420BD80025194B21
S31508015720D3F80080B8F81690ACB24C4510D34FF6B2
S31508015730FF70E1E7D8F81000102200EB0410394693
S3150801574014F0E9FF01340028E5D145F40040D3E718
S31508015750D8F81000102200EB0510394614F0DBFFCB
S3150801576001350028E0D1A0196FEA40406FEA5040A0
S3150801577080B2C1E70228DAD1BAE700BF201B0020B0
S31508015780241B0020281B0020020408B51DD5124B36
S31508015790C0F30E001B685B0713D5104B1A68D38A32
S315080157A098420CD2136903EB001000F1100350F86C
S315080157B0042B984241F8042BF9D1102008BDC01AD0
S315080157C080B2074B1B681B69EDE7FFF753FF0870AB
S315080157D0000A48700220F1E7201B0020241B002044
S315080157E0281B002038B50446094B1B681D68A542CD
S315080157F009D2204621B913F0BBFB30B1103402E0BF
S3150801580013F0BFFB08B1204638BD103CEFE700BFD7
S31508015810281B0020437ADA0702D5C3F380007047B4
S31508015820034BC0881B881840003818BF01207047F1
S31508015830FE1F00200C4B0246186810F001000AD022
S315080158403AB10A4B1B68DB88934234BF002001201A
S315080158507047104670472AB1054B1B88934294BF7F
S3150801586000200120704700BF201B0020281B0020B4
S315080158700020002070B50146FFF7DCFFE8B10F4BA9
S315080158801A68D5888D4209D301F180501368013809
S31508015890040103EB00101B5B8B420ED0002398B268
S315080158A0854201D8002008E016681C01345B06EB26
S315080158B003108C4203F10103F1D170BD281B0020AE
S315080158C02DE9F34100250E46A846174F01903A687F
S315080158D0ABB2D18899421DD91468ABB204EB031453
S315080158E0B4F90430002B1CDA2046FFF793FFC0B148
S315080158F0E1680B889E4214D13246019802310CF0B8
S3150801590080FFE36882B21B88934207D0114601A83B
S315080159100CF0D4FD404602B0BDE8F08143441FFABD
S3150801592083F80135D3E700BF281B00207FB5114B4B
S315080159300E4605460446039320B9204612F079FE21
S315080159400446A0B1204612F0A5FE024668B93146C2
S31508015950204612F0E9FF022807D180233146009339
S315080159602046042303AA13F031FB002DE5D004B029
S3150801597070BD00BF0100FFFF2DE9F04F97B08346C8
S31508015980099112F0D3FD099883790C33C45CC518C3
S315080159900CF049FD202C0646099F17D8012C05D97C
S315080159A0C44BA21ED2B2D340DB0713D42146062329
S315080159B000225846009712F050F841F2061458464C
S315080159C012F0B9FD204617B0BDE8F08F04F07F0349
S315080159D0522BEBD1384697F806800CF024FDBBF81C
S315080159E00A2083B29A4214D214F0010240F08F8041
S315080159F004F07F03522B00F08A801E2C00F087806A
S31508015A00099B214600935846042312F026F82124BF
S31508015A10D5E747443A7B013B202A9BB246D8012A5F
S31508015A20E2D9023A1E2ADFD801A151F822F000BFB5
S31508015A30C95A0108E9590108CD5A0108E959010865
S31508015A40C35A0108E9590108B95A0108E95901086F
S31508015A50C95A0108E9590108CD5A0108E959010845
S31508015A60D15A0108E9590108B95A0108E959010841
S31508015A70FB5A0108E9590108E9590108E9590108D8
S31508015A80FF5A0108E9590108035B0108E9590108A8
S31508015A90E9590108E9590108E9590108E9590108CB
S31508015AA0075B0108E9590108D15A0108522A24D08D
S31508015AB0D22A99D10D2B05E0062B0DD0142B93D1A3
S31508015AC00AE0052B90D907E0022BF8E7042BF6E745
S31508015AD0032B89D9DF0787D4022C00F00B81DBF869
S31508015AE000309B68980516D40BF144000CF00CFCA9
S31508015AF0099BCBF84430002461E7012BE2E7032B2D
S31508015B00E0E7012BDBE7002B7FF46EAFE4E709A89A
S31508015B100CF0FAFB7BE71E2C00F03683584612F090
S31508015B20B9FD0746002840F08280584612F0ADFDBF
S31508015B3000287CD004F07F03522B00F0CC80082C7F
S31508015B4068D1B6B2152E14BF02201020691D12F0B5
S31508015B5087FD00285ED0DBF814305846D9074BBFBD
S31508015B6023F0010343F00103394601214CBFCBF869
S31508015B701430CBF8143012F0A3FD09980D9011F0EA
S31508015B80D7FE0446B0F80180B0F803900D980CF0E2
S31508015B904AFC152814BF0225102505342146284636
S31508015BA0FFF79CFD21460390284612F059FD0D9AF0
S31508015BB00490B8F1000F00F04F81C84500F24C81FE
S31508015BC00221092011F0D5FEBBF80A708246023F70
S31508015BD0BFB23E4640464FF0FF354946039A13F099
S31508015BE043F80446002800F0788112F025FE0028C3
S31508015BF000F0908101222146584612F0AEFE034676
S31508015C008DF82E00002800F02B810D9A009222466D
S31508015C100821B0E0DBF8143013F001064CD023F06C
S31508015C20010300215846CBF8143012F049FD202C07
S31508015C3055D8231F1C2B57D801A252F823F000BFB1
S31508015C402B5F0108E95C010823600108E95C01088A
S31508015C507B5B0108E95C01080D610108E95C010843
S31508015C602B610108E95C010841610108E95C010849
S31508015C702B5D0108E95C010859610108E95C010825
S31508015C80E95C0108E95C010875610108E95C01083C
S31508015C907F610108E95C0108E95C0108E95C010822
S31508015CA0E95C0108E95C010889610108E95C010808
S31508015CB04F6101085555515043F0010301215846DA
S31508015CC0CBF8143012F0FCFC122332462146584612
S31508015CD0009611F0C2FE09A80CF016FB0BE7522C30
S31508015CE000F04182D22CF6D0099B0022009321466E
S31508015CF0062340E0099DB94C284611F019FE218872
S31508015D00B0F801602A46584611F0BCFE2388BBF854
S31508015D100A10B34228BF3346172BB8BF1723584674
S31508015D20ABF80A3012F0EEFBE5E6099F384611F0AA
S31508015D30FFFD0546B0F80180B0F803A038460CF01F
S31508015D4072FB15280CBF20460220691DFFF7C6FC09
S31508015D500590B8F1000F0AD0D04508D8B5F8053036
S31508015D60049313F0DDF850B91023009701E00123DD
S31508015D70009742461021584611F06FFEBBE63A4697
S31508015D800221112011F0F5FD44464FF0FF35BBF80D
S31508015D900A3006909E1E0393063B9BB2B6B2089341
S31508015DA051462046059A12F05FFF814668B351466F
S31508015DB0049A12F0A6FF0446484612F03DFD40B982
S31508015DC04FF6FF739C4201D00134A4B25445E7D97A
S31508015DD01BE04FF000030DAAADF8343049460CAB71
S31508015DE0584612F04FFE039ABDF83430053A9A42E6
S31508015DF0089A0790D8BF1346002DADF8343009DB51
S31508015E009D4202D1EB1CB34208DB6A1C1CD10A2352
S31508015E100097AEE7351F9D42A8BF1D46042211A96A
S31508015E203846ADF84490ADF846400CF0EAFC2A46EF
S31508015E30384607990CF0E5FC4FF6FF73043E761BCE
S31508015E409C42B6B2C0D1E0E73946069B04355D707F
S31508015E505846FEF7C5FD4EE6012300924246D7E6AF
S31508015E60049B13B1204612F0D0FC204612F0FCFC2C
S31508015E70D8B1002D54DC0DA80CF046FA0823584673
S31508015E808BF81C3050F80C2B40F2025192F8702016
S31508015E908DF8483000238DF8442011AAADF8464004
S31508015EA0ADF84A3014F0FAFD25E6ADF844000DF1D7
S31508015EB02E032146584611AA12F0E4FDBDF84430D6
S31508015EC00590BB4228BF3B46002DADF844300ADB9E
S31508015ED09D4202D16B1CB34209DB6B1C20D10D9B81
S31508015EE000930A23BAE7B51E9D42A8BF1D460222A2
S31508015EF00CA90D98ADF830400CF083FC2A4605999B
S31508015F000D980CF07EFC4FF6FF73023E761B9C4201
S31508015F10B6B2E2D0601C80B28145BFF45EAEDCE762
S31508015F2002350D998AF8015092E7DDF82490484622
S31508015F3011F0FEFCB0F80180B8F1000F47D0B0F8B7
S31508015F4003309845049342D84FF6FF774A46022113
S31508015F50052011F00EFD4546BA46BBF80A400590E4
S31508015F60023CA4B22946584612F060FF504506463F
S31508015F704FD04FF400622946584612F0EEFC00282D
S31508015F8042D1304612F0E8FF00280CBF0223102345
S31508015F905745039324D0304612F0DEFF0690384663
S31508015FA012F0DAFF069B834206D1039B022B0CBF34
S31508015FB003231123A34214DB384612F0CDFF059BB8
S31508015FC0013019465870584611F030FD93E5012302
S31508015FD0CDF8009042460421CDE600BF8C2500206D
S31508015FE037460DF146013046ADF84450FFF7CCFB74
S31508015FF0039B48469A1C11A90CF003FC039B023C1F
S31508016000E41A5545A4B2D7D0049B0135ADB2AB42CB
S31508016010A8D24FF6FF739F42CED10A23CDF800903E
S31508016020D8E7DDF824900024484611F081FCB0F841
S315080160300530B0F803A0B0F8016007464846039357
S315080160400CF0F1F9C51FADB2102D0C945AD82A4699
S31508016050F91D0DA80BF029FE002E55D0564553D82B
S315080160604A460121072011F084FCA046074633461B
S315080160700A249A45049307D93946BBF80A0011F050
S315080160805BFC0328049B04D8B8F1000F1CD03946E1
S3150801609099E7ADF84430039B5846ADF848300DAB47
S315080160A0139300230BAA009311A90DF12E03ADF842
S315080160B046A0ADF8505012F050FE0A280446E3D027
S315080160C0BDF82C3030B11E46234632460621CDF89E
S315080160D0009050E6ADF83030BDF82E300CAAADF878
S315080160E0323039460423BBF80A0011F030FC4FF66A
S315080160F0FF72BDF82E309342C9D001334FF0010823
S315080161009BB2B6E70424DFE70124DDE70A23099CED
S315080161108BF81C30204611F00BFC23460022B0F800
S315080161200110584613F022F8E5E4099C204611F0BF
S31508016130FFFB0C238BF81C30B0F803202346EEE74F
S315080161405A460F210E20099B13F068F8D3E45A46E4
S3150801615021212020099BF7E75846099AB5F801102D
S3150801616013F00EFAC7E45846099AB5F8011013F068
S315080161705DFAC0E45846099913F097FABBE4584604
S31508016180697813F000FBA6E5584613F01CFBA2E557
S315080161907FB5174A0646136842F6052023F0080319
S315080161A0136012F09CFD054650B16846FFF782F967
S315080161B0002012F03EFA044620B92946FFF7B6FB3D
S315080161C004B070BD1022684604F1210114F0A3FA47
S315080161D038B10121204612F073FA636923F00103ED
S315080161E063611EB13146204612F051FE2046E0E7B2
S315080161F0201B002037B58B790A460C33CD1801913F
S31508016200C95C044611F0010329D01D290AD10121CF
S315080162101E2011F0AEFB0146204611F007FC0120B5
S3150801622003B030BD032916D10E4BB5F801201B88E2
S315080162304189934228BF1346172BB8BF17234381B9
S3150801624012F060F9636940F2094123F0020320461E
S31508016250636112F07FF901A80CF056F8DFE71846DA
S31508016260DEE700BF8C2500200022024BC3E900228D
S315080162709A607047301B0020014B1860704700BFB9
S315080162802C1B002013B500F09DF978B10190837994
S315080162900C33C418204601F0C5FC034610B120464C
S315080162A001A9984701A80CF02FF808E000F096F923
S315080162B0019020B1034B1B68002BF3D0984702B01D
S315080162C010BD00BF2C1B002010B50446062142F262
S315080162D0050013F07DFB2368C0F80330A388A0F8F6
S315080162E007300648F8F7D8FF13F075FB407918B15F
S315080162F0BDE8104013F035BB10BD00BF05F300081B
S3150801630010B5044606214FF6284013F061FB2368B1
S31508016310C0F80330A388A0F807300648F8F7BCFF91
S3150801632013F059FB407918B1BDE8104013F019BBB9
S3150801633010BD00BFA1F3000808B5002142F20E0006
S3150801634013F046FBBDE808400148F8F7A5BF00BFB2
S315080163500F64020838B590F872300446032B1546C7
S3150801636006D1FFF7E9FF0123002084F8723019E00E
S31508016370C9B9012B2DD9032140F2064013F028FB98
S31508016380B4F86E304571A0F803301348F8F784FF66
S3150801639013F021FB8378002BE5D013F01CFB8078E2
S315080163A040F4805038BDA3B102214FF6044013F0E2
S315080163B00FFBB4F86E30A0F803300848F8F76CFF05
S315080163C013F009FB4379002BCDD013F004FB407978
S315080163D0E6E70220E6E700BF2363020859630208DD
S315080163E0F8B507460E4642F213000E2115461C461D
S315080163F013F0EEFAB7F86E30A0F80560A0F803308E
S31508016400BDF81830A0F80750A0F80B30BDF81C30BD
S31508016410A0F80940A0F80D30BDF82030A0F80F30DB
S315080164200648F8F739FF13F0D6FA807820B113F049
S31508016430D2FA807840F48050F8BD00BF9B63020809
S3150801644070B506460D4642F27A000421144613F049
S31508016450BFFAA0F80360457184710648F8F71CFF76
S3150801646013F0B9FA407918B1BDE8704013F080BA53
S3150801647070BD00BFB767020810B50446022142F293
S31508016480300013F0A5FAB4F86E30A0F803300B48C3
S31508016490F8F702FF13F09FFA43792BB913F09BFA29
S315080164A0017A204600F0D6FB13F095FA407920B11F
S315080164B013F091FA407940F4805010BD19F40008A0
S315080164C001480BF040BF00BF341B002040F6FF73A4
S315080164D02DE9F3410D46B0F86E100192994205D1A6
S315080164E001A80BF011FF02B0BDE8F0811146144670
S315080164F00122002C38D123480BF0A0FFFFF7E0FF5B
S3150801650004460028EFD00BF08EFF94F8058087B279
S3150801651028F00103637104212046A6680CF06DF882
S315080165200446437918F0010F14BF43F0010303F041
S31508016530FE0343718179B6F86E200C3103F001032D
S31508016540866083F001036254C2F30322084442EAD7
S3150801655003124270478022463046294613F080FBD3
S315080165602046F8F7ADFEC9E76379A0603AB143F072
S31508016570010323F00203637100222468B9E703F0DB
S31508016580FE03F6E7341B0020F8B50024094F05463B
S31508016590786800B9F8BD836806689D4207D1F7F7A0
S315080165A0DBFA14B126603046F3E77E60FBE7044662
S315080165B0F9E700BF301B0020014601480BF03EBF3A
S315080165C0381B002001480BF0BEBE00BF381B002057
S315080165D0014601480BF032BF301B0020034803680F
S315080165E00BB10BF0B0BE1846704700BF301B002038
S315080165F0044B1A6822B99868003818BF01207047F9
S3150801660001207047301B00202DE9F041154606464A
S315080166100F4642F2360019211C46DDF8248013F094
S31508016620D7F92B0AC371230A83729DF8183085712D
S3150801663003739DF81C30447243739DF820302D0C6A
S31508016640240CC67087800572C4728373D8F800302B
S31508016650C0F80F30B8F804308676A0F813309DF8E4
S31508016660283043759DF92C3083759DF83030C375F4
S31508016670002303769DF8343043769DF83830C37687
S315080166800648F8F709FE13F0A6F9407920B113F088
S31508016690A2F9407940F48050BDE8F08171320108D1
S315080166A038B505460C464FF61940052113F090F901
S315080166B0C57044600548F8F7EFFD13F08CF9407989
S315080166C018B1BDE8384013F08DB938BD67620208C4
S315080166D038B505460C464FF61A40052113F078F9E8
S315080166E0C57044600548F8F7D7FD13F074F9407989
S315080166F018B1BDE8384013F075B938BD976202087C
S3150801670070B50D4606460121DAB1FFF7C9FF044601
S31508016710A8B9072142F2350013F05AF9C6702B6859
S315080167204360AB8803810848F8F7B6FD13F053F9BF
S31508016730437923B113F04FF9447944F48054204640
S3150801674070BDFFF7C5FFE2E7696102080A4610B5A1
S315080167500421044642F2370013F011F903230371A9
S315080167600023C470437183710548F8F795FD13F04A
S3150801677032F9407918B1BDE8104013F033B910BDAC
S31508016780A16102080A4610B50421044642F23800FE
S3150801679013F0F5F8032303710023C4704371837161
S315080167A00548F8F779FD13F016F9407918B1BDE8EF
S315080167B0104013F017B910BD05620208F8B5064670
S315080167C00F4642F23900062114461D4613F000F918
S315080167D001238471240A0371C7704671C471057255
S315080167E00548F8F759FD13F0F6F8407918B1BDE8F0
S315080167F0F84013F0F7B8F8BD513401080148FFF71E
S315080168003BBD00BF096801082DE9F04F867987B0BD
S315080168100C3605900546805BC0F30B0000F034F991
S31508016820044618B905A80BF06FFD4EE090F87230D2
S31508016830022BF7D1AB5B059AC3F30B0103F4405363
S31508016840B3F5805F9060A95342D1537923F00103D0
S315080168505371836B002BE5D0042105A804F1380692
S315080168600BF005FE304605990BF0E8FDA06B0023F9
S3150801687001465A1CA9BBDBB2012B01D90BF04FFE0D
S31508016880A06B0BF0D0FD03281FD9D4F838904846E1
S3150801689099F806700BF0C7FD0C3709EB070539F8AF
S315080168A00770A0F104084745D4F8389020D9514F0C
S315080168B007F1100A57F804BB4B46424629462046BB
S315080168C0D847574510D00028F4D007B0BDE8F08F57
S315080168D038300BF019FD059A537943F001035371CA
S315080168E0BAE713460968C4E70028EED130469AE7A5
S315080168F048460BF098FD04378742F7D36988A1F11A
S3150801690040033F2B0BD8042130460BF0B0FD20463F
S31508016910A26B698813F0E6F80023A363D5E7052976
S315080169200BD0062961D00429E0D130460BF09FFD32
S31508016930A16BA06CFEF774F8EEE72946204613F022
S31508016940CFF802460028D1D12B79122B06D0132B6A
S3150801695036D02046697913F09BF8C7E794F8733067
S31508016960022BF6D040F67A4029898B1F9BB28342C7
S3150801697024D86A89931F9BB283421FD891421DD896
S31508016980AB89B3F5FA7F19D240F6764CEF89A7F1B0
S315080169900A0080B2604511D8B4F86A000290B4F8CA
S315080169A06800CDE900702046FFF71AFD021E18BFE0
S315080169B001222046697913F027F897E70122F8E7BB
S315080169C094F87330012B03D12046697913F060F8E6
S315080169D0A3681A048AD523F40043A3602B89012BE3
S315080169E084D12046FEF7B8FA80E72046A16B13F05A
S315080169F089F891E7F0E702080138C0B20A289ABF78
S31508016A00014B185C0020704700E8020870B504467F
S31508016A100D461B4A13686BB393F87D1011F00401F8
S31508016A202AD1586810608C22184693F870600BF0CA
S31508016A3031F9034680F870602268C0F85A20A288A6
S31508016A40A0F85E20A27980F860202868D864AA791F
S31508016A50A98883F85220FF2283F8752083F87620C7
S31508016A6040F6FF72A3F86E20064AA3F85010116883
S31508016A7013605960184670BD1A1D5B68CBE700BFE5
S31508016A80441B0020401B0020054A0346106800B934
S31508016A907047B0F86E209A42FAD04068F7E700BF0F
S31508016AA0401B0020054A0346106800B9704790F854
S31508016AB070209A42FAD04068F7E700BF401B0020D1
S31508016AC010B9024B1868704740687047401B002090
S31508016AD00023114A2DE9F0418C21136080460246B4
S31508016AE00120F7F7BBF9044620B905460B4E30607D
S31508016AF0454502D32046BDE8F0810120F7F71CFA87
S31508016B0007468C22002101350BF0C4F887F870502E
S31508016B1037603E1DECE700BF401B0020441B0020E8
S31508016B20012310B58B4090F87110044621EA030140
S31508016B3049B280F87110002949D113F090F820461E
S31508016B4013F000F8102104F1180010F0E7FE2046B2
S31508016B50FFF71AFD04F138000BF0D6FB204612F0B8
S31508016B60C9FF224A13681BB19C4231D1636813607D
S31508016B70A36859050BD51A0509D443F40063A189FD
S31508016B8094F87000A36004F1780200F07FFB0023FB
S31508016B902046636013F06EFF13F037F84FF48072E6
S31508016BA0B2FBF0F2424394F870300344B3FBF2F1BE
S31508016BB002FB1133DBB2591EC9B2FD29F5D884F897
S31508016BC07030002363600A4B1A6852B91C6010BD05
S31508016BD01A465B68002BCBD09C42F9D16368536097
S31508016BE0C6E71A68131D5268EFE700BF401B00206D
S31508016BF0441B002090F8743003F00B03013BDBB211
S31508016C000A2B9ABF014AD05C002070470BE802089C
S31508016C101FB5014690F870308DF80430FFF7EAFF8A
S31508016C20B1F862308DF80C00ADF80630B1F8643071
S31508016C3001AAADF80A30B1F86630054840F20311E9
S31508016C40ADF8083013F02AFF05B05DF804FB00BF64
S31508016C503C1B002007B590F870308DF8051001AA85
S31508016C6040F2072103488DF8043013F017FF03B0EB
S31508016C705DF804FB3C1B00201023074828224382A9
S31508016C806423C0E905234FF6FF738383002340F885
S31508016C90043B11F021BC00BF481B002010B5FEF7CC
S31508016CA035FA044613F022F828B11248837A13F00C
S31508016CB0180F14D0104C21461048FEF78FFAB8B9B0
S31508016CC0A37920461B0710D5FFF71AFB60B922687E
S31508016CD00A4B1A60A2889A80A2799A7104E0043054
S31508016CE013F006F80028E5D010BDFFF7EDFAEDE739
S31508016CF00020F9E7481B00204C1B00203721002003
S31508016D0010B5044620B9064811F0E6FB204610BD29
S31508016D10012802D1024811F0DFFBFFF7BFFFF6E7B2
S31508016D204C1B002038B5FEF7F1F90446FEF74EFA7A
S31508016D300546064813F001FE0023037143712368D3
S31508016D40C0F80630A3880573438138BD20090205BA
S31508016D5013B5C37A0093B0F80930D0F80520D0F8F6
S31508016D600110007811F0D2F90446034813F0E5FD45
S31508016D70848002B010BD00BF20020403FF2337B58B
S31508016D800DF107008DF80730FDF7AAFF0446044800
S31508016D909DF8075013F0D1FD8480857103B030BD8D
S31508016DA02003040137B54B7905465B070C460CD41D
S31508016DB020461421064A0BF016F901A801940BF096
S31508016DC03EF910B9A3791C44257403B030BD00BF40
S31508016DD03CE80208024B1B6803B11847704700BF1D
S31508016DE0901B002070B5064608460C46FEF7EEF9DC
S31508016DF0054606480BF02AF938B106712268C0F82B
S31508016E000520A288C572A0F8092070BD38E80208D5
S31508016E1010B500210446007812F006FF48B16178E2
S31508016E20207811F060F90446034813F086FD848042
S31508016E3010BD0224F8E700BF2002560110B54178BB
S31508016E40007811F0D3F90446024813F076FD8480E0
S31508016E5010BD00BF2002560210461946F8B522F0A9
S31508016E60004340F20A4293420ED8B3F5806F13D914
S31508016E706FF480621344092B0ED8DFE803F0520F32
S31508016E801E2F4F4F4F4F0D5240F20152934233D0AE
S31508016E90A3F20253032B44D900200DE00D784C6868
S31508016EA08A6901F10803204800210BF0E0F810B1C6
S31508016EB00571C0F805400120F8BD0E784D880C799A
S31508016EC08A6901F10803194800210BF0D0F8002856
S31508016ED0F1D00671A0F80550C471ECE70D784C881D
S31508016EE04A690B1D124800210BF0C1F80028E2D0AF
S31508016EF00571A0F80540DEE70F784E880D79CC8834
S31508016F0001F108020B4800210BF0DBF80028D2D06A
S31508016F100771A0F80560C5710481CCE712F0A3FEDC
S31508016F20C9E7FDF77BFCC6E75CE8020858E80208F2
S31508016F3054E8020850E8020800487047596E0108EB
S31508016F40014B186813F0EABCE81B002030B5124B58
S31508016F500D469942144689B01BD1930011D505A94E
S31508016F6006A808F011FB062300220393059BE1B24C
S31508016F700293069B2846CDE9003241F0005113F0F1
S31508016F802AFD06480BF062F800B10471012009B028
S31508016F9030BD0020FBE700BF941B002070E8020803
S31508016FA022F00042B2F1A04F08B504D103480BF014
S31508016FB04DF8012008BD0020FCE700BF74E802086F
S31508016FC010B5047ED4B1102C28BF102413F07DFD12
S31508016FD0621C81B200230620D2B2F6F73FFF0446AF
S31508016FE050B90749074813F021FD0748074913F027
S31508016FF01DFD0748F6F70EFF204610BD0424E5E7F8
S315080170003C240020981B0020941B00204C240020BF
S315080170103424002070B504460D461646FFF790FF46
S3150801702038B133462A46002102480BF020F800B150
S31508017030848070BD78E8020822F00042B2F5887FA4
S315080170402DE9F0471C4600F0E2800ED840F2031302
S315080170509A423CD040F209139A4200F0C2800E2AA5
S3150801706000F0B3800020BDE8F08740F207239A427A
S3150801707047D0B2F5037F56D040F206239A42F1D1A2
S3150801708020684C30FEF7A2F825680746644895F84B
S31508017090736095F870A095F8759095F87680A48830
S315080170A00AF0D4FF0028DDD0EB6C4360B5F8503008
S315080170B087720381731E5E425E41C67280F80CA018
S315080170C080F80D9080F80E80A0F80F40CAE7207866
S315080170D0FFF7E8FC0028C5D0524894F80080678875
S315080170E0A688E588247A0AF0B1FF0028BAD080F884
S315080170F00480A0F80570A0F80760A0F80950C472CA
S31508017100B0E72078FFF7CEFC0028ABD06078257869
S31508017110FFF772FC044644480AF098FF0028A1D0FC
S31508017120057144719EE7A578012D1ED0022D2DD03B
S31508017130CDB9E37894F80080023BDBB2022B8CBF11
S3150801714001253A4A94F90470667998BFD55C94F991
S31508017150064037480AF07AFF28B180F8048045715D
S315080171608771C671047201207DE7E37894F800807F
S31508017170023BDBB2022B98BF2C4A94F9047066795C
S3150801718098BFD55C94F906402A48E3E7E3782A488C
S31508017190023BDBB2022B94BF244A012594F80180F5
S315080171A0277898BFD55C94F90490667994F90640D6
S315080171B00AF04CFF0028D6D0A0F804808771C57163
S315080171C080F8089046728472CDE72346082200218A
S315080171D013F8014B19480AF04AFF0028C3D0047175
S315080171E0C1E7174894F800806788A688E588248946
S315080171F00AF02CFF0028B6D080F80480A0F80570A4
S31508017200A0F80760A0F80950A0F80B40ABE70D48B5
S315080172101C780AF01BFF00283FF424AF047121E70C
S31508017220B4E80208B0E80208A8E802087CE80208FF
S31508017230A0E802089CE80208A4E8020898E80208FF
S3150801724094E80208ACE802080022084B10B51A6057
S315080172509A8002681A60187811F09DF8044618B9E0
S315080172600349044813F0E2FB204610BD0220002022
S315080172705C2400203C1B002008B5034B5888FDF709
S3150801728047FE002008BD00BF0220002073B5144642
S3150801729006460D4620461421094A0AF0A4FE01A80D
S315080172A001940AF0CCFE48B9A3790C331C44054B6A
S315080172B0A6711B79A5800BB112F0CCFC02B070BD8A
S315080172C090E802080220002022F000420D2A73B538
S315080172D01C460ED06FF4C0631A440B2A12D80B2A27
S315080172E010D8DFE802F03B12242C370F46505F8492
S315080172F0878E0422002153F8044B44480AF0B7FE4E
S3150801730000B18480002002B070BD2078FFF7CAFB67
S315080173100028F7D03E48267894F90150A4780AF057
S3150801732095FE0028EED0067145718471EAE7247846
S3150801733038480AF08BFE0028E4D00471E2E7257884
S31508017340354864680AF082FE0028DBD00571C0F86A
S315080173500540D7E7257831486468F3E7304825784A
S3150801736064680AF073FE0028CCD00571A0F80540C0
S31508017370C8E72C48257864680AF068FE0028C1D059
S3150801738005714471BEE7637827480D2B96BF274AD6
S315080173900125D55C24780AF059FE0028B2D004717B
S315080173A04571AFE7637800210D2B98BF1F4A204826
S315080173B098BFD55C6368A27888BF012526780AF04C
S315080173C056FE08B1067145716378012B9AD88DF876
S315080173D007300122002116480DF1070324780AF027
S315080173E046FE00288ED00123047143718AE724786A
S315080173F010489EE70021636822780F480AF037FE95
S3150801740080E70E480AF022FE7CE700BFF8E802088A
S31508017410E4E80208ECE80208F0E80208E8E80208ED
S31508017420E0E80208DCE80208D8E80208B8E8020839
S31508017430D4E80208D0E80208C8E80208CCE802083D
S3150801744073B5064614F0B8FD1C4C054663795B070F
S315080174500ED4204614211A4A0AF0C5FD01A8019442
S315080174600AF0EDFD20B1284614F0A1FD02B070BD69
S31508017470A3790C332344032E08D8DFE806F0020D5E
S3150801748013191A79FF2A01D001321A71284602B056
S31508017490BDE8704014F08BBD5A79FF2AF6D0013247
S315080174A05A71F3E79A79FF2AF0D001329A71EDE71A
S315080174B0DA79FF2A1CBF0132DA71E7E79C1B002043
S315080174C0F4E8020830B585B005460A4901A807F06F
S315080174D0DBFC044650B901A807F044FD044615B182
S315080174E0029B9B792B7001A813F04AF9204605B037
S315080174F030BD00BF04E902082DE9FF4180460F4669
S3150801750001A80C4916461D4607F0BEFC70B9029C37
S315080175109DF8283084F80480C4F80570C4F8096019
S31508017520A4F80D50E37301A813F02EF904B0BDE8D1
S31508017530F08100BFFCE8020830B585B005460C4667
S3150801754001A8064907F0A0FC28B9029B01A81D71EC
S315080175505C7113F019F905B030BD00BF14E90208D2
S3150801756030B585B005460C4601A8064907F08CFCDE
S3150801757028B9029B01A81D715C7113F005F905B0C4
S3150801758030BD00BF0CE902087FB505460E4601A8C5
S315080175900C4907F079FC044680B901A807F0E2FC1A
S315080175A0029B044625B1D3F806202A605A89AA8087
S315080175B00EB11B7B337001A813F0E2F8204604B024
S315080175C070BD00BF1CE9020808B507F0B3FD08B194
S315080175D0012008BD07F068FF0020002107F0B2FD71
S315080175E00028F5D10AF09CFD0028F1D1014B187845
S315080175F0C0B2EEE73F21002010B5204C88B02060CC
S31508017600F6F702FC1C22002101A824680AF042FBB5
S315080176100AF009FA628BA368ADF81020A28B43F42D
S315080176208063ADF81220226AADF8080005926268F7
S315080176300393019212F010FB18B1039B43F0040364
S315080176400393039B01A843F48032039222689205AF
S3150801765044BF43F4102303930BF095FF044650B936
S315080176600A20074A074907F0C3FE044618B907F076
S31508017670EBFCFFF701FB204608B010BDD81B002024
S31508017680699C020821BC020870B58EB007F0DFFFBD
S31508017690002302AE31460DF107008DF80E308DF844
S315080176A0073007F0D2FF002840F09380304612F0E9
S315080176B088FA002800F08D80302800F08A809DF82D
S315080176C00730012B17D172238DF80E30F1F7FAFF27
S315080176D0CDE90601030C8DF81230BDF81D30ADF861
S315080176E01000ADF813309DF81F308DF81530492379
S315080176F08DF816300AE049238DF80E3096E8030016
S31508017700ADF81410090C04908DF816109DF80E307A
S3150801771013F0280F07D1DDE90401ADF80C10090CA7
S3150801772002908DF80E103A4D2B68D868002856D16C
S315080177302B681A690AB9374A126837490A605A69B9
S315080177400AB9364A126836490A609A7FD1074ED471
S3150801775004A812F0A3FA0446002845D11C220146C2
S3150801776006A82D680AF096FA0AF05DF96A8BAB68E5
S31508017770ADF82420AA8BADF81C00ADF826202A6A9C
S3150801778043F480630A926A680893069212F064FACF
S3150801779018B1089B43F004030893089B06A843F411
S315080177A0803208922A68920544BF43F4102308934D
S315080177B0EEF750FE0446B8B9BDF92A0012F0DFF912
S315080177C012F071FA3046FDF7B3FC164807F00AFEC7
S315080177D00AE09DF80E3018077FF578AF8EE712F0AC
S315080177E0B8F804460028A3D020460EB070BDDA7F4B
S315080177F000234FF0FF3006A9CDE906338DF81A208C
S3150801780012F003FB0028A3D040F20C44ECE700BFBA
S31508017810D81B002074C80208B41B002070C80208CF
S31508017820B01B00209978010837B5154D286813F063
S315080178307AF810BB134B1B780BB100F0B3F907F0BC
S3150801784033FE12F08BF907F039FC0446286813F069
S3150801785065F820B92868F6F71FF9019048B90AF0C2
S315080178605FFC08B9002CECD103B0BDE8304012F03A
S31508017870F2B901A80AF048FDECE703B030BD00BF34
S31508017880E81B00203F210020024B1B6803B1184763
S31508017890704700BFB01B002050EA010337B5044604
S315080178A00D4604D103B0BDE83040FFF7EDBFB1F195
S315080178B0FF3F08BFB0F1FF3F13D014F0B1F922180A
S315080178C045EB010308490948C1E9002300239D4204
S315080178D00CBF21464FF0FF31CDE90033044A14F0BD
S315080178E043FE03B030BD00BF100B0020B81B0020BB
S315080178F0F5780108D3B514F05FFB044614F090F946
S315080179000B46104AD2E90067B04273EB070107D369
S31508017910FFF7BAFF204602B0BDE8D04014F047BBD6
S31508017920D2E900670022311A67EB03039342CDE9D6
S315080179300022134618BF4FF0FF31034A034814F0DB
S3150801794013FEE7E7100B0020F5780108B81B0020A5
S315080179500023044A52E8000F42E800310029F9D110
S31508017960FAF750BCDC1B0020054A52E8003F0343E6
S3150801797042E800310029F8D1024B1B68184700BFBD
S31508017980DC1B0020B41B002013B51C68E10705D5D4
S3150801799012F0DBF81549164813F048F8A20722D564
S315080179A0FEF726FEC8B9019014F006FB04461148F5
S315080179B00AF0C9FC0190204614F0F9FA019890B131
S315080179C043799B070CD401A802210AF050FD0198BE
S315080179D0FEF7FEFDFEF756FCE6E7FEF753FCDFE78A
S315080179E0FEF7EAFDF6E7002002B010BD6C24002080
S315080179F03C1B0020E01B002008B5054807F030FBBA
S31508017A00044B01211870BDE8084007F039BB00BFD7
S31508017A107C2400203E21002038B5044648B114F0E4
S31508017A20CBFA0546214608480AF008FD284614F00F
S31508017A30BEFA064B022193F9000007F021FBBDE8C7
S31508017A403840FFF721BF00BFE01B00203E21002080
S31508017A50F8B50E46054618B311B3134F3B680BBB71
S31508017A6000F0CEF80446B0B9F6F7CAFA07F08AFA72
S31508017A706D6A002D08BF4FF48075284607F0DCF9BA
S31508017A80044640B932462021384607F087FA0446AB
S31508017A9018B107F0E9F92046F8BD044B1D60FAE76D
S31508017AA02124F8E72E24F6E7E81B0020E41B002032
S31508017AB0014B186812F0F3BEE81B0020064B10B5FF
S31508017AC0186812F000FF044618B900F0D3F813F04D
S31508017AD000F8204610BD00BFE81B0020014610B57E
S31508017AE00446064808F056FA00234FF0FF32236091
S31508017AF04FF0FF33C4E9022310BD00BF0C1C002060
S31508017B001A4B37B51D6845B9194C2378C3B11948BD
S31508017B1014F010F8257003B030BDD5E9024514F00C
S31508017B207FF8A04271EB05020B460BD30022104BDE
S31508017B301A700122104B1A70104B186812F091F83E
S31508017B400020E8E7211A65EB030500239D4218BFCB
S31508017B504FF0FF31CDE90033094A064814F004FD18
S31508017B600028D8D10122024B1A70D4E70C1C002038
S31508017B7041210020EC1B00203F210020E81B0020AA
S31508017B80857B01080022044B1A700122034B1A70E7
S31508017B90034B186812F065B8412100203F210020E7
S31508017BA0E81B00200022F8B5114B124D1A7014F08B
S31508017BB037F80123104EC5E90001104F33703C68B0
S31508017BC034B1D4E90212D5E900038842934108D2B7
S31508017BD000233370FFF794FF48B1BDE8F84012F06F
S31508017BE066B82046FFF77AFF63689847E7E7F8BD66
S31508017BF03F210020180B0020402100200C1C0020EA
S31508017C00074BDA69D20407D51B6A40F2044013F020
S31508017C10010F18BF0020704740F20440704700BFAB
S31508017C200080E00F10B503783E2B0AD1837843F420
S31508017C3078530D4A0D4910780022904208D8002041
S31508017C400DE0FF2B0ABF83781B0243F47F43F0E75D
S31508017C5031F8024BA34203D1054B53F8220010BD5C
S31508017C60EDD30132E9E700BF26C8020858C8020861
S31508017C7028C8020830B5002485B002A8F1F70CFD22
S31508017C8001A8BDF80850019407F0D0FC00B1019491
S31508017C900E48019C0AF0DAF9B0B100234371C371A9
S31508017CA0037243728372C3726FF057038374492355
S31508017CB00B22C37411230271037501226FF00103AC
S31508017CC08271C4600582437505B030BD24E9020896
S31508017CD01046044A1368591E033102D8002111605F
S31508017CE0184770478C240020034B1868034B00285B
S31508017CF008BF1846704700BF101C002050E902084B
S31508017D00014812F02BB900BF181C002013B50B4C03
S31508017D100229226005D10A4812F020F9002002B092
S31508017D2010BD0A4600930146064B054812F0F7F8BE
S31508017D30003818BF01204000F1E700BF8C2400205D
S31508017D40181C0020D17C0108014812F018B900BF9F
S31508017D50181C00200021014812F033B9181C002014
S31508017D6008B5064B1B68013305D0FFF7EDFF80F018
S31508017D700100C0B208BD0020FCE700BF8C2400202A
S31508017D802DE9F843DFF860900646D9F800800846E1
S31508017D901746B8F1000F03D00E242046BDE8F88334
S31508017DA006B3336801331DD1E1B100F075F8054614
S31508017DB00028F1D0C9F8000000F0DAF8284611F0D9
S31508017DC0C3FF044640B14046C9F8008000F0D0F828
S31508017DD0284611F0B1FFE0E73560002FDDD02846CF
S31508017DE0B847DAE72124D8E7141C0020024B1868A3
S31508017DF0003818BF01207047141C002038B50C46FE
S31508017E0001F0D8FAA3780B4A13705A1E5542554108
S31508017E10A8420CD0012B04D02846BDE8384001F011
S31508017E20ABBA204601F07AFA0028F5D038BD002011
S31508017E30FCE700BF42210020002108B5024B084695
S31508017E405B689847002008BDA824002010B5FFF7F5
S31508017E504BFF0D4B0C461A1A534253418B4201D123
S31508017E60002010BD094B1B683BB9094A064B002C7B
S31508017E7008BF1346074A1360F2E712F087F900288C
S31508017E80F3D00220EDE700BF28E90208141C002000
S31508017E9050E90208101C0020F8B5044614F083F8CE
S31508017EA0002607460E4B1B6893B19E68AEB196F83D
S31508017EB02420D20711D435460FCC0FC50FCC0FC5D8
S31508017EC023682B6096F8243043F0010386F82430A2
S31508017ED0384614F063F83046F8BD1B68E4E700BF7E
S31508017EE09C240020431E033306D8044B984228BF1E
S31508017EF01846642838BF6420704700BF40420F0007
S31508017F0038B5184B05461B680C4603B1984744B16A
S31508017F10236833B11B68013303D0E3680BB1A36847
S31508017F2043B912F025FB00209122412100F014FAF1
S31508017F30212038BD204602F057FE00230A4A85F85B
S31508017F404831C5E93A4313605360636943B1074A47
S31508017F5042211068B322C31A5842584100F0FCF96D
S31508017F600020E6E7681E002090240020A81E0020B5
S31508017F7010B5044618B9054B054A136010BD00F043
S31508017F8041FCD4F8F430002BF6D1F4E7119E02082F
S31508017F90A024002008B502460868FFF7A3FF086079
S31508017FA04868FFF79FFF48608868FFF79BFF88606E
S31508017FB0C868FFF797FF0B69C860581C03D00B48C0
S31508017FC0834228BF03460B614B69581C03D00748F7
S31508017FD0834228BF034688694B61FFF783FFBDE8E3
S31508017FE008408861104601F01BB900BF40420F00E6
S31508017FF0D0F8EC302DE9F04105460C4613B1038E55
S315080180008B424ED0D5F8E830002B4DD09E68002E15
S315080180104AD0D868002847D0013800B200281DDBAD
S31508018020002107E0128A0CF10101A24219D209B214
S31508018030884213DB0B1803EBD3735B1003EBC30204
S3150801804006EB8202B2F80EE01FFA83FCA6450CF194
S31508018050FF3EE7D90FFA8EF08842EBDA2120BDE818
S31508018060F0814FF6FF729445F8D09BB203EBC30338
S3150801807006EB83062846B6F9122095F83C11D5F881
S31508018080FC8009F000FD0746B8F1000F04D0002373
S31508018090324628461946C0472C86C5F8EC6085F84D
S315080180A045710020BDE8F0810E20BDE8F08100BFD2
S315080180B02DE9F04782B004460E46904601F080F954
S315080180C0002877D15D4D2F68D4F8E8A0D4F8EC9054
S315080180D01FB1574500F090800027AE6001F096FE6B
S315080180E00128064604D001210022084611F05BFE4C
S315080180F0204612F0D7F9002860D12B68DAF800106B
S31508018100D9F800201BB11868884200F08180204602
S3150801811012F0BCF9B7B1B8F1000F13D1204601F03E
S3150801812033FC0546D4F89830002B3CD1012E05D0F6
S3150801813025B1434B002103205B689847284602B0C6
S31508018140BDE8F0873F4BC5F800A01A78C5F804903A
S315080181508DF80780002A40D1D4F8FC50002D5FD055
S31508018160114620460DF10703A847204601F00CFCED
S31508018170054617B1B8F1000FD4D0B5FA85F040F22B
S3150801818005423321400900F0E7F84146204601F04F
S3150801819061FD2D4B49461B68054620469847D4F88C
S315080181A09830002BC2D000224FF40073204600F00D
S315080181B039FBBBE70023214D6B6084E794F8253032
S315080181C09A079AD5D4F8A0305B0596D51F4B01229C
S315080181D0002120461B6898478FE7D4F8EC30B4F99C
S315080181E0481023B1B3F912309942A8BF194642463D
S315080181F0204601F015FBB8E76F68002F3FF46DAF15
S315080182004F457FF469AFAB68B34215D0012764E7E0
S31508018210696819B1096891423FF47CAF596876E7F4
S3150801822094F82A1094F845314246994228BF1946CE
S31508018230204601F0C3FA98E700257FE7902400203D
S31508018240A8240020A4E20208A02400206C1E002015
S31508018250F8B505460E4613F0A6FE314607462846EA
S31508018260FFF7C6FE044620B1384613F097FE2046AE
S31508018270F8BD01F0ABFD224631462846FFF718FF47
S3150801828004460028F0D1284612F00CF90028EBD054
S3150801829095F8253013F002030DD0D5F8A0305B050B
S315080182A00DD5B5F83631B3420BD0B5F838319B1B2D
S315080182B0B3FA83F35B09044A82F8F430D4E7234618
S315080182C0F9E70123F7E700BF003E00B070B50446A1
S315080182D000200D4612F050F9094B1B784BB9D4F81A
S315080182E0FC6036B129462046B446BDE870401A46B8
S315080182F0604729462046BDE8704012F0B6B800BF6F
S31508018300A4E2020830B4064DBDF908402D781DB126
S31508018310029430BC12F0ACB80E2030BC704700BFD6
S315080183204A210020024B1860024B1960FEE700BF84
S31508018330301E0020A424002038B5044D044C054BFA
S31508018340286021601A60FFF7EDFF38BD301E002056
S31508018350A4240020341E002010B550B90548064B48
S315080183600160064802601868054B18601868FFF72F
S31508018370E3FF10BDA4240020141C0020341E002095
S31508018380301E0020054B1B680BB9184670478342FF
S3150801839001D01B69F8E70120704700BF3C1E002089
S315080183A018B10A4B1A680AB9104670471A68824208
S315080183B007D1026901201A60054A1368013B136057
S315080183C0704702F110031269EDE700BF3C1E002059
S315080183D0381E00202DE9F74F064613F0EDFDDFF8AC
S315080183E02081012398F800B0DFF818910190BBF1BC
S315080183F0000F06D089F8003003B0BDE8F04F13F03E
S31508018400D6BD3D4F88F8003089F800B011F013FE4B
S3150801841008B111F00EFE3D6838495DB9DFF8E8A0EC
S31508018420DAF800200024AA423B682ED84FF0FF3123
S31508018430324838E06B7D8BB12B68B34202D09A1B68
S315080184408A420BD96A6813442B60AB68003A18BF95
S315080184500122003B18BF01236A75AB752D69DCE75C
S31508018460907D20B1107D88429CBF01461446126951
S31508018470002AF5D1002CD9D094E80B00A275411A2F
S31508018480E268204698470135CAE71A46FF21EFE711
S315080184905A7D3AB11A68B24228D0921B824225D82F
S315080184A0914226D21B69002BF2D15CB12046FFF717
S315080184B077FF38B13B683C602361DAF80030013355
S315080184C0CAF800303B685C7D1CB1186800F0DEF81C
S315080184D0044611F0ACFD0646002C95D199F80030FA
S315080184E0002B91D1019888F8004085E71C460021A8
S315080184F0D8E711461C46D5E73C1E0020FCFFFFBF06
S315080185004421002043210020381E002038B50546A5
S3150801851010B31822002109F0BDFB13F04DFD0246E8
S315080185202846FFF72FFF20B1104613F040FD022021
S3150801853038BD0A4B1C6854B909491D600B681046B9
S3150801854001332C610B6013F032FD2046F0E7196800
S315080185500C6901F11003EEE72120E9E73C1E002032
S31508018560381E002038B50446FFF70CFF13F024FD2A
S3150801857005462046FFF706FF637D23B9284613F013
S3150801858016FD0E2038BD00236375064B1B68A342F2
S3150801859003D111F04CFDFFF71DFF284613F007FD27
S315080185A00020EFE73C1E00202DE9F84FDDF8289062
S315080185B0984604460D469246FFF7E4FEDDF830B0CC
S315080185C013F0FAFC074611F032FD06462046FFF77E
S315080185D0D9FE637D23B12046FFF7C4FF0023A375A7
S315080185E0BAF1010F21D175B9B8F1000F1FD1B9F14F
S315080185F0000F03D05A4631462046C847384613F07D
S31508018600D6FC002017E035440C4BAA1B9A420ED81B
S31508018610012363759DF82C30304684E820032375C1
S31508018620C4F80CB0FFF7D6FEE8E7AE42ECD13846FF
S3150801863013F0BDFC2120BDE8F88F00BFFCFFFFBF8A
S315080186402DE9F04107468846FFF79CFE13F0B4FC76
S315080186503D68064611F0EBFC7B7D7BB185420DD06A
S31508018660094B2C1A9C4209D8304613F0A0FCB8F1E4
S31508018670010F08BF25462846BDE8F081304613F0AC
S3150801868096FC0025F7E700BFFCFFFFBF0023024A5F
S31508018690194600F09FB900BFF99F0208024B002254
S315080186A0196801F0A1BC00BFA0E20208024B012231
S315080186B0196801F099BC00BF741E002090F8273094
S315080186C0FF2B0FD0012904D90239012906D9212006
S315080186D070470222044B196801F086BC034B03223A
S315080186E01968F9E70220704794E2020890E2020845
S315080186F0024B0422196801F077BC00BF8CE202081C
S3150801870038B5094B5A68094B9A420AD113F04BFC02
S31508018710054606F0ADFA0446284613F03FFC204606
S3150801872038BD0024FBE700BFA8240020BFA002082B
S31508018730024BD868C0F30360704700BF000002B857
S3150801874038B54FF0FF35054C206800F0A1FE2560CD
S31508018750034C206800F0AAFE256038BDB424002029
S31508018760B024002010B5054C237823B103F0C2FECE
S315080187700020207010BD0E20FCE700BF4621002016
S3150801878008B503F085FE0122014B00201A7008BDC9
S3150801879046210020F8B504460F46164613F003FC99
S315080187A00546A047044620B1284613F0F7FB2046A4
S315080187B0F8BD05F045FF04220549D1F8083F23EA2B
S315080187C007033343C1F8083F024B5A64ECE700BF7D
S315080187D0003000B0002002B800F01803182B0BD0A7
S315080187E003070BD410F0100F40F2011308BF002342
S315080187F0034AC2F8943070470023F9E70123F7E7E3
S31508018800003F00B038B10368044A002B08BF13467D
S31508018810034A13607047014BFAE700BFC7A0020875
S31508018820B824002010B4D0E9564122400B4052EA40
S31508018830030104D003495DF8044B096808475DF84C
S31508018840044B7047B82400200F2938B505460C4655
S3150801885010D801F0DBFA01280ED1084A2846D2F8C9
S31508018860803023F00F032343C2F8803011F01DFE38
S31508018870002038BD2120FCE70220FAE7003F00B0BE
S3150801888008B50E4B5A6C12F0A00F13D19B6C5B07FF
S3150801889012D40B4BD3F8083F23F07F4323F0FF0391
S315080188A053B1FFF745FF6FF4905343FA00F000F018
S315080188B0010008BD0020FCE70120FAE7000002B824
S315080188C0003000B0074A084B30B10221C2F86412E1
S315080188D00422C3F8642270470421C2F864120222F2
S315080188E0F7E700BF006001B8005001B870B50D4642
S315080188F0064620B91A4B1B68EBB10E201AE001F0A7
S3150801890085FA012827D1174BD6F8F00093F90040CC
S3150801891011F077FD0022C4F11C04241A641BC4F16A
S315080189202B03002BB8BF5B42232B16DC3AB10D4B48
S315080189301D70002070BD0122C1F11C04EFE786F805
S31508018940285013F030FB054660B200F06FFE28464A
S3150801895013F024FBEDE70220ECE72120EAE700BF4C
S31508018960141C00204521002008B511F0ADFB80221A
S31508018970024BC3F89000024B1A6108BD003F00B0D4
S31508018980000002B8014B1868704700BF541E00204A
S3150801899037B513F008FB01230022002400930023B6
S315080189A0054619461046019405F04CFC052002F0CF
S315080189B0B1FD064B21461C60054B02205B689847B2
S315080189C0284613F0EBFA204603B030BD5C1E0020A2
S315080189D0A82400202DE9FF4102290C461546984690
S315080189E0039005D1FFF7D4FF002004B0BDE8F0815C
S315080189F013F0D9FA1E4E0746336853B1AB4208D075
S31508018A000024384613F0CAFA002CEDD1212034602F
S31508018A10EBE7184B0022C3F80080356000230125D7
S31508018A204FF00008104619460195009505F00AFC15
S31508018A30114B052083F8008002F06CFD224643465F
S31508018A40052003A902F084FD0C4B039A04461A601B
S31508018A500028D5D0DFF82880D8F800309847212893
S31508018A60CFD12946D8F8043002209847C9E700BF74
S31508018A705C1E0020581E002048210020541E00209C
S31508018A80A8240020034B5B6E9B045ABF024B18783F
S31508018A900120704700C001B84821002090F827300E
S31508018AA0023B022B05D84B7C2BB1012B05D0022B9F
S31508018AB005D011F084BB0348704703487047034843
S31508018AC0704700BF20A1070048E8010040420F0097
S31508018AD00A78022A11D0101F4242424152004B78AD
S31508018AE01201022B0BD0191F4B424B415B00054962
S31508018AF0054842EA8312FFF74DBE0122EFE701233B
S31508018B00F5E700BFF0FFFF00559E01080B78022B21
S31508018B1010D0181F434243415B004A78022A0BD002
S31508018B20111F4A424A4152000F21044843EA820270
S31508018B30FFF730BE0123F0E70122F5E7819E010820
S31508018B40D0F8B03010B5994204460ED0C0F8B0102E
S31508018B5002F060F90649A4F840010123054AD1F853
S31508018B60FC1004F5827004F095FA002010BD00BFD0
S31508018B70004F00B0A43F00B02DE9F74F04468B46DD
S31508018B8015461E46FFF77CFE28B3A38A1BB320466B
S31508018B9011F0A7F978B91EB10E2003B0BDE8F08F20
S31508018BA0714BD3F8083F03F03002102AF4D003F0D2
S31508018BB0C003402BF0D06D4F04F05EF97B69DB07EB
S31508018BC0EAD513F0F0F90646032002F0AFFD20B10D
S31508018BD0304613F0E3F90220DFE77A6912F0060A54
S31508018BE0F6D1304613F0DAF95F4B4FF400612046AF
S31508018BF0D3F8089FD3F8E08E05F080FE48B14FF40C
S31508018C00007601215A4F524608467E6411F0CBF888
S31508018C107E6494F825309F0707D5D4F8A0305E0501
S31508018C2042BF4FF40022534B5A6459462046FFF778
S31508018C300FFB4D4BC3F8089FC3F8E08E0028ACD153
S31508018C4094F82430980601D4002D4ED0C5F340007F
S31508018C5004F002FD022315F4807F1FBF454A002157
S31508018C6053644FF03A420BBF414A916153645363CF
S31508018C7005F0E6FC4FF4806315F0040F14BF3E4A75
S31508018C803E4A3B4E1365042328467364FFF7A4FD49
S31508018C90204611F0BCFA38B14FF4807315F0010F74
S31508018CA016BF344A73645364A90647D54FF6FF7253
S31508018CB0B4F8423093420FD0314A3249526F100C00
S31508018CC0C2F301120132B3FBF2F308802A4A2B4997
S31508018CD02D481B0448675367003D18BF012594F8C2
S31508018CE0243065F3451384F82430204611F0DAFB65
S31508018CF0F0B1204611F08BFAD0B14FF4003120467D
S31508018D0005F0FCFD431C03229BB201A91F4811F083
S31508018D1026FC9DF804209DF8053002F00701052977
S31508018D2015D112070DD443F48073194AC2F8E830F5
S31508018D30002003B0BDE8F04F11F01EBC01F026F883
S31508018D40CAE713F0040F09D19DF80630EBE703F0E3
S31508018D503002202A05D113F0010FF4E74FF480738E
S31508018D60E3E79DF80630E0E7003000B000C001B83F
S31508018D70002002B8001002B8005001B8006001B81E
S31508018D80004001B88E2500200000FFFF0C0000BA44
S31508018D90003E00B02DE9F0470B460646154611B9C7
S31508018DA02120BDE8F087002AFAD0032905D8002238
S31508018DB001F068FE03460028F2D01C889A78B4F5BB
S31508018DC0804F02F0070180F0A580A1F1070C187900
S31508018DD0DF88DCF1000343EB0C0305292B7394BFF1
S31508018DE00023C2F30013C2F3801C6B73930985F841
S31508018DF010C003F00203C2F3C00C43EA0C03C2F32A
S31508018E004012AA746B74E874D6F8A030AF82DA06F9
S31508018E106BD40639012968D80020B6F81280F7699B
S31508018E2008F1FF383C4B0A3C04EA08045B6D3B5DDC
S31508018E30A860802B1CBF323BDBB2AB7396F8273098
S31508018E400134FF2B04EA08042ED1631D03EA080343
S31508018E5017F80390013303EA0803304617F803A00D
S31508018E6011F097F980B142F2107349EA0A2929F0FB
S31508018E7001094FEA09494FEA194903FB09F964232C
S31508018E80B0FBF3F0B9FBF0F0A860385DD6F8F8301E
S31508018E90400100F47E60FF2896BFC0430020C0B29F
S31508018EA013B195F90E109847631CE87303EA080392
S31508018EB0F95C013303EA0803FA5C013303EA0803A0
S31508018EC041EA0221FA5C013303EA0803F85C41EA44
S31508018ED00241002341EA00616A7C304604F03AF90E
S31508018EE0062328600020AB715BE70023EB730B4B6D
S31508018EF0DB691A0A1B0406D4D3B2323BDBB2AB7365
S31508018F0000232B60EEE762F0FF0352B28032F4D100
S31508018F108023F4E7022044E7004000B800C000B807
S31508018F2070B504460D46FFF7B9FD94F82740064685
S31508018F30042C02D16B7C012B0CD9023C012C8CBF71
S31508018F40002401243146204604F02EF9431C03D19E
S31508018F50022070BD0124F5E7AA882B68AAB9AA6878
S31508018F609B1A03222B60AA71002EF1D0B0F5803F1F
S31508018F70EED84FF22441720901FB00223609B2FBF1
S31508018F80F6F29B1A00202B60E3E700EBC200054AC4
S31508018F9004EB4404D2F8C420204402F01F02A3EBD8
S31508018FA0C203DEE7003E00B0F8B507460D46144693
S31508018FB08BB111F069FA29463846BE8A01F050F993
S31508018FC0B44228BF3446A4B222462946044801F0D1
S31508018FD021FB2046F8BD11F043F90646F0E700BF2C
S31508018FE00C0000BA082310B1024A53647047024ABA
S31508018FF0FBE700BF001002B8002002B8054A126854
S315080190001AB190F82A1119B91047084603F004B89D
S3150801901001487047441E002000FEFFFF314B2DE931
S31508019020F7431C6801F4007900F00103174653EA77
S31508019030090206460D462FD04FF000080BB3002350
S31508019040002201200021CDF80480CDF8008005F02A
S31508019050F9F841462046FFF7D1FF012241466086CD
S31508019060104610F0A0FED4F8A01094F8270003F0DB
S315080190703DF8FFF765FB94F8243043F0040384F8C0
S315080190802430B9F1000F07D00121204611F02BFB3E
S3150801909025F4007506430D432B4632462046FFF755
S315080190A0C1FBFB070FD51049104A08680021136850
S315080190B0116001210E4A117003B198470D4B002129
S315080190C002205B68984717F00E0F08D04FF4EC7230
S315080190D03B21002003B0BDE8F043FFF73DB903B0DB
S315080190E0BDE8F083141C0020581E00205C1E0020D9
S315080190F048210020A824002008B558220021064846
S3150801910008F0C8FD1022FF21044808F0C3FD05F048
S31508019110FFFB002008BD00BF0C3F00B0503F00B068
S3150801912073B5314A3149137809784FF0FF350B4346
S3150801913086211370A0F820116F228221C0F80C2114
S31508019140C0E944126422C0E9462240F2FF420D23D7
S3150801915082854FF40042002680F83C314FF6FF73B2
S315080191600446A0F84820224A0386026400F1540204
S315080191700265204AC3844263C0F8B05045858563B9
S3150801918080F8286004F0D8F82046FFF7B5FF0122D9
S31508019190194B2046C3F8382294F92810FFF7A6FB85
S315080191A06023164A41F6FF71D3644FF03A421163C0
S315080191B01167134A2946D3644022124B20465A6442
S315080191C0D4F8A02010F0D6FF0E23002201930093B5
S315080191D040F202231046194605F034F801F0B6FDAF
S315080191E0304602B070BD00BF4A210020A4E2020841
S315080191F00700FFFFFFFF4000005001B8004000B81C
S31508019200005000B8002002B8044BD3F8083F13F009
S31508019210806F14BF23200020704700BF003000B0C4
S3150801922002462DE9F843B0F8404100F58275FFF78B
S31508019230EBFF0F68D1F804807E1C08BFD2F80C71C9
S315080192408E6808BF0F60B8F1FF3F04BFD2F81881D6
S31508019250C1F80480731C48D1D2F81431D1F80CC076
S315080192608B60BCF1FF3F47D1D2F81061D1F810E00D
S31508019270D1F814C0BEF1FF3F08BFD2F804E1D1F816
S31508019280189008BFC1F810E0BCF1FF3F08BFD2F83B
S3150801929008C1CE6008BFC1F814C0B9F1FF3F08BFC5
S315080192A0D2F81C91B9F1000F2DD1C0F164048C617B
S315080192B017B16F2F38BF6F2716492846C2F80C71A8
S315080192C0C2F81061C2F81431C2F81881C2F81C41FB
S315080192D0C2F804E1C2F808C107230F4AD1F8FC1005
S315080192E003F0D8FE0020BDE8F88304F16F031B1ACA
S315080192F0B34238BF3346B1E704F18606361A6645E6
S3150801930038BF6646B2E76F34241A4C4538BF4C4617
S31508019310CDE700BF004F00B0A43F00B038B5054CFB
S31508019320054B417800782568236003F007F800B1FA
S31508019330256038BD601E002098E9020838B512F08C
S3150801934032FE054600F062FD012805D0284612F0D6
S3150801935025FE0224204638BDFFF7EAF90028F1D197
S31508019360044BDC6814F08054ECD1284612F016FE42
S31508019370F0E700BF000002B80A4B10B51B680446A7
S3150801938073B1094B48B10121084A1A60022003F05A
S3150801939089FD0020064B1C7010BD01461860F5E7D3
S315080193A00220F9E7601E0020641E002090E90208E9
S315080193B049210020014B1878704700BF4921002038
S315080193C04FF40022034B586C03F500535A64C0F35B
S315080193D0C0407047000002B8024B586900F001000E
S315080193E0704700BF00C001B808B50B4B5A69D207D0
S315080193F004D518B9BDE8084002F068B85B69DB070F
S3150801940008D438B102F054F80323044A1364A2F5C8
S315080194108052536408BD00BF00C001B800A00950BE
S3150801942090F92430002B0CDA4FF08053064A29B103
S315080194309360A2F58052D36000207047D360936091
S31508019440FAE70E20704700BF006001B84FF080634D
S3150801945010B1024A53617047014AFBE7001002B88E
S31508019460002002B8202350B1064AC2F8F433064B4D
S31508019470196C11F0010104D1032003F013BD034A4D
S31508019480F3E77047001002B800C002B8002002B81E
S31508019490431C07D06FF0FF02034B10405A62A3F535
S315080194A080535862704700BF00E000B8431C06D0DD
S315080194B06FF07E42024BDA63A3F58053D863704797
S315080194C000E000B8024BD3F8800000F00F007047A7
S315080194D0003F00B0014BD3F884007047003F00B04D
S315080194E0024B0020C3F88410704700BF003F00B04C
S315080194F003282DE9F74F0C4691467DD83F4B1E5C54
S315080195003F4B13F800A03F4B13F800B012F04BFD88
S31508019510804605F061F8074640B100230022019311
S31508019520009301200023002104F08CFE05F05CF86D
S3150801953048B10023002201930093002000234FF431
S31508019540004104F07FFE002E4ED02F4BDD6C05F056
S31508019550080506EB0A002D4B23305844DD64C0B2DA
S3150801956001F00AFF5146304605F082F85A4651463F
S31508019570304605F0E9F8264BDD649FB14FF0FF351B
S31508019580244B1B68D3F8A01093F8270002F0AEFD10
S3150801959021490868FFF77CFF0D6020490868FFF735
S315080195A085FF0D60B9F1000F04D01D4B0021032082
S315080195B05B689847D4B14FF400521A4B1D6F03F5F7
S315080195C00053C5F340351A67404612F0E7FC00F030
S315080195D01DFC01280CD11DB14FF40052124B1A671C
S315080195E0002003B0BDE8F08F3546B2E72546EBE724
S315080195F0002CECD10520F4E72120F2E7B0E90208B6
S31508019600ACE90208A8E90208004000B8006000B801
S31508019610005000B8141C0020B4240020B0240020F7
S31508019620A824002000C001B800D001B8034A136A73
S3150801963060F3D22313620020704700BF00C000B850
S31508019640094A136D13F400130BD1D2F84001C00770
S3150801965007D4D2F8800000F47060003818BF0120E2
S31508019660704741EA53507047004001B8F8B51446AF
S315080196700D4601F00B0323EA0201484A2340D1644F
S31508019680A2F58052D3646B07064610D50121FFF770
S31508019690D7FF60B104F0D4FF4FF4007314F0040F40
S315080196A014BF3F4A3F4A136504223F4B5A64EF06EB
S315080196B006D514F0100F14BF00221B223B4B5A6526
S315080196C0280618D5210611D54FF40012344BDA6451
S315080196D012F069FC0E210746032002F089FC40F2CC
S315080196E00122324B3846DA6212F058FC214696F8C6
S315080196F0270002F0FBFCEA0503D5E30537D502F09E
S31508019700CFFCAF0503D5A00534D502F0D5FC15F479
S315080197108C6F18D014F4806231D096F825309907E9
S315080197200CD5328EB6F83631934226D0B6F8383192
S315080197309A1A534253411E4A82F8F4303046D6F8F3
S31508019740F010FFF711F928050FD504F079FF194A2A
S315080197502105D2F8083F4CBF43F0006323F00063AC
S31508019760C2F8083F0422104B5A640020F8BD02F0E3
S3150801977091FCC6E702F09AFCC9E70123DBE76B0512
S31508019780DCD596F825309F07D8D5094B114683F8BD
S31508019790F420094B30461B689847CFE7006000B8AC
S315080197A0005001B8006001B8002002B8004000B8B6
S315080197B0003E00B0003000B06C1E002070B50546B2
S315080197C090F83C010C460D2822D0FF2901D1212011
S315080197D070BD1AB14FF0FF320F4B1A6010F0CFFE71
S315080197E0064695F83C0101F007FB844228BF04466A
S315080197F0E4B2B44238BF3446E0B285F82B0001F032
S315080198001FFC064A0346107820B9FF2BE0D1DEE794
S315080198100220DDE70020DBE7E4240020A4E20208B9
S315080198207FB5204B04461B780E46154643B3D0F840
S31508019830EC3000229BB34FF0FF36029602AEB3F925
S31508019840123000960392F2F78DFCB8B902994B1CB7
S3150801985014D02046C1F3813110F0E3FD70B9BDF98A
S315080198600C30029902460093C1F30D0103462046C6
S31508019870FEF748FD2946204610F089FE04B070BD62
S3150801988002A910F018FB32469DF80810204608F088
S31508019890FAF82A4601462046FFF790FFEEE71846F2
S315080198A0ECE700BFA4E20208F8B50D4690F83C11B2
S315080198B004460D29174603D12E4B1B78002B51D090
S315080198C02A462046A4F8485008F0DDF8D4F8EC30CA
S315080198D084F82A00002B41D0274A1678D4F8FC20B0
S315080198E04EB1002A40D1B4F94800B3F912108842A2
S315080198F006DC002607E0BABB94F84521824202D26B
S315080199000126B3F9125000222946204684F82D7003
S31508019910FFF786FF08BB76B1C4F8EC00204610F0C5
S315080199209DFA4FF6FF739842014615D02046BDE8C9
S31508019930F840FEF78DBC114B1B7813F0FD0F0BD1C8
S31508019940204601F067FA0E4901230E4AD1F8FC10A8
S3150801995004F5827003F09EFB0020F8BDFF2384F80E
S315080199602B30F9E70220F8E7B4F94410B3F91220CD
S315080199709142BDE7A4E202084A2100209025002071
S31508019980004F00B0A43F00B0F0B504468FB000F018
S31508019990CFFCD4F8A8300546012B00D010B12846D3
S315080199A00FB0F0BD6C49204610F035FED4F8EC60D6
S315080199B00146258EC4F8F0003EB133682BB15B68C9
S315080199C01BB11A68032A00F2A28012F0ECFAD4F845
S315080199D0F030002B63D01A68032A60D99F6A7F0E7C
S315080199E012F0DCFAD4F8F010B3898DF80E70B0686D
S315080199F07268EB1A9BB200FB03225848ADF80C308B
S31508019A0003680292994202D02046FEF7ADFF544DF3
S31508019A10544E00F0FBF90128FBD12B6CDB07F8D477
S31508019A20736CDF01F5D4D4F8F01020460D919DF83A
S31508019A300E20029908AB03F047F8002841D100F03F
S31508019A40E5F90128FBD1474A4549536CD801FCD4AD
S31508019A500B6CDB07F9D408A901A803F0B5F905468B
S31508019A6078BB228E404B5A6494F8243060F3410344
S31508019A7084F8243000F060FD0246D4F8EC104B69F6
S31508019A801E685868531EDBB2FD2B049605901CD838
S31508019A90012A36D0204604A900F0DAFC7FE7324BCA
S31508019AA0DB6BC3F3C20213F0380F03F0070718BFC5
S31508019AB0574313F4E07FC3F3821291D002FB07F7F1
S31508019AC08EE7022528460FB0F0BDF71C15D9FF2AE7
S31508019AD037D001367FF463AFD4F8EC10234B4A68CC
S31508019AE09A4217D8D4F85C319B051AD494F82430D5
S31508019AF043F0020384F8243051E7FF2A17D00022E5
S31508019B00C8E7C61CC6D901307FF449AFE6E79F6AA4
S31508019B107F0E69E7204600F0C1FC00283FF43FAFFD
S31508019B20E0E720464FF4803110F0DDFD37E7C71C2A
S31508019B30B0D90130E3D12A46204604A900F088FCB1
S31508019B40CAE7C31C05D80122204604A900F080FCF7
S31508019B50BFE70130BDD1C1E7FC4F00B0481E002068
S31508019B6000C002B8000002B8008001B800CA9A3BDA
S31508019B70F8B590F84861044666B312F014FA1F2343
S31508019B80154F013E3B651E40144B05461E65D4F82C
S31508019B904C21A3F580539A67D4F85021DA67D3F894
S31508019BA04031DB0711D5204610F04DFB4FF0FF334E
S31508019BB018B1C0F120029340DB43C7F84431D4F809
S31508019BC0AC201340054AC2F844312846BDE8F8409E
S31508019BD012F0E4B9F8BD00BF006001B8005001B841
S31508019BE010B504234FF03A4101240A4AD1F8180165
S31508019BF0C2F81831C2F814314C634FF4005111639D
S31508019C00410742BFC2F81431A2F58052C2F8183191
S31508019C1010BD00BF002000BA70B54FF03A434FF4AB
S31508019C2080640A4DD3F818610020C5F81841C5F8B3
S31508019C30144104F061FD4FF400532B67730542BFCD
S31508019C40034BC5F81441C3F8184170BD002000BA8A
S31508019C50001000BA2DE9F04104460D46D0F8F0602F
S31508019C6019B990F82430590650D44FF6FF73A18ECE
S31508019C70994204D03A4B1B680BB120469847394F95
S31508019C803B68B34260D0384B1B6833B1002E65D0B0
S31508019C90316800295BD1204698474FF007082046CE
S31508019CA001F0B8F8002D44D0304B93F90030C3F1D8
S31508019CB01C0316B196F926209B1A06202C4994F9FD
S31508019CC028500A6A5B1B63F3D2220A62294BD4F82D
S31508019CD0F0203A60986701F05FFA00220120264BCE
S31508019CE02649087083F89C20204610F0DEFB244B99
S31508019CF05B6C5A0203D4D4F8A0301B0603D54FF483
S31508019D000012204BDA640020BDE8F0814FF6FF729D
S31508019D10144F65F3861380F824303B688286B34274
S31508019D2017D0114B1B68002BB0D101F073F84FF017
S31508019D300708154A4346D2F8FC1004F58270A2F6C4
S31508019D405C7203F0A7F9AFE74FF00108A7E7B1681E
S31508019D50A1E701F05FF84FF00108EAE731469AE713
S31508019D60501E0020481E00204C1E002045210020C0
S31508019D7000C000B8006000B8003F00B047210020CD
S31508019D80000002B8005001B8004F00B038B512F013
S31508019D900AF94FF6FF710A4A13888B4203D112F06A
S31508019DA0FDF80E2038BD074C074D1B046567A4F561
S31508019DB080546367118012F0F1F80020F2E700BFC2
S31508019DC08E250020006001B80000FFFF08B50C4B86
S31508019DD0D3F84C21531C11D012F080420ED1094BF5
S31508019DE01B681BB111460320FFF782FB4FF0806207
S31508019DF0054B1A6501225A6102229A6208BD00BF03
S31508019E000080E00F141C0020001002B80F4BDB681D
S31508019E10C3F30363013B0B2B0FD8DFE803F00606F8
S31508019E200C06060606080A080808022070470420D8
S31508019E3070470520704703207047054B5B6913F08F
S31508019E40060F14BF04200120704700BF000002B8A6
S31508019E5000C001B8094AD368C3F303630B2B08D0C2
S31508019E606FF49050184100F0010080F001004000A5
S31508019E707047506C10F48030EDD17047000002B87D
S31508019E800C490D4ACB68C3F30363062B07D8042B89
S31508019E90D8B20BD8C31E5842584140007047072B09
S31508019EA006D1D1F868011040ECD1704702207047FD
S31508019EB000207047000002B85FFFF9FF084BDA6817
S31508019EC0C2F30362931E012B8CBF00230123037087
S31508019ED040F62203D34003F001030B70704700BF1D
S31508019EE0000002B811F0010311D09AB9552391FA6D
S31508019EF0A1F193FAA3F34A081B0F490042EAC37278
S31508019F0001F00203C0F8AC2080F82930704722B965
S31508019F10AA23ECE70023024AF4E7014AF2E700BF65
S31508019F20B756351213B501910F21164B5967019989
S31508019F3011F0010F144922D00ABB01244C674FF0D6
S31508019F40FF31C3F84411D0F8AC400F49C1F8444178
S31508019F504FF07044C3F8484190F829301B07C1F8FF
S31508019F60483152B10422006D0DEB020107F09DFE46
S31508019F704FF03A430222C3F8F42002B010BD02247E
S31508019F80DCE700BF006001B8005001B813B590F8CE
S31508019F9027100446FFF7A4FA012001F0F9F94FF456
S31508019FA0F0620F4B0020DA644FF40072A3F5805378
S31508019FB0DA6494F8273001909A1E012A0AD80421F6
S31508019FC0084B0DEB01009B6F0193012200F0E8FBA2
S31508019FD002B010BD073B012BFAD80121F5E700BFF6
S31508019FE0006000B8004001B870B505460E46144633
S31508019FF0FFF768FA03281DD1F6B1A31E022B94BFF9
S3150801A0004FF4BC732823314685F82740C5F8083133
S3150801A01028460FF0FEFE073C2846FFF7B7FF012C3E
S3150801A02001D9002070BD054B054A5B6F6FF30F031D
S3150801A0301360F6E70220F5E72120F3E7004001B8AF
S3150801A040801E002038B5184B05461C6844B1E368E4
S3150801A05033B1206801F014FFA368186801F010FFF6
S3150801A060124B134A1B6813602BB1DA681AB19B6845
S3150801A070186801F005FF0F4B1B682BB1DA681AB196
S3150801A0809B68186801F0FCFE0B4B1B682BB1DA685C
S3150801A0901AB19B68186801F0F3FE21462846BDE807
S3150801A0A038400022FFF7A0BFA0E202089CE202089E
S3150801A0B0741E002094E2020890E20208F8B5D0F86E
S3150801A0C04C3104468B420D46164603D190F8483169
S3150801A0D0202B0ED0324629462046FFF703FF2023C0
S3150801A0E084F848310023C4F84C51C4F85031FFF7BD
S3150801A0F03FFD4FF00077074B32465F6429462046FD
S3150801A100FFF710FF8022044B1A6103F500535F64C1
S3150801A110F8BD00BF001002B8000002B8072330B529
S3150801A120144CE363144BB9B14425144940F040007B
S3150801A1304D6388630121D9634FF4804112B9C4F88C
S3150801A140081101E0C3F808110A4BC3F80C11C3F84A
S3150801A1501011C3F8141130BD4FF480424FF48041F9
S3150801A160C3F80811C3F80C21C3F81021C3F8142148
S3150801A170F1E700BF006000B8005000B8004000B821
S3150801A180034BD3F8F80780F00070C0F340607047BE
S3150801A190000002B82A4A2B4B12682DE9F3470C46F0
S3150801A1A01A6009B10B7933B90022274B1A700020BE
S3150801A1B002B0BDE8F087FDF719FE20B1234B93F8ED
S3150801A1C08830DB0737D42679062E36D801213A207E
S3150801A1D02768EDF7BFFE4FF4FC7200251C4BDFF82C
S3150801A1E07890DFF878A0C3F8582507F10108EBB293
S3150801A1F09E4208D894E803000122134B1A70154BA6
S3150801A20083E80300D3E717F8151018F8152041EA73
S3150801A210024349F825300823AB40CAF858358DF86A
S3150801A220041004218DF805200DEB0100002205F02C
S3150801A23054FF0135DBE70220BAE72120B8E700BF62
S3150801A24098E20208741E00204B210020003E00B04F
S3150801A25000E00350781E002068C5035000D0035063
S3150801A26010B590F82700FF2814D02E4BD3F8BC2040
S3150801A27012F0060F01D001280DD94FF470622A4B4E
S3150801A280DA604FF48072A3F58053DA600022254B19
S3150801A290C3F8B82010BD12F004043CD00B7813F0B3
S3150801A2A0200300D08B78920718D50B7803F00F039B
S3150801A2B0072B32D14B78022B2FD98B7813F03E0F0F
S3150801A2C02BD0CA7812F0040F27D012F0010F14BF51
S3150801A2D00A230423920748BF0633CB5CEBB1002C53
S3150801A2E014BF02210121012840F6FF7003F01F0265
S3150801A2F008BF5200013A40EA02320C4802654FF49F
S3150801A3007060094A0902D060A2F58052D160054AF7
S3150801A310C2F8B830BEE72346C5E70023034A012140
S3150801A3201365ECE7003E00B0006000B8004000B8D5
S3150801A33010B590F82710012903D8174BD3F8B43074
S3150801A3400BB1002010BD028E272A22D8134B1448C0
S3150801A3501B68834219D031241248181A43424341D3
S3150801A3605B000D48A0F8CE4050246343282404FB23
S3150801A37001330D491944895CFA31A0F8D4100B4907
S3150801A3800B449A5C0A4B1A70DBE76FF0030401234E
S3150801A390E7E70E20D6E700BF003E00B0A81E002062
S3150801A3A000F04902005A6202A4EA0208B4E9020866
S3150801A3B04C210020F8B503780646042B1ED8002741
S3150801A3C00F4D2B702B78FCB2A34203D80123002032
S3150801A3D06B70F8BD7368013733F81430A73B18B2B0
S3150801A3E010F070F805EB84035860736833F91400AC
S3150801A3F000F008F805EB84046061E3E72120E8E74B
S3150801A400C024002007EE900ADFED0D6AF8EEE77A20
S3150801A41087EEA67ADFED0B6AB1EE477AC7EE267AA2
S3150801A4209FED097A67EE877A9FED087A67EE877A54
S3150801A430B0EE677ABEEEED7A17EE100A704700BFE6
S3150801A4400000C842180D8F4D0000004500247449CC
S3150801A45010B50B68104CC4F87832C4F87C32B8B120
S3150801A460D0F8EC00A0B1406990B1541EE4B2FD2CBD
S3150801A47010D95C1C04BF6FF001030B600360FF2A4F
S3150801A48006D14B685A1C02D16FF001034B60436039
S3150801A490002010BD012AF3E7004001B8184AF0B5BB
S3150801A4A0D2F84832D0F8E840D2F84C025A1C08BF14
S3150801A4B00023411C10D0002B08BF034600214FF092
S3150801A4C0240C104A104FC2F87832C2F87C32E5687B
S3150801A4D08D4203D10020F0BD1846EFE7A2680CFBB8
S3150801A4E001225668BE4209D952693AB1166801363F
S3150801A4F0566808BF1360013608BF50600131E7E7A7
S3150801A5000080E00F004001B800CA9A3BFF2818BF37
S3150801A510C3434FF0180108BF1023064A18BFDB00D2
S3150801A520C2F8FC1318BF03F00803A2F58052C2F85B
S3150801A530FC337047002002B8024BD3F8F807C0F382
S3150801A540C0407047000002B84FF03A43D3F81421CF
S3150801A550D2031ED54FF480320E49C1F81421A1F554
S3150801A5608051C1F818215A6DD1B2C2F30722C3F836
S3150801A570A410C3F8A4200422C3F8A4200022C3F817
S3150801A580A420C3F8A420C3F8A420C3F8A420C3F8C0
S3150801A590A4207047002000BAF0220D4B016D9A6481
S3150801A5A0A022A3F580539A64C38E4FF03A42B3FAB8
S3150801A5B083F30120C3F11903DBB2C2F8F400C2F830
S3150801A5C0CC304FF40053C2F8D010C2F8F0307047BF
S3150801A5D0006000B8F8B54FF03A440D4617460646EE
S3150801A5E011F0E1FC012304226363084BE76026614D
S3150801A5F06561C3F814214FF00042054BC3F8802169
S3150801A60011F0CCFC0DB102236363F8BD002000BA3A
S3150801A61000E100E02DE9F84305460124036803F04B
S3150801A6200703063304FA03F0AB68EC68461EA34237
S3150801A63078D06C6803EA060707EB040CC41B1344BD
S3150801A6400643A24206EA0306634637D9101A3A18A0
S3150801A6509CB3631E062B40F2978041EA0C039F07C1
S3150801A66040F092804B1CACEB0303022B40F28C802A
S3150801A6700B4624F003084FEA940901EB0807ACEBF3
S3150801A680010E186843F80E0004339F42F9D1444578
S3150801A6900CEB0800A4EB080354D097F800E0012B53
S3150801A6A00CF829E04ED00C44214697F801C0022B3C
S3150801A6B080F801C01CBFBB7883706B684AB3501E13
S3150801A6C0062801F1010040D91C1A022C3DD941EA9C
S3150801A6D00304A40739D122F00307A1F1040C4FEAB8
S3150801A6E0920ED8195CF8044F43F8044B8342F9D10A
S3150801A6F0BA42A2EB070001EB07040AD011F82E2093
S3150801A70001281A7005D0627802285A7001D0A278F9
S3150801A7109A7011F048FC0223AE60AB62BDE8F843BB
S3150801A72011F03CBC042A1BD90B78043AAB614B786F
S3150801A7300431AB6111F8023CAB6111F8013CAB6124
S3150801A740AB6876E70C442146B7E71144013B00E0C4
S3150801A750013010F8012C884203F8012FF8D1D8E707
S3150801A760013A032A0ED8DFE802F00B08050211F8B0
S3150801A770013BAB6111F8013BAB6111F8013BAB61E0
S3150801A7800B78AB61BDE8F8830C44ACEB010E01EB29
S3150801A7900E0311F8010B8C421870F8D121468CE78B
S3150801A7A038B50B46154601464FF03A4468B10122C1
S3150801A7B01048C4F8F4201A46FFF72CFF25B14FF0CC
S3150801A7C03A430422C3F8F42038BD73B1D4F8D8202B
S3150801A7D09A4284BF0122C4F8F4204FF03A42C2F8E3
S3150801A7E0D4300223C2F8F430E8E70123C4F8F43080
S3150801A7F0E4E700BFCC0000BA38B5044611F0D3FB34
S3150801A8004FF03A420121A38F054651674BB3B3FA7C
S3150801A81083F3C3F11903DBB2A069C2F8B410C2F815
S3150801A8208C300723C2F89000C2F8B0304FF4A02349
S3150801A83002F50052C2F81431A2F58052C2F8183155
S3150801A84000220D4B1A600D4B5B6C5B0209D54FF468
S3150801A85080020B4B5A64D4F8A01094F8270001F033
S3150801A86045FC0023E38707232846A4F84030BDE8C2
S3150801A870384011F093BB00BF841E0020000002B8C7
S3150801A880002002B82DE9F84305460C46C1B1D0F8B7
S3150801A8901880878F11F087FBB5F83EC0791EDFF85F
S3150801A8A00C9101EA0C0323F00702032C0646D9F89A
S3150801A8B000E042445FD1BEF1000F04D111F06EFBF6
S3150801A8C00E20BDE8F8832EF001042EF0010EA645F0
S3150801A8D056D10023C9F80030238894426FEA4343CE
S3150801A8E06FEA5343238041D1B5F8403008EB070995
S3150801A8F01846083880B202F108044C4528BF444678
S3150801A900082804D9B4F800E0BEF5804F43D2634461
S3150801A9100F431B1A3B409BB2EB87A5F8400094787E
S3150801A92011884FF03A42C1F30C019165C2F898308B
S3150801A930C2F8B0004FF48022184B04F00704C3F89C
S3150801A94014214FF00042164BC3F88021FFF7FCFD96
S3150801A950042C0BD14FF48002124B5B6C124B5A64D8
S3150801A960D5F8A01095F8270001F0C0FB304611F084
S3150801A97015FB0020A5E7601E012898BF1446A4E729
S3150801A980B5F840004344E31A48BFDB190838984232
S3150801A990A2DC304692E72246ABE700BF002000BAA8
S3150801A9A000E100E0000002B8002002B8841E002081
S3150801A9B0164B10B51968B1F84020CB8F888F134410
S3150801A9C00138073B8C69034023F007031C4402F155
S3150801A9D008034FF03A429BB2A1F84030C2F8B030B2
S3150801A9E04FF480220A4BC3F814214FF00042094B59
S3150801A9F0C3F88021A07800F00700042803D1064A8D
S3150801AA00D3681B03FCD4054B1C6010BD141C002025
S3150801AA10002000BA00E100E0000002B8841E002010
S3150801AA2010B5064C216839B1CB0703D4044B186815
S3150801AA30FFF728FF0023236010BD00BF841E0020F6
S3150801AA40141C00204FF480320C4B0D49C3F8182111
S3150801AA504FF03A43C1F81421D3F8AC10D3F88C203F
S3150801AA60012302F0070206329340C1F30C01083BA9
S3150801AA70994201D8FFF768BD704700BF002000BAA8
S3150801AA80001000BA2DE9F04106460C46878F154697
S3150801AA90D0F8188011F087FAF28F07F1FF3E02EA23
S3150801AAA00E0323F00701032CB6F840C0414419D11F
S3150801AAB04A4C24689CB96244073A02EA0E0222F01B
S3150801AAC0070208EB02044344E31A48BFDB1963454E
S3150801AAD010DB11F063FA00242046BDE8F08124F06A
S3150801AAE00104F0E7012C03D0022CECD1ACF1080CDF
S3150801AAF00C46E8E7002D37D08C4238D14FF03A4260
S3150801AB00926D4FF03A4CDCF8AC70718AC7F30C07BA
S3150801AB109F423FDD2388B3F5804FDAD2A77801F14A
S3150801AB20FF3C07F00707C3F30C039B1A41EA0C0E17
S3150801AB30052F2F7003EA0E0324D81BB223EAE37705
S3150801AB406F80E7782F74F66902EA0C02B718AF60CE
S3150801AB509FB212FA83F38B4291BF00238B1AAB8003
S3150801AB60EE609CBFAF80EB6011F018FAB4E7A4F170
S3150801AB700802904584BFFF0802EBC7021288C2F398
S3150801AB800C02BEE7164F7F6D002F14BF0A27002758
S3150801AB90DB1BD2E7DCF8543001F1FF3CA3EB020ED4
S3150801ABA041EA0C030EEA030EDFF838800FFA8EF33A
S3150801ABB0002BD8F80C700FDC07F07067B7F1407FEF
S3150801ABC014BF00270127FF002F70D8F84C70A5F88D
S3150801ABD002E03F0A2F74B6E70827F5E7841E00202E
S3150801ABE0004000B8000002B8054BA822D3F84C0172
S3150801ABF03121431C0CBF0120C0F38070FDF7ACBBAB
S3150801AC000080E00F10B50F4B1C78ACB90E4BD3F88A
S3150801AC10F8375B0309D490B10F23441EB4FBF3F450
S3150801AC2010300444E4B2204610BD40F648023F21E4
S3150801AC302046FDF791FBF6E70001C4B2F3E71024BD
S3150801AC40F1E700BF90250020000002B8014B5880AB
S3150801AC50002070479025002038B5264D04462978EE
S3150801AC6019B92022244807F015F84FF2F001237884
S3150801AC70224A1370224AC2F8C811224A1BBB22492A
S3150801AC80D1F8F81709031ED4FF2313704FF0407348
S3150801AC901B4AC2F834311C4BD3F8F83713F4802316
S3150801ACA00BD14FF47F01C2F830111849C1F8303180
S3150801ACB048F2C801164BC3F8F4100723C2F8FC334F
S3150801ACC00122124B0FE000201249022BC1F8DC00C9
S3150801ACD04FF0FF011170D9D10722094BC3F8FC23A4
S3150801ACE00422A3F58053C3F8FC23012300202B700B
S3150801ACF038BD00BF4D210020E03F00B0902500205F
S3150801AD00002002B8B3250020000002B8001002B8DE
S3150801AD10003F00B0004001B810B5044600F0B6FF88
S3150801AD20094BD3F8F80734B900F44020B0F54020B0
S3150801AD3018BF012010BD022C0ABF80F40030002084
S3150801AD40C0F34040F6E700BF000002B82049D1F839
S3150801AD50FC37FF2B31D01F48C3F303120270D1F819
S3150801AD60F81703F00F0309035BBFC2EB02120F3B8F
S3150801AD7002F1FF32D2184ABF03EB0213D3B2DBB298
S3150801AD80154A164913700978154B1A68E9B1B2F1D3
S3150801AD90A06F1AD3D3F85012124A134BB1F1FF3FE1
S3150801ADA018BF1346114A136041F66A02104B1B6815
S3150801ADB0B3FBF2F30F4A13607047D1F8F83713F46F
S3150801ADC0002F0CBFB4235A23DAE7074BEAE700BF83
S3150801ADD0000002B8B42500204F210020B22500202A
S3150801ADE00080E00F5082E00F94EB0208881E0020D5
S3150801ADF0A81E00208C1E002020B1022804D1034B76
S3150801AE0018787047024BFBE700207047B4250020ED
S3150801AE104F2100202DE9F74FD0F8B0404C23022CE2
S3150801AE2038BF02247749013CCA6CD1F8DCC076499F
S3150801AE30C2F38212D3400A6803F00105A24206460C
S3150801AE402B4690F83C71714ADFF8E4A1DFF8E491EA
S3150801AE50DFF8E48116D11078A84213D19AF80000D8
S3150801AE60B8420FD1D6F8B40060B160450AD196F858
S3150801AE702BC099F80000844504D1B8F8040003B042
S3150801AE80BDE8F08F0C601370002D00F09880042344
S3150801AE904FF07F415E4AC2F8BC305E4BC3F8BC1026
S3150801AEA096F82B301B06C2F8BC30002040F27122FE
S3150801AEB0594B19211B68B3FBF2F36343B3FBF1F159
S3150801AEC0182B4FEA00448CBFB1FA81F32023002CDA
S3150801AED000F09680B4FA84F29B1A002B40F38E8018
S3150801AEE0C3F10F02012A38BF0122DC40A14201D277
S3150801AEF0013A6408411C02F01F054900A940474B65
S3150801AF00091B8908C3F8B010110241EA0211DFF8DA
S3150801AF102CB141EA020300EB002200EB0225DBF823
S3150801AF20000040F6C202003818BF01202B21019308
S3150801AF30FDF712FAFA2202FB04F0DBF8002040F6CC
S3150801AF40FF71B0FBF2F00A225043354A019BC2F861
S3150801AF50D810A2F58052C2F8D8303249A2F58052EB
S3150801AF60C2F8DC50D1F8F81700F57A744B0309D406
S3150801AF70D2F8DC20294B02F47F01C2F303520A43BB
S3150801AF80C3F8FC20C6F8B450274D00F6B8302C603B
S3150801AF9001F0FAFF4FF47A72204BC3F8A400C3F804
S3150801AFA0F8002B68B4FBF2F0B3FBF2F3A8F804300F
S3150801AFB096F82B308AF8007089F800305FE798F820
S3150801AFC00000FFF719FF96F82B30834228BF034686
S3150801AFD0D8B22FB1022F7FF468AFFFF713FE65E7EA
S3150801AFE0104BD3F8F8371A03F7D418B10F230138E1
S3150801AFF0B0FBF3F00D4B1B68185C57E70F2275E79A
S3150801B0000F2277E7004001B8E42400204E210020F2
S3150801B010001002B8002002B8A81E0020003F00B0A8
S3150801B020006001B8000002B8901E0020881E0020AA
S3150801B030B1250020B0250020902500208C1E002077
S3150801B04038B5254B05461A78244C0D2A02D1FF201E
S3150801B050207038BD10460FF092FA01461046FFF7E8
S3150801B060CBFEA84228BF2846C0B2884238BF084648
S3150801B0702378C0B28342ECD0207042BB184BD3F878
S3150801B080F81711F4002122D1F8B1431EDBB24FF2B1
S3150801B090F005144AC2F8C8510F22B3FBF2F2551C47
S3150801B0A018B1C2EB02129B1A591C0D4AD2F8C831C3
S3150801B0B043EA053343EA0113C2F8C831D2F8C82175
S3150801B0C0094BC3F8FC202078C3E70346DFE7074BA3
S3150801B0D01868FFF79FFEF6E790250020B3250020A4
S3150801B0E0000002B8002002B8003F00B0141C00207E
S3150801B0F0014B1870704700BFB225002010B50446F1
S3150801B100FCF774FE78B1154B1B786BB964B1144B17
S3150801B1101B784BB1134B1B78013B012B04D84FF419
S3150801B1200042114B1A6510BD104B1B6D1B04FAD456
S3150801B13010F039FF044603F083FA4FF400420C4B32
S3150801B1402046BDE810401A6502220A4BC3F8D424EA
S3150801B1500422054B5A6410F021BF00BF502100207C
S3150801B16051210020941E0020002002B8000002B8D8
S3150801B170001002B800D003500122024B00201A70B9
S3150801B180FFF7BCBF502100200022024B01201A7094
S3150801B190FFF7B4BF50210020054BD3F8843013F0D4
S3150801B1A0030F4FF4802314BF024A034A936470477E
S3150801B1B0004000B8005000B8006000B837B5044632
S3150801B1C000F064FD01213A20ECF7C4FE354D364BFB
S3150801B1D000201C702B78002B0CBF002404F00104FE
S3150801B1E0FFF78CFF2B78013B012B08D8EB7B01A8D5
S3150801B1F08DF804302B7C8DF80530ECF7B7FA002270
S3150801B2002A4BC3F8D424002C44D06A68002A37D0C4
S3150801B210274B1B6803EB5203B3FBF2F3013B1B02FB
S3150801B22043F0F8032A78022A2CD0032A2ED0012AC1
S3150801B23033D1072243F002034FF6FF701D49C1F8C7
S3150801B2408400A1F58051C1F88430184BC3F8D42481
S3150801B25093070BD5EB7B01A88DF804302B7C8DF871
S3150801B2600530ECF773FA0120FFF748FF4FF08043EA
S3150801B270ACB1114A13650020FFF78EFF03B030BD4C
S3150801B280F823CFE7062243F00103D5E7042243F06A
S3150801B2900503D1E72246F823CEE70022CCE7074A81
S3150801B2A0E8E700BF941E00205121002000C003508A
S3150801B2B0A81E0020006000B8001002B8002002B8DD
S3150801B2C0F0B52A4F06463D4604460FCE85B00FC552
S3150801B2D033682B6000F0DAFC01213A20ECF73AFEDC
S3150801B2E00022234BC3F8D424A17A627A42EA0142A6
S3150801B2F0C3F8E024217CE27B42EA0142C3F8DC245C
S3150801B300217B627B41EA0240C3F8D8043B78032BD0
S3150801B31029D8DFE803F022020C178DF8041004215E
S3150801B3208DF805200DEB0100002204F0D6FEE37B23
S3150801B33000228DF80830237C042102A88DF80930F3
S3150801B34004F0CBFE637A01228DF80C30A37A04212E
S3150801B35003A88DF80D3004F0C0FE064B1878FFF7E8
S3150801B3602DFF002000E0212005B0F0BD941E00202D
S3150801B37000C0035051210020034B1B6D002BBCBF9D
S3150801B380024BC3F888007047000002B8004000B8B5
S3150801B3904FF0006338B1064A1365064B4FF4003285
S3150801B3A0C3F884207047044A1365044BF6E700BFC7
S3150801B3B0001002B8005000B8002002B8006000B8BA
S3150801B3C02DE9F04700F0BCFC4FF47A752F4BB0FB22
S3150801B3D0F5F518604FF4FA736B4307462C48190EB6
S3150801B3E01B0218182B4A4FF0000341F10001F1F72F
S3150801B3F035FC294BA0F5807182460246196330B99E
S3150801B4004FF0010A4A222B21FCF7A6FF52464FF4B8
S3150801B4107A735A43290200235008F1F71FFC1E4B81
S3150801B4201E4AB7F57A7F9A601D4B4FEA0A6619607C
S3150801B4301C4BA9468846044618604FEA1A2A06D2C2
S3150801B44001259D222B210020FCF786FFA9464FF4F2
S3150801B4507A73A6FB030103FB0A116D0840194FF025
S3150801B460000341F100014A46F1F7F8FB0E4B02349D
S3150801B47019600E4B48F10008A408186044EA88745C
S3150801B480054B013C9C63BDE8F08700BFA81E002060
S3150801B49020A1070040420F0000C001B802110100B7
S3150801B4A0B81E0020B41E0020B01E0020AC1E0020CD
S3150801B4B00822044BC3F884215A600122024BDA6040
S3150801B4C0704700BF00E100E000C001B80822064B42
S3150801B4D0C3F88421C3F88420BFF34F8FBFF36F8F5E
S3150801B4E00422024BDA60704700E100E000C001B8AF
S3150801B4F010B50446A242A2EB0000A3EB010104D257
S3150801B500034B01399B6B0133184401F0030110BD4C
S3150801B51000C001B838B501250A4B02019D504FF408
S3150801B52080730446084A8340536610F03CFD074A77
S3150801B530A540137823EA05031370BDE8384010F0D7
S3150801B5402DBD00BF00E101B800E001B85B21002074
S3150801B5502DE9F84F164604468A461F4610F023FD84
S3150801B560022E00F09380804610F026FD604B614A5A
S3150801B570D3F8209092F885505A6EEDB2520744BF1F
S3150801B580D3F82090013505F0030510F010FD484663
S3150801B590294600F03DF98446DAF80000012E04BF79
S3150801B5A001306044ACEB000C08BFCAF80000BCF1DE
S3150801B5B0804F7ED300F040F98145A1EB050188BF94
S3150801B5C04B4BDFF854E188BF01F1FF3101F003016C
S3150801B5D088BF9B6BA0EB090C0EF80410A1B1F90703
S3150801B5E042BF41F61F72444B5A67BA0742BF424BE4
S3150801B5F0424A5A677B0742BF00223D4B9A673D077D
S3150801B60042BF00223A4B9A6511254FF0010A384B81
S3150801B61004F11002120103EB041BCBF80C013849A3
S3150801B6209D501A6A0AFA04F5586E0B78A2EB0902BC
S3150801B630EDB22B4362450B704FEA041925D34FF43B
S3150801B6408073A340034220D11EF80420002A4BD15F
S3150801B6500EB32C4AF807536607D541F61F7140F217
S3150801B6600110254B596750675967B90706D5224B0B
S3150801B670224A244924485A6748675A677A0742BFC3
S3150801B6800122224B1A613B0719D4404610F086FC69
S3150801B6900120BDE8F88F1E4A42F809A042F89C3CF1
S3150801B6A010F081FC16490B7823EA05030B7010F09C
S3150801B6B075FC404610F072FC0020BDE8F88F212089
S3150801B6C0FFF75AFE4FF48031094A124BD1601A78B6
S3150801B6D0002ADAD000222D201A70FFF74DFE10221B
S3150801B6E0084B40465A66D1E7064A40465366CDE7B7
S3150801B6F000C001B8003E00B000E001B800001F1FFD
S3150801B7005B21002000D001B800000101000002B849
S3150801B71000E101B85221002053210020024B18787C
S3150801B720003818BF012070475B210020034B1030F9
S3150801B7300001185800F00100704700BF00C001B8A9
S3150801B74070B50646FDF748FE044608B1FFF7BEFE8A
S3150801B75000230A4D3046AB61EB612B6200F06CF8B1
S3150801B760074BC9B283F8851028622CB1FFF7A0FEF2
S3150801B7704FF08062034B5A64002070BD00C001B8C7
S3150801B780003E00B0002002B810B504462120FFF79C
S3150801B790F3FD1CB14FF48032064BDA60064B1A787A
S3150801B7A03AB100222D201A70FFF7E6FD1022034B4D
S3150801B7B05A6610BD00C001B85221002000D001B858
S3150801B7C038B510F0F9FB084B084A1D6A92F885400E
S3150801B7D05A6EE4B2520744BF1D6A013410F0E7FB02
S3150801B7E0284604F0030138BD00C001B8003E00B088
S3150801B7F00346064A103302EB00111B01D1F80C016E
S3150801B800D158C1F340010EF0DDBE00BF00C001B83A
S3150801B810074B084A1B6810B54343146803EB817349
S3150801B82000224FF00041E4FB0012981810BD00BF3A
S3150801B830B01E0020AC1E00200C4A20F040430146F1
S3150801B84010B5002014684FF00042E4FB0320084AB3
S3150801B850890F126802FB0300064B9B6B984204D9B9
S3150801B86001330131C01A01F0030110BDB41E0020D5
S3150801B870B81E002000C001B8044B01F0F071103069
S3150801B88041F0030100011950704700BF00C001B81B
S3150801B89008B52220FFF770FD4FF48022014BDA60CC
S3150801B8A008BD00BF00C001B840B1836833B106497D
S3150801B8B0C268096803F13043032A00D8704743F880
S3150801B8C0041B043AF8E700BFEC1E002070B51646C3
S3150801B8D0054610B92124204670BD0029FAD0002A50
S3150801B8E0F8D042680F4B006803321B68920800F1D2
S3150801B8F03040984704460028EDD1EA68A868033223
S3150801B9003146920800F130400EF07CFE04460028CC
S3150801B910E0D1286921466A6900F1304006F0BAF992
S3150801B920D9E700BFE82400202DE9F04707468846F5
S3150801B9301446234D234EDFF894A088B01CB920463F
S3150801B94008B0BDE8F087B4F5006F4FF010024FF06C
S3150801B95000016846A14628BF4FF4006906F09AF926
S3150801B96008238DF8003009F1FF339BB2009A1B01B9
S3150801B97043F0036332402B401343102200210DEBA1
S3150801B9800200CDE90038029706F084F96B469AF869
S3150801B99000100D4804AA04F0AFFD9AF800100A48F1
S3150801B9A004F0E8FDA4EB090408EB890807EB89070D
S3150801B9B09AF80010044810F01BFB0028F8D0BDE7E0
S3150801B9C0F07F300C0F80CFF300000450B52500201E
S3150801B9D070B50C68651C15D0C4F302669E42C4F3A3
S3150801B9E0074530D1A4B294422DD804EB8506B2425C
S3150801B9F029D2141BA50824F003040E59340F04D0C8
S3150801BA00012C08D00022212402E06B1C51F82320C6
S3150801BA10C0E9002470BD0E4C34F8133042EA0343E2
S3150801BA201A686B1C51F8234001EB83014B682240CD
S3150801BA305E4036F0704404D11B0F032B04BF8B689C
S3150801BA401A430024E4E7013501EB8501C1E700BF8C
S3150801BA50A8EB020807B501A8EDF7B4FB254B264963
S3150801BA60D3F86022D2B2FF2A1DBFD1F8780113029A
S3150801BA7043EA0213D1F878311CBF20F47F621343DD
S3150801BA80C1F8F8331C4BD3F8F837190354BF09200A
S3150801BA900C20EDF741F9C822184B42F201015A650B
S3150801BAA04FF4C02203F51043C3F868214FF48032DE
S3150801BAB0C3F86C21124AC2F8701202F52042D2F874
S3150801BAC0F827120308D44FF470610E4AC2F8A01081
S3150801BAD04FF42062C3F8A02001220B4BC3F80024BF
S3150801BAE003F53043D3F86821084B1A6003B05DF8B3
S3150801BAF004FB00BF0080E00F000002B8008001B817
S3150801BB00006001B8002002B8005001B8701E00207C
S3150801BB1010B5044610F047FA064B074A1C70074B46
S3150801BB20FF2C08BF1346064A136010F037FA0020A7
S3150801BB3010BD00BFB525002005A6020829B90108D0
S3150801BB40E8240020134B1B78002B20D0124B134AF4
S3150801BB5000201A60124B134A1A60134B134A1A60D3
S3150801BB60134B1A68134B1A60134B144A1A60144B79
S3150801BB70144A1A60144B154A1A60154B154A1A606D
S3150801BB80154B164A1A60164B164A1A607047022058
S3150801BB90704700BF5C210020F81E0020A8F40208A7
S3150801BBA0F01E002014EC0208F41E002034EC0208F2
S3150801BBB0EC240020EC1E0020101F0020FCEB0208DC
S3150801BBC0081F0020ACEF02080C1F002030EC020809
S3150801BBD0041F0020E4EB0208FC1E002038EC0208D2
S3150801BBE0001F00202CEC02080022012138B51F4B4A
S3150801BBF05A649A64DA641E4A51610221916242F2D8
S3150801BC000101DA68C2F3036221FA02F2D207F8D512
S3150801BC1011220124174DDA634FF0FF302C7005F01D
S3150801BC2036FF00232B70144D40F2D5522868542153
S3150801BC30C01A18BF0120FCF78FFB104B28681A6839
S3150801BC400F4B1968FFF742FE01F0D6FA0D4B18683B
S3150801BC50FFF72AFE0C4B1868FFF726FE4FF08062A5
S3150801BC60034B5A6103F580535C6138BD000002B885
S3150801BC70001002B85C210020F01E0020F41E0020EE
S3150801BC80F81E0020101F0020041F002001230D4A62
S3150801BC900D49C2F8803291660C4A53600C4A5360CA
S3150801BCA00C4A5360A2F580425360A2F540425360A4
S3150801BCB002F5C032536002F580425360A2F5004294
S3150801BCC05360704700900050FF0B001600D000B873
S3150801BCD0001000BA005001B810B50324FFF7D6FFCB
S3150801BCE0114A124B1A65FFF7B5FE114BC3F81041FD
S3150801BCF000F0D0F901F0C0F84FF460720D4B5A61AB
S3150801BD004FF400721A65FEF717FC0021FEF7FEFBD9
S3150801BD104022094B1C64A3F580535C64074BC3F8A6
S3150801BD2084215A6010BD00BF0048F000000002B827
S3150801BD30005001B8001002B800A0095000E100E067
S3150801BD4008B50EF0D9FE044B1B6FC3F3004301334C
S3150801BD50B0FBF3F008BD00BF008000502DE9F04F9D
S3150801BD60064687B002900F4657F8044B631C06D166
S3150801BD70029B3460F01A801007B0BDE8F08F3E4B85
S3150801BD80C4F3016A5FEA147B33F81A1008BFC4F3D7
S3150801BD900742A4B244EA014404F06F4118BF0122E4
S3150801BDA0B1F1804F02D0B1F1204F0ED124F0704489
S3150801BDB04FEAC209314B09F10401314499424BD981
S3150801BDC001339E4248D80020D6E704F06041B1F11C
S3150801BDD0204F08BF24F08054EAE7059B2BBB0720B8
S3150801BDE015F0420F20FA0AF000F001002CD115F0E7
S3150801BDF0280F21D100222244BBF1010F48F8082C53
S3150801BE004FF0FF3218BF0022019B043453F8041B7C
S3150801BE1008F108084A4048F80C2C0193039B9C42F8
S3150801BE20DBD104994E4439449DE740F6F3023221A9
S3150801BE300020FCF791FADDE740F6F7023221FCF71C
S3150801BE408BFA4FF48052D6E740F6FC023221FCF712
S3150801BE5083FA4FF40052CEE701259300049305FABD
S3150801BE600BF504EB8203039305F0940306F1080826
S3150801BE7001970593D2E700BFA0EB0208DF4F00B098
S3150801BE80F8B50646E0B10024144B25461F46144969
S3150801BE9053F8042BAAB91348314600EB8500FFF77E
S3150801BEA05DFF30B940F6A8223621BDE8F840FCF717
S3150801BEB053BA0D4B0135281847F8246023F81400A6
S3150801BEC0F8BDB242FCD001340C2C02D031F8145022
S3150801BED0DEE740F6C22236210020E6E7BC1E002036
S3150801BEE006200020404000B00820002070B5A8B107
S3150801BEF0002971D0002213463849394C51F8045BA0
S3150801BF0085420CD1374A116CC907FCD49B0003F54D
S3150801BF10804340331360344B01221A6470BD0132E9
S3150801BF200C2A59D034F81230E8E7C2F3016334F821
S3150801BF30131012F47E0F93B243EA014321D0043061
S3150801BF40C2F30742022A016808D946688568033A96
S3150801BF50C3E900169D600C300C33F3E70CD1426837
S3150801BF600830C3E900120268531CDED100221D4BBA
S3150801BF701A6003F58053CFE7012AF4D1043019601A
S3150801BF80F1E7120F00F108054068072A09D8DFE82A
S3150801BF9002F007040A0E1114191EC04303F50053D3
S3150801BFA018602846DFE71A6842401A60F9E703F580
S3150801BFB08053F5E70EF0FBFAF3E7012203F5805308
S3150801BFC08240F2E7012203F500538240EDE71A6841
S3150801BFD030EA0202FBD1E4E7044CC4E7BC1E0020A8
S3150801BFE00620002000C002B800D002B8A8EB02085B
S3150801BFF0074BDB68C3F30363984208D1054AD2F8B5
S3150801C000803023F0F00343EA0111C2F8801070472B
S3150801C010000002B8003F00B02DE9F34705460EF0CF
S3150801C020BFFA00278046194EDFF864A00FF0BBFF60
S3150801C0300DF1070181460DF10600FDF73FFF9DF859
S3150801C04006300BB3DAF80C3013F4603F1CD0DAF87B
S3150801C05018000EF01FFB04466B1C03D00EF0A0FA65
S3150801C060A0EB080748460FF099FF14F5007F07D1A2
S3150801C0709DF8063013B99DF807300BB1AF42D5D3F9
S3150801C080204602B0BDE8F0873446E5E700FEFFFF2B
S3150801C09000C000B80122014B1A657047001002B8AA
S3150801C0A00122014B1A657047002002B84022014B54
S3150801C0B01A657047002002B84022014B1A6570477D
S3150801C0C0001002B80122024B98611A61704700BF3D
S3150801C0D0000001B8044BD3F8B03010B1C3F30332F2
S3150801C0E0027003F00F007047000002B8064B01F01A
S3150801C0F080015B6C03F480030B4302BF4FF400120B
S3150801C100024BDA64704700BF000002B8006001B84C
S3150801C1100D4B1A7882B1012A10D10C4B012112F06C
S3150801C120010F0B4A03F580539960084B08BF134664
S3150801C1309A689207FCD47047054BEFE700224FF443
S3150801C14080539A60FFDE00BF5D210020004003B8DE
S3150801C150000003B8094B10B59C69DB691C4006D081
S3150801C160074B1B6823B120469847064B9C6110BDB7
S3150801C1706305FAD5FFF7CCFFF7E700BF000003B860
S3150801C180141F0020002003B8094B10B59C69DB6910
S3150801C1901C4006D0074B1B6823B120469847064B1F
S3150801C1A09C6110BD6305FAD5FFF7B2FFF7E700BF3B
S3150801C1B0004003B8141F0020006003B84FF60401BD
S3150801C1C04FF60502044B01201B6C9BB28B4208BF3C
S3150801C1D01346024A136670470080E00F00C001B893
S3150801C1E02DE9F74F81460E464FF0FF34FFF7E8FA7F
S3150801C1F0002501908A46A0462846DFF8D0B005F109
S3150801C20010031B015BF8037007F00307012F15D113
S3150801C2102846FFF7EDFA02460B4601985146FFF705
S3150801C22067F9DBF8643005F10802D340DB0736D538
S3150801C230002E3DD00024A046356038460135082D2C
S3150801C240DDD148B300221146204DAF68AB6B0133EF
S3150801C250E8FB034107F44033B3F5003F30D16B6B7C
S3150801C26007F44057013342F10006B7F5805F22D142
S3150801C2702D6B15F5807505FB06F642F1000203FBE9
S3150801C2800266A5FB03323244594304FB0212A3FB9F
S3150801C29004342244C9E9003203B0BDE8F08FA04254
S3150801C2A071EB0803C9D206B1356004468846C4E76E
S3150801C2B03446B046C1E7320242EA13621B02E3E79B
S3150801C2C02B6B13F5807342F10002DDE700C001B85C
S3150801C2D0F8B506200EF087F904460EF061F942F228
S3150801C2E01073041B9C42054618D94FF080624F24EF
S3150801C2F00B4B5A6441F26F770A4E0BE00EF050F978
S3150801C300401BB8424FF4837221468CBF002001209E
S3150801C310FCF722F8736C5B01F0D5F8BD1A24E9E73E
S3150801C320002002B8000002B8034B1A6E596E03F5D5
S3150801C33000530A401A66704700800A50FF28F8B56C
S3150801C3406AD0FF2964D00F2864D8002962D1002653
S3150801C350344C354D84F8800084F88160686940F270
S3150801C3605F124B2100F00100FBF7F6FF11231022A3
S3150801C370AB662E4B6E66C3F888219A6001213B2075
S3150801C380EBF7E8FD94F88110294A94F880300A43BE
S3150801C3902849063341F82320274B3E201D68EBF731
S3150801C3A0F3FD6F08ED070246334628463946F0F78E
S3150801C3B055FC090241EA1061C0F3C05040EA410048
S3150801C3C01E4B2067186B10F5807005D14FF4D77294
S3150801C3D02B21FBF7C1FF0220024600230020012181
S3150801C3E0F0F73CFC60673E20EBF7CEFD40F649438B
S3150801C3F05843000DFF2828BFFF20022838BF022016
S3150801C400002184F88400012000F04CFD0020F8BDCD
S3150801C4100F289CD92120FAE7FF294FF0070094D16C
S3150801C42095E700BF003E00B000800A5000E100E039
S3150801C430020D0C0000800350A81E002000C001B8A0
S3150801C4402DE9F34105460F4668461146FFF7C8FE32
S3150801C4500646B0B1AFB1DDE900321B0A43EA026311
S3150801C460A5FB0384094B120A05FB02441A6812B993
S3150801C470FFF766FC0246002340462146F0F7EEFB2D
S3150801C4803860304602B0BDE8F08100BFA81E002022
S3150801C49070B5FFF71DFF0021022000F003FD0EF025
S3150801C4A07FF804460F4D104ED5F8F4331B070BD50C
S3150801C4B00FF079FDBDE8704002220C4BDA600122CB
S3150801C4C00B4B1A700FF06ABD0EF06AF8001BB042EA
S3150801C4D040F216224FF045018CBF00200120FBF7E0
S3150801C4E03BFFE1E7000002B83F420F0000C001B878
S3150801C4F05E210020214910B50B78002B3DD0012281
S3150801C5001F4C94F881300133DBB202FA03F31D4A5A
S3150801C5105366136608221C4BC3F8882100230B7047
S3150801C52003231A4A39211364A2F580525364184B1E
S3150801C53040F2C522586CC0F38060FBF70DFF4FF43B
S3150801C5408041144A144BC2F89410144AA16FD26E52
S3150801C550914202BFD3F86C21E267D3F86431E06FE8
S3150801C56008BFA4F88630B4F8861000F0DDF8BDE8F7
S3150801C57010400121022000F095BC10BD5E2100206B
S3150801C580003E00B000A00A5000E100E000A00950FA
S3150801C590000002B800E001B800C001B800800A50E6
S3150801C5A010B504463E20EBF7EFFC6043034B00F55C
S3150801C5B0F42000F59070B0FBF3F010BD40420F0077
S3150801C5C02DE9F74FFFF7ECFF0446FFF781FE0FF061
S3150801C5D0EAFC00214B4D064668462970FFF700FE26
S3150801C5E0494B80469F69494BDB6813F0706F1CD134
S3150801C5F0474B5B6913F0060A17D1E0B1454B611D3C
S3150801C6001868A1FB00B93E20EBF7BEFC534602466B
S3150801C61049465846F0F722FB009B090241EA106198
S3150801C62000029842019B994105D3304603B0BDE803
S3150801C630F04F0FF0B3BC0021022000F033FC0DF0DF
S3150801C640AFFF8146DFF8C4B0DFF8D4A0DBF8F433D6
S3150801C6501B0741D5B8F1000F4DD0DDE900893E2011
S3150801C660EBF792FC4FEA182141EA09614FEA1923CF
S3150801C670A0FB019800FB0388264B1A6812B9FFF73D
S3150801C6805FFB0246002348464146F0F7E7FA0121D7
S3150801C690214B013493F88130DFF86CC001331F4A0E
S3150801C6A03F1BDFF880E0DBB201FA03F30744CEF85B
S3150801C6B06030CCF86C705366DCF81820DCF86C70C6
S3150801C6C0241AD21BA24216D2CEF864300220CEF822
S3150801C6D0603000F0E7FBA8E70DF062FFA0EB090068
S3150801C6E050454FF41B724FF045018CBF00200120C5
S3150801C6F0FBF732FEAAE70222054BDA6001232B700B
S3150801C70093E700BF5E21002000800A50000002B8AE
S3150801C71000C001B8A81E0020003E00B000900A50D3
S3150801C7203F420F0000A00A5001232DE9F74F924F0F
S3150801C730044697F881208A469340904A0E469366A6
S3150801C74097F880208E4B0546C3F8D8204FF400325F
S3150801C7508C4B4FF0000B1A610223DFF83482C8F8BC
S3150801C7600C30894B9B6903F1FF39A3EB0903002BB5
S3150801C77040F3E9800BF1010BBBF1020F6ED9EC22F4
S3150801C7800D210020FBF7E8FD4FF080537F4A804FCB
S3150801C79053664FF40031784BC7F86C51C3E91E95BF
S3150801C7A00025C7F86461A3F886601161744AC2F866
S3150801C7B0D85093F8812001239340704A93660FF06D
S3150801C7C0F2FB29464FF4807E3E6AD7F864C001F130
S3150801C7D010031B01FB5803F00303012B10D10EFABA
S3150801C7E001F313EA0C0F0BD107EB0112B442D2F88D
S3150801C7F00C2100F2BB80944202D2964280F0B980A5
S3150801C80001310829E3D1634C2268012A08D8624913
S3150801C8100B78142B02BF0023604E337001330B7063
S3150801C820BDB15549012AB1F8823043EA0503A1F899
S3150801C8308230544B5D660CD858490B780133DBB20C
S3150801C840022B0B7005D1002301322260524A0B706C
S3150801C850137003B0BDE8F04F0FF0A0BB012397F8A2
S3150801C8608120494D9340454A93660FF09CFB4FF052
S3150801C8708052464B01905A66AB6903F10109C5F826
S3150801C8806C90D8F83010D8F80830DD036BD5BA6F3C
S3150801C8903B6FA9EB0202A2FB0326D7F874C001F588
S3150801C8A08071A2FB0C530025E6FB0C35A1FB03ECBA
S3150801C8B001FB05CCB2EB0E0266EB0C06120A42EA44
S3150801C8C006625244B2EB112F4FEA112603D3013304
S3150801C8D045F10005921B043E964228BF1646C8F844
S3150801C8E0186097F88520D8F82010E318D2B245F1D8
S3150801C8F000058C42D8F8381084BF02F1FF32D2B253
S3150801C900481C0ED04FF0000E01F1010C99427EEB46
S3150801C910050008D20132B3EB0C03D2B265F100056A
S3150801C920F4E72A44D2B21D4602F0030287F88520AD
S3150801C930C8F82030012397F8812001989340184AB6
S3150801C94093660FF02BFB104B9B6900BF00BF00BF1E
S3150801C95000BF00BF00BF00BF00BFD8F86420D200E7
S3150801C9607FF503AF10E756462546E3E79442BFF441
S3150801C97044AF2B439DB243E7003E00B000A00A50E6
S3150801C9800080035000D001B800800A5000E001B8C9
S3150801C99000C001B8401E0020602100205F21002050
S3150801C9A000900A504FF00052014B1A60704700BFC1
S3150801C9B000E100E04FF00052034BC3F88020BFF3BB
S3150801C9C04F8FBFF36F8F704700E100E037B504461C
S3150801C9D0FFF75CF901213A20EBF7BCFAE1782279F5
S3150801C9E01B4841EA0243C0F85C35E579A37943EA75
S3150801C9F00543C0F8603523784BB18DF8041004213E
S3150801CA008DF805200DEB0100002203F066FB637823
S3150801CA105BB10421A37900228DF80430E3790DEB8B
S3150801CA2001008DF8053003F058FB227801235AB12D
S3150801CA30084AC2F85835627802233AB1054A0020F5
S3150801CA40C2F8583503B030BD034AF2E7024AF6E7A1
S3150801CA5000C0035000D0035000E00350F8B50B4660
S3150801CA60002213F8044B944225D91D68854224D126
S3150801CA7006245A791D79124B88181E6804FB05038A
S3150801CA80104F33F8063C7B43B3420ED900238A5A2A
S3150801CA907A43964202D804FB0300F8BD9D42FAD9AF
S3150801CAA0013304FB03F2825AF2E740F251423D2177
S3150801CAB00020FBF751FC0020EFE708330132D2E7EB
S3150801CAC0181F002040420F004FF0000C2DE9F04FCF
S3150801CAD0A2FB017AAD4EDFF8E8E2BE1998466AF183
S3150801CAE00003B6457CEB030383B009D240F2432227
S3150801CAF00E216046FBF730FC022003B0BDE8F08F3B
S3150801CB00D8F814B00C4615468146BBF1000F04D07F
S3150801CB10DBF80030032B00F29D809D4B9D4A9E6BEE
S3150801CB20A3F580431B6FD2F8FCB05A074EBF4FF4EA
S3150801CB3040039B0503F0E073C6F314061E43964BA8
S3150801CB40D3F8EC305B0048BF46F0807646EA456686
S3150801CB500EF00CF8012D0246CED10028CCD08F4B11
S3150801CB60984200F0868003F5122303F5F86398428C
S3150801CB7000F0B7808A4B984200F0EA8001900023C2
S3150801CB8000204FF00071F0F769F8019A0130A7FB10
S3150801CB90007300FB0A33C6F31301A1FB021220330B
S3150801CBA09B09C8F800307F4BC90C1C6041EA423129
S3150801CBB07D4BF50258BF494219607C4B0C441C60F9
S3150801CBC0BBF1000F44D00023DBF81C70F001DBF841
S3150801CBD0005048BF6408C8F80830C8F8043087B35D
S3150801CBE099F82720073A012A2BD9DFF8D891D9F8DD
S3150801CBF03C21D20277D43E46002C00F0A780B4FA35
S3150801CC0084F1072900F3A280C1F1080327FA03F387
S3150801CC1004FA01F15F1CB1FBF7F14B00670201331E
S3150801CC20E40D01E002330131A6FB0302874274EBEE
S3150801CC300202F7D2C1F30E031B0343F00063C8F8DF
S3150801CC4008300023062DC8F80C30C8F8103012D861
S3150801CC50002052E7042BDBF828607FF479AFF10155
S3150801CC604CBF4FF4400306F0E07326F0E0761E430E
S3150801CC706EE74F488BE7DBF83030002BE8D00DF034
S3150801CC8075FFDBF83010FFF7E9FE044610B183782B
S3150801CC90002B5FD10DF02AFFDBF83010FFF7DEFE1F
S3150801CCA004460028D4D08378002BD1D0407940F2AD
S3150801CCB07D52003818BF01203D21FBF74DFB207935
S3150801CCC040F27E5200384FF03D0118BF0120FBF7B4
S3150801CCD043FB237962791B0243EA0213C8F8103031
S3150801CCE0B6E7344853E7344AC6F38156965D81EA76
S3150801CCF0E170A0EBE17046F3401100FB01F14FEA48
S3150801CD00E07EB60606FB0E11A0FB06064FEA540C9A
S3150801CD1010EB0C0041EB06012246EFF79FFF0E2DA3
S3150801CD200FD91B4B9A6BD9F84830D9F83C11DB0659
S3150801CD3007D502F4801201F400110A4308BFC0F5B1
S3150801CD408010C0F31300C8F8040054E7210262E713
S3150801CD501A481CE7407940F26252003818BF012090
S3150801CD603D21FBF7F9FA207940F2635200384FF07A
S3150801CD703D0118BF0120FBF7EFFA237962791B02FF
S3150801CD8043EA0213C8F80C3084E700BF006CCA886E
S3150801CD90008001B8004F00B0000002B800F0490257
S3150801CDA0005A6202201F00201C1F0020181F0020A5
S3150801CDB00A3BB2DF313641DCB0EB0208D694BFD666
S3150801CDC0807C814A004001B810B5044686B059B93D
S3150801CDD0214B4168D3F8FC30827A204805930068D4
S3150801CDE06B46FFF771FE69461D4B0A685A631A4B73
S3150801CDF0D3F8FC3033B34B6843B11A4B1A4AC3F81C
S3150801CE003C214A68A3F58053C3F83C218B6843B19A
S3150801CE10144B164AC3F81C218A68A3F58053C3F834
S3150801CE201C21134AC868D2F8983123F4EE630343E8
S3150801CE30C2F89831D2F89031096923F4EE630B43AD
S3150801CE40C2F89031002022890A4B9A6203F5A03371
S3150801CE50186406B010BD00BF004F00B0141C0020B6
S3150801CE60008001B8006001B8FFFF0F0000F0FF0F56
S3150801CE70000002B8004000B8074BD3F88022D20759
S3150801CE8007D55B6E002B4FF48043B4BF034A044AAF
S3150801CE9013650020704700BF00800050002002B8CB
S3150801CEA0001002B8064B1A6C9207FCD4022240EA1B
S3150801CEB001205860034B1A640122034B1A7070470C
S3150801CEC000C002B800D002B86121002010B590B1A7
S3150801CED00468012C0FD902696AB11168094B102C33
S3150801CEE0196051685960916888BFD268996094BF82
S3150801CEF0D960DA6010BD10220021024804F0CAFE8A
S3150801CF00F8E700BF281F00201B4B2DE9F0410D460D
S3150801CF1016461C6858B34FF47A7343438A68A3F6D6
S3150801CF20AC539B1A4A689B1A144AD8171168144FAE
S3150801CF30A1FB033201FB002213F1807342F10002C7
S3150801CF405B0E43EAC213803B33620E4BD3F8C430FF
S3150801CF5073623B6873B120460DF0A4FA50B13246AC
S3150801CF6029463B68D4F8E400BDE8F04118474AF67B
S3150801CF70C873D9E7BDE8F081141C0020381F0020CA
S3150801CF80241F0020003F00B0084BC1171A68A2FBF6
S3150801CF90000302FB013310F1807043F10003400ED8
S3150801CFA040EAC310803820EAE0707047381F002035
S3150801CFB00722194B70B51A64184B194A1E68194B82
S3150801CFC0F408E005C0184FEA163141F100010023C3
S3150801CFD0EFF744FE144B154D18601548FFF7D4FFBB
S3150801CFE04042C5F8DC0049F65800FFF7CDFFC5F801
S3150801CFF0A8001048FEF720FC024660B1E30150087C
S3150801D00018184FEA16714FF0000341F10001EFF7C6
S3150801D01025FEC5F8B40070BD000002B8A81E0020A0
S3150801D02065CD1D00B2E60E00381F0020003F00B096
S3150801D0307011010040420F0048B14FF47A72054B56
S3150801D040DB6802FB0030A0F5FA50FFF79DBF47F2F7
S3150801D0503050FAE7281F002010B5044698B10B4B4B
S3150801D060D3F8FC00FFF732FF4FF47A7303FB04F0A1
S3150801D070074BA0F6AC50DA689B681044C01ABDE8A5
S3150801D0801040FFF781BF4AF6C870F8E7004F00B0B5
S3150801D090281F002070B50446084615461E46FFF7A8
S3150801D0A015FF002C49D072073DD52069002845D0C7
S3150801D0B04FF47A735843264BA0F6AC509B68C01AB6
S3150801D0C0FFF762FFA862A08B00283AD04FF47A7363
S3150801D0D058431F4BA0F6AC509B68C01AFFF754FF84
S3150801D0E0E8612A461A49E068FFF70EFF0021A069A0
S3150801D0F0FFF7B2FF6863A06830B34FF47A735843F9
S3150801D100A0F5FA50FFF740FF6861206840B14FF477
S3150801D1107A720F4B1B6803F51C53103302FB003060
S3150801D120FFF732FFA861B30707D5204600F054F888
S3150801D13028636069FFF780FFE86270BD4AF6C87028
S3150801D140BEE74AF6C870C9E747F23050DAE700BFCA
S3150801D150281F002070B5064608461C460DF04AFAF7
S3150801D1600546D6F8F00000F011F84368054A002B89
S3150801D170A8BF4FF4FA721A44034B601992FBF3F2F3
S3150801D180104470BD0CFEFFFF18FCFFFF40B1036899
S3150801D190012B05D90069034B002808BF18467047BB
S3150801D1A000487047B8EB020828B1094881420CBF0C
S3150801D1B02F20BC207047074A536F106DC3F3011126
S3150801D1C01B0C01FB033300F01F00013018447047A4
S3150801D1D048E80100004001B8406840B14FF47A724E
S3150801D1E0044B1B6803F51C53103302FB0030FFF791
S3150801D1F0CBBE00BF281F002070B588B06D46184CFD
S3150801D2000FCC0FC594E80F0085E80F00FC2200211A
S3150801D210144804F03FFD94220021134804F03AFD16
S3150801D22020220021114804F035FD0DF04CFA104B6F
S3150801D2301B783BB16D460A4E0FCD0FC695E80F0018
S3150801D24084E80F000C220B490B4804F02EFD0B4B0A
S3150801D2500B4AD3F87831C3F38243D36708B070BD5C
S3150801D260E03F00B0703E00B06C3F00B0E04F00B048
S3150801D2704D210020C8EB0208C83E00B0000002B8E4
S3150801D280003F00B0064BD3F8080F064B9B6C1A01FA
S3150801D29003D4054B9B6E1B0401D500F580707047BE
S3150801D2A0003000B0000002B8004000B810B50EF01A
S3150801D2B07AFE0E2104460320FEF79AFE40F2012269
S3150801D2C0034B2046BDE81040DA620EF067BE00BF88
S3150801D2D0004000B8064B00201B6893F82430DB0990
S3150801D2E002BF0322034BC3F85022FBF7EBBA00BF78
S3150801D2F0141C0020006001B8012370B5074C237087
S3150801D300074B1E68074B3240D3E9005319402840A2
S3150801D310FBF784FE0023237070BD00BF692100203E
S3150801D320401F0020580D0020024B1879C0F3C00099
S3150801D330704700BF580D002010B50446FEF7CCFC17
S3150801D34000F010FF2046FDF727F9FEF74DFCFEF722
S3150801D35037F8FEF7ADF8FFF72BFE15490723154AEF
S3150801D360D1F8FC1004F58270FFF794FE4FF0807136
S3150801D3700020FEF781FA4FF000720F4B4FF40011AF
S3150801D3800120C3F80021FEF777FAFEF717FF20B947
S3150801D39040F221121421FAF7DFFF0DF092F901206C
S3150801D3A0FDF70CFFBDE8104000200DF0B3B900BF32
S3150801D3B0004F00B0A43F00B000D001B88023074A4F
S3150801D3C05364082340B15364054AD2F8D83E23F082
S3150801D3D02003C2F8D83E7047024AF4E7001002B8A3
S3150801D3E0003000B0002002B810B50EF0DCFD0121B6
S3150801D3F004460020FFF7E2FF044B1961044B5B6802
S3150801D40098472046BDE810400EF0C8BD000002B896
S3150801D410A8240020F0B583B014460646FFF72CFD74
S3150801D420FBF7DAFF00285CD0584B5D6915F0060555
S3150801D43057D10EF0B8FD23790095022B054654D134
S3150801D440237B022B32D00320FEF770F920B9504B0B
S3150801D450DB685B0440F19280A37B277B003B18BF06
S3150801D4600123A2684B49012F01920B707BD000F072
S3150801D4706BFE0420FEF74EF80420444E0223716F1A
S3150801D4803A4621F0F85121F4F81141F0506141F47E
S3150801D490803171670DEB0001FEF75AF80446B0B109
S3150801D4A0012030223C493D4B08701A653C4E3368D1
S3150801D4B098472128044604D101210020736898471A
S3150801D4C0002428460EF06AFD204603B0F0BD03206D
S3150801D4D0FEF720F82846334A334B72671C700EF064
S3150801D4E05DFD0E24204603B0F0BD0320FEF71EF9AC
S3150801D4F0002843D12179D6F80C31012922682FD089
S3150801D500D01A0027214B274A00905A679F67637BE9
S3150801D510264823F04007002FC3F3801303700CBF7E
S3150801D520012300232249234A0B70D2F8D83E214A07
S3150801D5300CBF43F0200323F02003C2F8D83E032092
S3150801D540FDF7E8FF114B1C4A03205A676946012378
S3150801D5502279FDF7FDFF98B10122134B1A706FE787
S3150801D5609342CED8CCE72379022B80D0009BD6F8FC
S3150801D5700C1100270B441344019378E72846AEE7BC
S3150801D58028460EF00BFD2124ACE700BF00C001B808
S3150801D590000002B8682100206B210020001002B8A3
S3150801D5A0A824002000000101652100206621002031
S3150801D5B067210020003000B0010C0100F7B50D46C7
S3150801D5C0002407460EF0EFFC1E4B064620461C704B
S3150801D5D0FFF7F4FE1C4B1D4A5A679C676879431E80
S3150801D5E058425841FBF7FEFC40F60142164B9A6732
S3150801D5F02A792968012AD7F8143101D1994200D329
S3150801D600CC1A042303200DEB03010194FDF7A0FFB7
S3150801D61048B988220E4B30465A640EF0BFFC2124C5
S3150801D620204603B0F0BD0B4D2B68984721280446C8
S3150801D63004D1012100206B689847002430460EF07A
S3150801D640ADFCEDE76521002000C001B8000001012D
S3150801D650002002B8A824002038B5164C05462078C3
S3150801D6604FF42072B0FA80F03E214009FAF774FEB1
S3150801D67055B14FF44062104BD3F80831C3F38123F7
S3150801D68023700E4BC3F8082160784FF42072B0FA64
S3150801D69080F03E214009FAF75FFE55B14FF440622A
S3150801D6A0054BD3F80C31C3F381236370034BC3F8DD
S3150801D6B00C2138BD62210020004000B8006000B886
S3150801D6C0A82238B51C4B5D6C03F500535A64102229
S3150801D6D09A60A3F5804302F100521A675A6600F070
S3150801D6E089FF164B1B7813B90320FDF713FF002496
S3150801D6F0134B9C6700F0A4FF124A134BD2F8081F7C
S3150801D7000B40C2F8083F0422104B5A64104BAA0674
S3150801D710C3F8E04009D503F58073D3F89030B3F523
S3150801D720817F22BF8022044B1A61FCF72FFB00225E
S3150801D730084B1A7038BD00BF000002B865210020E9
S3150801D74000C001B8003000B0DF0000FF002002B8B9
S3150801D750003E00B0642100200D4A10B5D2F8A03071
S3150801D760D2F8A4100B40B3F1804F0CD34FF04040D0
S3150801D7700849094CC1F8A400D467C1F8A0004FF4C0
S3150801D7808021064AD161034AC2F8A03010BD00BF04
S3150801D79000400050006000500000FF01001002B870
S3150801D7A09D4B2DE9F04F9A6EDB6E87B002EA0308AE
S3150801D7B09A4BC3F868804FF03A43D3F81471D3F8FB
S3150801D7C018311F40964BC3F81471964B9A68DB685B
S3150801D7D002EA030A944BC3F808A003F52043DA6961
S3150801D7E01B6A02EA0309914B09F47702DA61904B45
S3150801D7F0D3F80422100705D4D3F8046116F00806F5
S3150801D80000F0E5800EF0CFFB8A4B5A695E6E02F096
S3150801D810060BBBF1000218BF01221B6F01921E40C5
S3150801D820854A26F0007323F400637107536606D50B
S3150801D830824A92F885300133DBB282F885300EF0E0
S3150801D840ADFBB8F1000F00F0E38018F400442BD0CB
S3150801D8500EF0A9FB0146FFF715FD0446784B1D6836
S3150801D8602A682B689A42FCD02A689A42FCD0FFF7AC
S3150801D87009FDA04240F0AD8008460EF08FFB714BC2
S3150801D8801C60714B5D6C15F4E05B40F0A48024F0DC
S3150801D8907F4424F0DF040CB9FFF712FF6B4B01201C
S3150801D8A01B6898474FF08074002518F0020F12D0B4
S3150801D8B0654B5E495B6C03F460424A64002A00F0DA
S3150801D8C09E801A0400F19E809D0440F19E804FF0CF
S3150801D8D0006300251C43C8F340384FEA48085C4BEF
S3150801D8E03B40002B4BD017F4206F0AD040F2C952A7
S3150801D8F006210020FAF730FD002000F0FDFE27F48E
S3150801D9008027F80506D5FF22484B44F4C0649A607F
S3150801D910FFF7CCFC17F0090F0BD040F2DE520821B5
S3150801D9200020FAF719FD00F0DBFE4FF03A43012219
S3150801D9305A6317F0106F0CD040F2E7520921002004
S3150801D940FAF70AFD00F0CCFE002211461046FCF754
S3150801D95027FF17F4202F0AD040F2EF5207210020A3
S3150801D960FAF7FAFC002000F0C7FE27F48027F9032E
S3150801D97001D5FDF767F8002FB8BF48F008087A0700
S3150801D9800ED54FF03A431B6B13F4005F4FF4005367
S3150801D99017BF234A2F4A136344F4000408BF1363CD
S3150801D9A07B0548BF44F0040417F48023029300F072
S3150801D9B0B980FCF7FDFF013806284DD8DFE810F0DD
S3150801D9C073017601730179017C017F017F0101965B
S3150801D9D037E7044644E7FFF773FE144BC3F844B030
S3150801D9E015F4805305D115F4806505D04FF0806490
S3150801D9F05AE74FF0804457E74FF0805455E74FF008
S3150801DA00007366E74FF0004363E74FF0005360E7A2
S3150801DA104446454663E700BF004000B8006000B8C9
S3150801DA20002000BA004001B8006001B8002002B821
S3150801DA3000E100E000C001B800E001B8003E00B016
S3150801DA40A4E902083C1F0020000002B8BC240020FB
S3150801DA50090B0B89001000BA4FF4C4620321002098
S3150801DA60FAF77AFC4FF03A420121D2F88C30D2F813
S3150801DA70AC0003F00703063301FA03F3C0F30C0005
S3150801DA801B1A9BB2072B12D9994B5B6C58020ED401
S3150801DA909848D36CD26E406D58B103F0070306332C
S3150801DAA09940C2F30C03C91A89B2092901D844F469
S3150801DAB00074914B1B78002B34D04FF03A43D3F8BE
S3150801DAC0143113F4A02F2DD18C4BDFF86CB21B78CF
S3150801DAD083B9F3040ED49BF800305BB18849C4F3CB
S3150801DAE0C003D1F8081F83F001035B0021FA03F391
S3150801DAF0980717D10420FDF70DFD824B8249596716
S3150801DB0000F022FB9BF8003043B9804B1B782BB100
S3150801DB107F4B804A1B682340134201D144F4804459
S3150801DB2026F48056BAF1000F27D01AF4805F18BF81
S3150801DB3044F480241AF4807F18BF44F400241AF4AC
S3150801DB40005F18BF44F010041AF4007F18BF44F0B0
S3150801DB5020041AF4806F18BF44F040041AF4006FC9
S3150801DB6018BF44F080041AF0805F06D06A4B002182
S3150801DB70186845F48055FBF753FCB9F1000F3DD001
S3150801DB8019F4802F18BF45F4007519F4803F05D0A4
S3150801DB90624B03201B6844F48054984719F4801F8C
S3150801DBA018BF44F4003419F4001F18BF44F00204E6
S3150801DBB019F4003F18BF44F4801419F4800F18BFF4
S3150801DBC045F0100519F4002F18D04D4BD3F8D83E5F
S3150801DBD013F0C00F12D0464BDA6802F03062B2F188
S3150801DBE0407F05D19A6CD10602D4DB6C1A076DD534
S3150801DBF04FF400224A4B29F40029DA61002E00F07D
S3150801DC004B8133051ED54749DFF8F8B091F803A0D3
S3150801DC10454ABAF1000F00F091804FF400600AF10D
S3150801DC20FF3A50665FFA8AF2CA703AB93F4A1278E1
S3150801DC30002A4ED040F601423D4B5A670022134650
S3150801DC4014431D43B00009D52E20FDF795FB4FF06F
S3150801DC500052354B45F008051A675A66F10608D58C
S3150801DC602B20FDF789FB10222F4B45F400151A6767
S3150801DC705A6616F0306F40F0A980F20440F100812F
S3150801DC80019B002B40F0E080264A1379002B00F017
S3150801DC905081013BDBB2137113B9254B254A5A67EB
S3150801DCA000231C43ECE044F48034DBE644F40064CE
S3150801DCB0D8E644F48064D5E644F48074D2E6174B7A
S3150801DCC002201B6844F008049847CBE644F4001484
S3150801DCD094E7DBF8782012F4A05F15BF4FF4807241
S3150801DCE040F60142CBF85820CBF87820A6E700BFCA
S3150801DCF0000002B8004000B86B2100206A2100200C
S3150801DD00003000B000C001B8000001016621002002
S3150801DD10580D0020088D0100141C0020BC24002089
S3150801DD20002002B85321002000E001B86521002037
S3150801DD3000D001B80000010D672100200320FDF77E
S3150801DD40E9FB4FF40061A04A5166DBF8141011F0A3
S3150801DD50060126D05046FDF717FDDBF86410DBF8FF
S3150801DD607030994A0B4013F0100F1FD010232D2045
S3150801DD7013675366FDF700FB4FF4001A9349944A5B
S3150801DD80B1F8823013F4006F1CD023F40063A1F8B4
S3150801DD908230137803F0FF025BB14FF40042534619
S3150801DDA04EE741F61F705067CBF878104FF0000A1E
S3150801DDB0E4E70392FDF76CFDFFF782FC039A4AF04C
S3150801DDC020033DE713784FF40052E8E7330115D5F0
S3150801DDD02920FDF7D1FA7F4B7F49DB6803F480429E
S3150801DDE0C3F380330B70FFF79FFA28B17B4B764953
S3150801DDF07B484B660367D2B945F00405B00123D5C4
S3150801DE000420FDF787FB2720FDF7B6FAFFF758FC34
S3150801DE104FF000726C4B5A66724BD3F8082F5206B4
S3150801DE2070D40222704B9A6045F0020523E00B6715
S3150801DE3020204B66FDF7A0FA45F400152D2045F084
S3150801DE400C05FDF799FAD9E716F0807FDFF89CA152
S3150801DE5043D00420FDF75EFB2820FDF78DFADAF89A
S3150801DE607830002B35D1FFF72BFC574B5B4A45F031
S3150801DE7001051A675A66FFF72DFA00225B4B9A6568
S3150801DE80B30409D55A4A5379002B00F09880013B0F
S3150801DE905371002348EA0308424620462946FFF7FC
S3150801DEA02BFA029B0BB1FCF7BBFD4FF00042514B1D
S3150801DEB007F00437C3F814714F4B19F4002FC3F850
S3150801DEC080211EBF4FF40022474BDA6107B0BDE837
S3150801DED0F08F0023CAF87830C7E7F104CDD50420BE
S3150801DEE0FDF718FB454BCAF87430FDF7D1FCDAF893
S3150801DEF0643013F0407FC0D12A20FDF73DFAFFF7C1
S3150801DF00DFFB89E7D3F8D83E9B068DD402223C4B2A
S3150801DF109A603C4B1B6893F82530980784D52B4BA0
S3150801DF2093F8F430002B3FF47FAF8022294B1A6116
S3150801DF307AE70420FDF7EEFA0320FDF7EBFA2B4BFF
S3150801DF402E4A5A670EF02FF882460DF11700FEF792
S3150801DF50C1F82D4B83461B780BB1FFF7A7F9BBF127
S3150801DF60030F0ED1DFF86CB00020FEF7B3F80328D3
S3150801DF7007D1DBF82830D907F6D4DBF84830DA03BD
S3150801DF80F2D49DF81730032B06D101221F4B5046B8
S3150801DF901A700EF003F883E64FF03A43D3F81431BA
S3150801DFA013F4A02FF1D100F0CFF850460DF0F6FF8B
S3150801DFB0174B03201B6898474FF4804371E60520E9
S3150801DFC0FDF7A8FA012365E700E001B8003E00B0B5
S3150801DFD065210020000002B86421002010000020FD
S3150801DFE000D001B8003000B0002002B800C001B866
S3150801DFF053210020002000BA00E100E000000101E1
S3150801E000001002B8141C0020682100206A21002093
S3150801E010BC2400200122024B1A62DA61704700BF54
S3150801E020002002B8094A08B5D369116A0B400849A4
S3150801E03023F47F00DB07C86106D5D1684FF0FF30AE
S3150801E040C1F303610CF048FB08BD00BF000002B82C
S3150801E050002002B80C4A08B5936CD26C13400B4ADF
S3150801E0609364DB070FD50A4B40F67A02187812211A
S3150801E07000F00100FAF770F9BDE808400022012016
S3150801E0800021FFF739B908BD00C000B800E000B8A3
S3150801E090580D002038B50B4C0B4DD4F88430DB07EE
S3150801E0A006D4A36FD4F884201340084A936738BD71
S3150801E0B0D5F804315A06F0D500F03AFE4023C5F8E2
S3150801E0C08431EAE7008001B800E100E000A001B868
S3150801E0D008B50DF068FF0E4B1A78A2B90D4A1268F9
S3150801E0E012F4843F0FD10C4A102111651B7863B9CC
S3150801E0F0084B1B68DB0508D4074B20221A65BDE8C7
S3150801E10008400DF04BBF054AEEE7044BF5E700BFA3
S3150801E1106B210020580D0020002002B8001002B81B
S3150801E12010B50DF040FF0E2104460320FDF760FFF0
S3150801E13040F20122034B2046BDE81040DA620DF099
S3150801E1402DBF00BF004000B80022044B1A70044BD3
S3150801E150197811B11A70FFF7BBBF70476A21002001
S3150801E1606B21002038B50DF01EFF4FF08043244C7B
S3150801E1700546C4F88030BFF34F8FBFF36F8F4FF05A
S3150801E1800043C4F88030BFF34F8FBFF36F8F01236D
S3150801E190C4F88430BFF34F8FBFF36F8F0223C4F8DF
S3150801E1A08430BFF34F8FBFF36F8F0423C4F88430D5
S3150801E1B0BFF34F8FBFF36F8FFEF7FCFB0823C4F83D
S3150801E1C08430BFF34F8FBFF36F8F1023C4F88430A9
S3150801E1D0BFF34F8FBFF36F8F2023C4F88430BFF38B
S3150801E1E04F8FBFF36F8F8023C4F88430BFF34F8FEF
S3150801E1F0BFF36F8F2846BDE838400DF0CFBE00BF8C
S3150801E20000E100E038B50DF0CEFE05464FF080433B
S3150801E2100B4C23604FF00043236002236360042301
S3150801E2206360FEF7BFFB0823636010236360202346
S3150801E2306360802363602846BDE838400DF0AEBEB2
S3150801E24000E100E02DE9F047DDF820A003EA010826
S3150801E250099B06460D4602EA000703EA0A09BAF1CE
S3150801E260000F40F04F81031F0B4300F00F81052873
S3150801E27071F1000380F0E58050EA010300F0758131
S3150801E280431E0B4300F02581FFF76CFFB84AD2E91C
S3150801E290004323EA050324EA06043C4343EA080744
S3150801E2A0B44BC2E900471E6826EA0A0646EA090689
S3150801E2B01E60FFF70DFF14F02A4F0CBF4FF4004301
S3150801E2C048F20203AC4AB007D26EAC4848BF43F4E1
S3150801E2D0005383EA020122EA0302C266A84A0B40F6
S3150801E2E08166D366C4F380421203210348BF42F410
S3150801E2F08072E30648BF42F40052A24BA50648BF06
S3150801E30042F40072600648BF42F480622106D96869
S3150801E31048BF42F4006282EA010323F080539A4817
S3150801E32019401A40C1608360984B17F4007FDA6080
S3150801E330974B07F4007200F0048101224FF48025FF
S3150801E34083F8A020E30448BF45F48035A00348BFFD
S3150801E35045F48015A10748BF45F4001514F4001FBC
S3150801E360DFF8688206D0D8F800000CF0D1F908B9B0
S3150801E37045F40025E20248BF45F40035FB06854B06
S3150801E38048BF45F480051A6A834985EA020323F0E2
S3150801E39001031A400A621D40CB61804B16F0010F3A
S3150801E3A01D627F4B7F4A08BF1A467F4B7D071B6F4D
S3150801E3B048BF42F000627D4882EA030123EA02036C
S3150801E3C003677B4B0A4041661A677A4A04F00103E0
S3150801E3D0D16CA0F5803081EA030221EA0301C16408
S3150801E3E082641A40744B2002DA64D8F8002048BFC8
S3150801E3F0724B92F8022158BF714B610748BF43F42B
S3150801E400806322B114F4C06F18BF43F480733207D6
S3150801E4104FF03A42BDE8F047D2F8181148BF43F029
S3150801E420004383EA010222F4A02266481140C0F89B
S3150801E43018111340C0F81421634AC2F81831FFF7BE
S3150801E440E1BEA0F580630B4306D020F48063A3F5F3
S3150801E45000730B437FF418AF0DF0A5FD4449D1E9CC
S3150801E460003223EA060322EA050242EA08023B438E
S3150801E470C1E90032554A126892F80211514A09B3A4
S3150801E48013F4C06F1ED04FF4807311E00DF08BFDAD
S3150801E490374AD2E9003123F004033B4341EA080134
S3150801E4A057EA0807C2E900314FF48063454A0BD0A1
S3150801E4B0C2F81431A2F58052C2F81831BDE8F04706
S3150801E4C00DF06CBD4FF48073C2F81831C2F81431DF
S3150801E4D0F4E70DF068FD264AD2E9003123F001037D
S3150801E4E03B4341EA0801C2E900310123384A57EAA8
S3150801E4F008071BBF9364A2F58052D364D36408BF8F
S3150801E5009364DBE750EA01037FF4BEAEBAF1010F6B
S3150801E5107FF4BAAE0DF047FD164A136823F00103DE
S3150801E52043EA090313604FF40053204AB9F1000F77
S3150801E53004D05366A2F580521367BFE71367536683
S3150801E540BCE793F8A01071B183F8A020214BD3F84A
S3150801E550A41003F50053C3F8A410C3F8A0104FF094
S3150801E5605023C3F8A4200025ECE6BDE8F08700BFD8
S3150801E570580D0020401F0020004000B8006000B878
S3150801E580005000B8004001B8006001B8005001B859
S3150801E590003F00B0000002B8002002B8001002B81F
S3150801E5A0041800030438000300C001B800E001B8EC
S3150801E5B000D001B800C000B800D000B80D0A0A0999
S3150801E5C0090A0A09002000BA001000BA141C002022
S3150801E5D000E000B800400050024B186800F0010046
S3150801E5E0704700BF580D0020014B5879C009704784
S3150801E5F0580D00200A4B197801F0FF0229B10021B4
S3150801E600197008499202C1F80821597801F0FF02E8
S3150801E61029B1002159709302024AC2F80C31704798
S3150801E62062210020005000B84FF40062034B5A647F
S3150801E6304FF40042A3F5E0339A667047001002B81A
S3150801E640F8B5084C084D636C0423084F6B64636C7A
S3150801E6505B0300D4F8BD042602207E640BF0A7FFF5
S3150801E6606E64F4E7000002B8001002B8002002B890
S3150801E67038B5044671B940B1154BDB6813F0606FC4
S3150801E68004D04FF4C062134B9A6538BD124B1B6C0C
S3150801E690D907F6D4FFF744FD0D4D0020FDF71AFD05
S3150801E6A0032801D0092805D1AB6ADA07F5D4AB6C82
S3150801E6B0DB03F2D4FFF7C4FF0122084B5A61022299
S3150801E6C09A62042203F580535A64002CDDD0D8E7F8
S3150801E6D0000002B8006001B800C002B8001002B814
S3150801E6E008B503210920FDF783FC2022014B1A6195
S3150801E6F008BD00BF000002B838B505460DF053FC49
S3150801E7000E4B04461868FCF777F835B1FFF71CFD80
S3150801E7102046BDE838400DF041BC094B1B78002B5B
S3150801E720F6D0084B1D78002DF2D1FFF70DFD2A46CC
S3150801E7304FF480400021FEF7DFFDE9E7141C0020B5
S3150801E7406A210020692100202DE9F84F544B07461C
S3150801E7500E4615465C6C002A40F0A08004F0A00421
S3150801E760003C18BF0124FBF711FBA0234FF0000A58
S3150801E7704C4A03205364FCF7CDFE0420FCF7CAFE7D
S3150801E780DFF84C81FFF7E0FC474B4FF0040BC8F864
S3150801E7907430C8F878A0FFF753FF444B414AD3F8C1
S3150801E7A0D81EDFF8FC9041F02001C3F8D81EFF21DE
S3150801E7B091604FF48071C9F81010D3F8081F3C48CE
S3150801E7C00840C3F8080FC2F844B0C3F8E0AED8F859
S3150801E7D0143013F0060F04D0FDF75AF85846FCF723
S3150801E7E099FE0CB1FFF720FF47B1FFF799FCFFF738
S3150801E7F077FF0420FCF78EFEFFF7FCFED9F81430EC
S3150801E800D90749D5264AD36813F0706FFBD1254B32
S3150801E810284A5A64284AD2F8803023F0F003C2F80D
S3150801E820803016B12846FFF767FF244BD3F84C31E1
S3150801E8305A1C01D05B0002D501221A4B5A615DB3FD
S3150801E8401F4BDA6E03F500539A6603F5D0331B6A3C
S3150801E850144A23F00103D3611A4BD96803F500530F
S3150801E860996003F50053D3F8841003F500539967AB
S3150801E8704FF03A43D3F8181103F50053C3F81411AE
S3150801E880114BD96C03F500539964104903F580338C
S3150801E89059664FF608435364BDE8F88F002462E7CA
S3150801E8A0000002B8002002B800000101003000B0E3
S3150801E8B0DF0000FF10003000003F00B00080E00FCD
S3150801E8C0004000B8004001B800C000B85000002F51
S3150801E8D000C001B838B514460D460DF064FB064B69
S3150801E8E0D3F8D82E54402C405440C3F8D84EBDE82E
S3150801E8F038400DF053BB00BF003000B0034BD3F8CE
S3150801E900D83E99430CBF012000207047003000B063
S3150801E910174BD3F8D82E12F0010312D0154B93F8E2
S3150801E9206430154A43F08073C2F8D0304FF480132F
S3150801E93002F50052C2F8B430A2F58052C2F8B830D6
S3150801E94070471106EDD40B4B93F8631021B1D2062B
S3150801E95002D593F86030E4E74FF480120020074BA4
S3150801E9600549C3F8B820C1F8D000C3F8B4207047E8
S3150801E970003000B0003F00B0004000B8006000B8A9
S3150801E98070B5164E032804460D4633781ED023FA71
S3150801E99004F202F0010295421DD053B10122A240B0
S3150801E9A0A54023EA02032B43DBB233704BB10120A6
S3150801E9B070BD2DB10A4B01201B6898473378EDE7E6
S3150801E9C03570074B00201B689847F0E79A07DED099
S3150801E9D003F0FC03E9E7002070BD00BF6D210020AC
S3150801E9E07C1F0020F8B505460C460DF0DCFA104FE1
S3150801E9F006463B7833B1012D04D01CB90D480DF0FC
S3150801EA0099F83C7021462846FFF7BAFF0A4B044697
S3150801EA101B783BB93B782BB90BF0F1FC10B1074BCE
S3150801EA201B68984730460DF0B9FA2046F8BD00BF75
S3150801EA306E210020541F00206D210020A8240020EB
S3150801EA40054A0B46117831B100211170034A01219B
S3150801EA5052681878104770476E210020A8240020B4
S3150801EA6038B5074D04462B78834207D0FAF7FAFCE6
S3150801EA7020462C70BDE83840EDF748B938BD00BFCF
S3150801EA806C2100201B4B022910B5187002D00329EE
S3150801EA9004D010BD184B1B78002BFAD1F9F7A6F94B
S3150801EAA00028F6D04FF00052144BC3F88020BFF36C
S3150801EAB04F8FBFF36F8FFAF78FFC0028E9D0FAF76B
S3150801EAC03DFC0028E5D10E4B1C6834B123689847F4
S3150801EAD0BDE810400020FAF7B9BC0BF01CFA094B47
S3150801EAE018600DF087FD084B18602046FAF77CFC84
S3150801EAF0EEE700BFB72500206C21002000E100E009
S3150801EB00641E0020781F0020741F002038B50446B3
S3150801EB100D46F9F76BF980B14FF00052124B1A60A6
S3150801EB20FAF75AFC48B9012D07D80120FAF78EFCE5
S3150801EB300E4B1B6823B15B6898470D4B1C7038BD9B
S3150801EB400DF058FD0B4B1A68801A18600DF0A4F8E1
S3150801EB504FF47A72084B1B6802FB00300BF0DDF9A3
S3150801EB600120FAF741FCE8E700E100E0641E002015
S3150801EB70B7250020741F0020781F0020F0B585B046
S3150801EB800DF011FA334D04462B7823B132480CF0B7
S3150801EB90D1FF002847D10DF05DF802AA03A90BF0B1
S3150801EBA018FC0346002837D00BF027FC029B984235
S3150801EBB01BD10020294B03991B68294E99423070B5
S3150801EBC01FD90027C91A012323482B70254A334622
S3150801EBD0019700970DF0E6FC68BB234A1378D9071D
S3150801EBE001D5317861B3204611E00BF004FC029B94
S3150801EBF098421ED0002318461849194A0968137005
S3150801EC0003910121FFF7BCFE002320462B700DF06E
S3150801EC10C5F9002005B0F0BD20462B700DF0BEF9F0
S3150801EC20212005B0F0BD20460DF0B8F90E2005B03B
S3150801EC30F0BD0220BEE7032320462F703370F3E7A9
S3150801EC4003F0FE031370002BCDD1084B1B689847C0
S3150801EC502046DCE76E210020541F0020401E0020BC
S3150801EC60B625002041EA01086D2100207C1F0020FD
S3150801EC70114B10B55B6F002403F44073B3F5007FA5
S3150801EC8004BF02220D4B0E4908BF1A600D4B0E4AEE
S3150801EC901C700E4B0E481A600E4A5A60ECF7D8FFE4
S3150801ECA00D490E48ECF7D4FF0D4B0E4A1A60EDF7E5
S3150801ECB03BF9204610BD00BF00400050401E002011
S3150801ECC0D4EB02086E2100207DEB0108A824002060
S3150801ECD0441F0020E5E90108DCEB02084C1F00206F
S3150801ECE07C1F002061EA010802220E4B10B41A6447
S3150801ECF00D4AA3F5005314685B687CB1DBB2042B9B
S3150801ED0007D100220121094B186823465DF8044BF7
S3150801ED101847052B02D100221146F4E75DF8044B8A
S3150801ED20704700BF00A009506C1E0020141C00206B
S3150801ED300C4B10B51C6C5A6C14400B4A24F002019A
S3150801ED401164E20705D540F2BD1200201968F9F7EA
S3150801ED5003FBA30704D5BDE810400248FFF7C4BF6B
S3150801ED6010BD00BF0080095000A009502DE9F84FD9
S3150801ED700E46884656F8041B0546144600203246B8
S3150801ED801F460BF0D9FCD8F8008040460BF0D5FC9D
S3150801ED9030B195B9416819B14FEA18630D683DB9A3
S3150801EDA00F213B46224640460BF0DFFC0D4617E095
S3150801EDB04A799A4201D00831F0E7DFF83890DFF84E
S3150801EDC03880D9F800B0D8F800A03046C9F8004014
S3150801EDD0C8F80070A8470025C9F800B0C8F800A00F
S3150801EDE02246012052F8041B0BF0A6FC2846BDE872
S3150801EDF0F88F00BF841F0020801F002070B50C4BC0
S3150801EE0004020D4604F4E064C0F307211B680C43B1
S3150801EE10084A04349C42126807D91D210BF0A5FC47
S3150801EE200022134610462B6070BD1060043BF9E7BB
S3150801EE30801F0020841F0020094A10B5116851B9A6
S3150801EE40B0F5006F09D2041D2046ECF755FE08B946
S3150801EE50044B1C6010BD1220FCE72120FAE700BF15
S3150801EE60901F00208C1F002010B5054C206818B192
S3150801EE700DF06FFB002323600022024B1A6010BDC0
S3150801EE80901F00208C1F002038B5044608680D46DF
S3150801EE900BF05CFD50B9094B1B6800202A68C4E9D0
S3150801EEA000531A60064B1B68A36038BD2028FCD1A5
S3150801EEB0044B1B68002BF0D10920F6E7901F0020B0
S3150801EEC08C1F0020881F00202DE9F84F1D460C686D
S3150801EED016464FEA042AC4F307230AF4E06A4AEA03
S3150801EEE0030A1F4B0AEB050B1B680BF104029A4236
S3150801EEF00746DDF828802DD80123F20093409D426C
S3150801EF0028D215B1B8F1000F27D03846FFF7BCFF54
S3150801EF108146E0B924F47F4424F0C70444EA1B245B
S3150801EF204FEA0B2B7B681FFA8BFB44EA0B0443F869
S3150801EF30044B53442DB118462A46414602F0B5FE04
S3150801EF400346012E0CBF03F8015C23F8025C484610
S3150801EF50BDE8F88F4FF01D09F9E74FF02209F6E7EA
S3150801EF608C1F002038B50446054B00681D684068AB
S3150801EF70D4E901231146A8476368988838BD00BFBC
S3150801EF80F024002010B5044C23781BB90BF0D3FBF1
S3150801EF900123237010BD00BF6F210020F7B50F466E
S3150801EFA01546064610B9222003B0F0BD00230360BA
S3150801EFB0002AF8D00F4C226892B91821012001AB1A
S3150801EFC00192ECF7A1FD0028EED1019B1F702A6979
S3150801EFD01D615A606A699A602360019B3360E3E7A1
S3150801EFE023681A78BA4203D05A6903F11404E3E78D
S3150801EFF02E20D9E7941F0020044A0346106810B151
S3150801F00002789A4200D170474069F8E7941F0020B8
S3150801F010014B1868704700BF941F0020094A5168C0
S3150801F020C84390FAA0F048B1B0FA80F0042805DC8C
S3150801F030012383400B43536040B270474FF0FF30C2
S3150801F040704700BFC01F00200021034B2822034838
S3150801F050C3E9001102F01EBEC01F0020981F002040
S3150801F06038B50546FFF7DAFF04460448294600EB9A
S3150801F070C4000BF0DBFC204638BD00BF981F0020FA
S3150801F080C3B2042B10B513D80A4A02EBC00252E8E0
S3150801F090003F0B4342E80034002CF8D1012206490F
S3150801F0A0824051E8003F134341E800300028F8D177
S3150801F0B010BD00BF9C1F0020C01F0020F7B5012707
S3150801F0C00026184A1849194D106800B30B7807FA33
S3150801F0D003F420421DD0E04352E8004F044042E8C1
S3150801F0E0004CBCF1000FF7D105EBC303043353E819
S3150801F0F0000F43E80064002CF9D1019048B1087863
S3150801F10001AA0B4905EBC0000BF0C8FC012003B0AE
S3150801F110F0BD0B78506883422EBF00230133DBB262
S3150801F1200B70D1E7C01F002070210020981F002016
S3150801F13078563412024B1868003818BF01207047F8
S3150801F140C01F00202DE9F041194D06462B680C46D3
S3150801F15013B90020BDE8F0810CF02EFF2F680FB31C
S3150801F1602A680125D2E904780CF021FF002DF0D098
S3150801F17057EA080319D056EA04030CD10D4DD5E90F
S3150801F180006456EA040306D10B4B1B6898470646EA
S3150801F1900C46C5E90001BE4274EB08042CBF0120E8
S3150801F1A00020D7E7B8463D46DEE70120D2E700BF93
S3150801F1B0D81F0020600D0020D01F0020F7B54FF0A2
S3150801F1C0FF34274605460E460CF0F6FE1A4B1B6819
S3150801F1D083B90CF0ECFEB7F1FF3F08BFB4F1FF3F6E
S3150801F1E004D054EA070315D1002427462046394698
S3150801F1F003B0F0BD5969DA68019119695B6852185B
S3150801F200019941F10001A24271EB070C3CBF14467A
S3150801F2100F46DDE755EA060304D1084B1B689847F4
S3150801F22005460E46AC4277EB0603DDD3651B67EB55
S3150801F23006062C463746D9E7D81F0020D01F0020DE
S3150801F2402DE9F74FDDF840A00E46DDE90C781546A5
S3150801F2509DF83CB008B1016891B9BAF1000F07D021
S3150801F26029463046D04740F2034003B0BDE8F08F47
S3150801F270002DF8D0002EF6DB284603F04FFBF2E707
S3150801F28001900CF099FE81465846EEF755FE044664
S3150801F29048460CF08CFE019A9CB9BAF1000F08D0C9
S3150801F2A029463046D04703203146EEF7C7FD1A20D6
S3150801F2B0DBE7002DF7D0002EF5DB284603F02EFB01
S3150801F2C0F1E70E9BC4E90678E3600023636057EA19
S3150801F2D00803A6602562226084F824B0C4F828A031
S3150801F2E001D10E9B33B1184B1B689847C0190746C5
S3150801F2F048EB01080CF060FE002205461349C4E9F3
S3150801F30004780B682BB1D3E904AB574578EB0B00AE
S3150801F31011D2A2B90B680C6063600D4B1C682CB145
S3150801F320094B1B689847FFF749FFA04728460CF089
S3150801F3303EFE002099E758681A460346E2E75368F5
S3150801F34063605460E9E700BFD01F0020D81F002082
S3150801F350C81F00202DE9F74F4FF0000881460D46DA
S3150801F36092461E460CF028FE4746DFF874B0019017
S3150801F370DBF8004084B9B8F1000F07D0174B1C68B9
S3150801F38024B100200021FFF719FFA047019803B017
S3150801F390BDE8F04F0CF00BBE22684A4511D12DB1DC
S3150801F3A0A268296822F000428A420AD126B962680F
S3150801F3B057B9CBF8002008E05146206AB047002823
S3150801F3C0F5D027466468D5E77A60D4F804802046E4
S3150801F3D00BF0D8FA44464FF00108CBE7C81F0020C6
S3150801F3E0D81F0020014B1860704700BFC81F0020B6
S3150801F3F070B50E46094904460846154602F082F8D4
S3150801F4000023074A30211360064A05201660064A7A
S3150801F41015602246BDE87040EEF720BD10290308A5
S3150801F420D81F0020D01F0020CC1F002070B504462D
S3150801F430164618460022002386B0CDE904230B4B55
S3150801F4400D461B6813B9212006B070BD04A998475B
S3150801F4500028F8D1DDE904230290CDE900232946E5
S3150801F460324620460BF0C8FAEEE700BFCC1F002053
S3150801F470F8B5054610200F461646EEF7C7FD0446B1
S3150801F48001461022074802F042F844B10123002040
S3150801F490E3602B68C4E9017623602C60F8BD1A2065
S3150801F4A0FCE700BF1029030800200021014BC3E92E
S3150801F4B000017047600D00202DE9F04706460D460C
S3150801F4C04FF0000950EA010318BF2B4BDFF8B4804F
S3150801F4D018BFC3E90001294F30462946FFF732FE16
S3150801F4E0C0B9B9F1000F45D00CF066FD00210446FC
S3150801F4F00020FFF763FEB1F1FF3F08BFB0F1FF3F00
S3150801F50003D01F4B1B6803B198472046BDE8F04757
S3150801F5100CF04DBD0CF050FDD8F8004014B16368ED
S3150801F520C8F800300CF043FD3C60002CD4D0A36829
S3150801F53033F0004307D138680BF024FA00234FF063
S3150801F54001093B60C8E72368002BF4D01868002836
S3150801F550F1D0A26832F00043EDD0D0E9009A236ACF
S3150801F56021688068D0470028E5D1B9F1000FE2D0BB
S3150801F5704846EEE7BDE8F087600D0020D41F00205D
S3150801F580C81F0020D81F0020F8B504460D460CF008
S3150801F59013FD094B1B684BB1D3E90667C4E900673C
S3150801F5A0DB682B60BDE8F8400CF001BD002600279A
S3150801F5B0C4E90067F5E700BFD41F002010B5064C63
S3150801F5C0237823B9E7F7ECFD18B901232370002046
S3150801F5D010BD40F20740FBE77121002038B50A4B00
S3150801F5E005461B780C463BB908490948FFF7E6FF6B
S3150801F5F010B140F2074038BD2946204600F084FA8A
S3150801F6000028F8D0F5E700BF71210020EFBEADDE76
S3150801F610BEBAFECA704708B5EEF720FEBDE8084037
S3150801F620EEF762BEF8F74ABAF8F792B930B5002490
S3150801F63085B0054601A8CDE901440394E7F748F8E2
S3150801F6402046029B2B6005B030BD2D2070477047C0
S3150801F6500F2070477FB54FF000639E6A044606F196
S3150801F6607843B3F5C04F0D460CD201A8E7F730F839
S3150801F670039B5B0506D529462046336C04B0BDE8D5
S3150801F6807040184704B070BD1FB54FF000639B6A00
S3150801F69003F17842B2F5C04F04D340F2011005B028
S3150801F6A05DF804FB1B6B03F17843B3F5C04FF4D245
S3150801F6B001238DF80430002301A8CDE90233E7F7C9
S3150801F6C007F8039BDB03E8D5029B1A0EE5D0012A4E
S3150801F6D003D1C3F307430A2BDFD94FF000639B6AB3
S3150801F6E01B6B1B6C9847DAE713B5044601A96846F4
S3150801F6F0E7F76AF940B12CB1009802B0BDE81040AD
S3150801F700E7F710B90198F8E702B010BD2DE9F04FF7
S3150801F7100124002785B0054601A8CDE902778DF8B1
S3150801F7200440E6F7D5FF039B5B0203D4002005B02E
S3150801F730BDE8F08F6B1E012BF8D8684601A9E7F7DB
S3150801F74043F980460028F1D0DDE900B95846E7F7C4
S3150801F7500DF982464846E7F709F90646BAF1000F58
S3150801F76007D1C8B946462A4621463046E7F766F91B
S3150801F770DDE7BBF8044090B90134A4B2002CF2D1FC
S3150801F7800120FFF7B1FF0028D0D02046FFF7ACFFD4
S3150801F7900028CBD00124E6E7B9F80440ECE7B9F82C
S3150801F7A00430A3422DBF013301343E469CB238BF13
S3150801F7B0A4B2E3E710B5044608B1E7F791F9204684
S3150801F7C0BDE810400CF0C9BE00F4E040B0F5805F1A
S3150801F7D004D0A0F50053584258417047012070479C
S3150801F7E03AB1002918BF00232121D21A184402F080
S3150801F7F051BA704741F2052398421AD8B0F5905F7D
S3150801F80009D241F2010398420CD0B0F5885F09D0BC
S3150801F8106FF0850070472923A0F5905080B2C34048
S3150801F820DB07F5D511F0070F14BF6FF0860000202E
S3150801F8307047B0F5105FEBD121F04003802B06D05D
S3150801F840B1F5807F14BF6FF0860000207047002055
S3150801F850704770B5046A05460E463CB9012001F0A9
S3150801F860B4FF286228B120466E6270BD6FF08A0027
S3150801F870FBE76FF08C00F8E72DE9F041089E884612
S3150801F8801F460488FAB12046FFF79EFFD8B13168B2
S3150801F89009B9D10031602046FFF7ACFF044678B9B3
S3150801F8A0CD1DB2EBD50F11D1069B9A4211D841460F
S3150801F8B0384602F0FAF93368079A0733DB0813600A
S3150801F8C02046BDE8F0816FF08504F9E76FF08604FC
S3150801F8D0F6E76FF08904F3E710B50446006A10B13C
S3150801F8E0616AFFF767FF0020C4E9080010BD38B553
S3150801F8F00446FFF7F1FF237E012B0FD0023B012BB4
S3150801F9000FD8E369012B14BF6FF09605002528224D
S3150801F9100021204602F0BEF9284638BDE369002BCE
S3150801F920F1E76FF09605F2E713B5A0B101A9E7F77C
S3150801F93017FD80B90198037E022B0ED103230376A6
S3150801F9400379FF2B0CBF6FF08404002400F0B0FA92
S3150801F950002808BF204602B010BD6FF09604F5E7EF
S3150801F9602DE9F3410C461946002366680B603046BB
S3150801F9701746D4F8148000F0B2FA054688B930461D
S3150801F98000F0AFFA054660B9F6B276B9B8F1000FDC
S3150801F99005D1A06820F47F4020F0030060B16FF024
S3150801F9A08605284602B0BDE8F0810146606900F087
S3150801F9B06EFA0028EDD1F2E74FF6F87362889A429B
S3150801F9C019D894F80480B8F1000F00D101A8394676
S3150801F9D0E7F780FC05460028E3D10FCC3F683E4691
S3150801F9E00FC694E8030086E80300B8F1000FD8D1E2
S3150801F9F0019B7B61D5E76FF08505D2E708B1FFF773
S3150801FA0076BF704710B50446006858B104280AD075
S3150801FA1005280DD06FF0860000232360A3886FF3B5
S3150801FA200803A38010BD04F1080001F0DBFAF3E72F
S3150801FA3004F1080001F07FFAEEE70123E7F706BBB8
S3150801FA4038B505462B68D3B112B90024204638BD0E
S3150801FA50042B07D0052B0DD06FF086042846FFF737
S3150801FA60D1FFF3E705F10800EAF790FC0446002800
S3150801FA70EBD0F3E705F1080001F038FAF6E76FF085
S3150801FA808804E3E72DE9F041054600680F46164666
S3150801FA90984668B36A79D2072AD52A7942B3B24217
S3150801FAA029D8042808D005281DD06FF0860400231C
S3150801FAB0C8F800602B7106E005F10800EAF79CFC1E
S3150801FAC004460028F3D137B1324621463846D8F8DC
S3150801FAD00030FFF785FE2846FFF794FF002C18BF74
S3150801FAE02046BDE8F08105F1080001F012FAE7E7C2
S3150801FAF06FF08804DBE76FF08904D8E703681943D8
S3150801FB00B1FA81F040097047E7F700B908B50088EE
S3150801FB10DDE90221FFF758FE20B1BDE8084010468D
S3150801FB20E7F7F4B86FF0850008BD2DE9F04F1E46DA
S3150801FB3000238BB0149FCDE907333B604388814688
S3150801FB400D469046002B00F0DC80038803F4E04361
S3150801FB50B3F5804F00F0D58031462846FFF7CEFF32
S3150801FB60002800F0CE804946012008AB07AAFFF716
S3150801FB70F7FE0446002840F08B80079B5B6AA3B119
S3150801FB80DDF81C90CA46D9F80430D9F820B01B0A0A
S3150801FB905AF8242F00F08180012B00F0A6806FF01F
S3150801FBA086040798FFF798FE72E0D9F804301A0A16
S3150801FBB067D1B9F800A0B9F802105046FFF704FE5C
S3150801FBC080B15046FFF716FE0446002860D10AF4B4
S3150801FBD0E043B3F5805F02D0B3F5005F0FD107317B
S3150801FBE0CA081CE00AF44F43B3F5824F04D10AF45C
S3150801FBF0E043B3F5E04F07D06FF0850448E00AF417
S3150801FC004F43B3F5844FEAD047F201039A450FD122
S3150801FC1049080131C90801EBC10101F13B02099209
S3150801FC2009990798FFF715FE04460028A8D02FE082
S3150801FC3044F201039A4503D1C90801F11002EEE71E
S3150801FC4047F202039A4505D1C90801EB410101F1C1
S3150801FC505A02E4E744F202039A4505D1C90801EBC1
S3150801FC60410101F14A02DAE72AF0FF00B0F5E24F55
S3150801FC70B5D0B0F5824F01BFCC1DE4086400621C03
S3150801FC80CDE7484609A900F043F804460028C7D03D
S3150801FC90DDE90701FFF7B2FE2FE0B9F800305B0492
S3150801FCA00BD4CDE9012A3346424629464846CDF8C2
S3150801FCB000B0FFF72BFF04460AE05346594648466B
S3150801FCC0059201F0DDF810F1860F0446059AE8D091
S3150801FCD0079B002C7FF465AF5A693A601A7E012AA0
S3150801FCE009D03C606FF09604D2E753465946484618
S3150801FCF001F015F8DFE702221A7620460BB0BDE8B7
S3150801FD00F08F6FF08604F8E71822002101F0C2BFD0
S3150801FD1010B544680288240A438806D0012C56D0B7
S3150801FD2000236FF086000B6022E002F4E040B0F594
S3150801FD30805F02D0B0F5005F05D10733DB0840D1FB
S3150801FD406FF0850014E002F44F40B0F5844F03D1FB
S3150801FD500733DB0853B9F3E747F20100824208D1BA
S3150801FD605B080133DB0803EBC3033B3300200B605D
S3150801FD7010BD44F20100824202D1DB081033F5E7D7
S3150801FD8047F20200824204D1DB0803EB43035A33EC
S3150801FD90ECE744F20200824204D1DB0803EB430399
S3150801FDA04A33E3E722F0FF02B2F5E24FD0D0B2F5CB
S3150801FDB0824FC5D10733DB085B000133012BD5D14F
S3150801FDC0BEE722F0FF02B2F5824FF7D0CEE702F482
S3150801FDD0E044B4F5805F03F1070002D0B4F5005F93
S3150801FDE008D1C308002B4AD022F0FF04B4F5824F8C
S3150801FDF043D00EE002F44F44B4F5844FF1D047F2F4
S3150801FE000104A24215D15B080133DB0803EBC303E6
S3150801FE103B33033310F0180F23F0030301D10728EE
S3150801FE2005D122F0FF02B2F5824F08BF04332C3305
S3150801FE309CE744F20104A24202D1DB081033E8E749
S3150801FE4047F20204A24204D1DB0803EB43035A3307
S3150801FE50DFE744F20204A24204D1DB0803EB4303C1
S3150801FE604A33D6E722F0FF03B3F5E24FB9D0B3F52B
S3150801FE70824F04D1C3085B000133012B05D122F05F
S3150801FE80FF04B4F5824F0B68C3D1013BC1E70346B2
S3150801FE906FF040420846591E914207D338B103F123
S3150801FEA0404393428CBF00200120704701207047D0
S3150801FEB0034668B1017E8A1E012A0BD80329C26945
S3150801FEC003D1012A01D1FFF712BD1AB1013ADA614C
S3150801FED0002070476FF096007047FFF7E9BF0020D2
S3150801FEE07047C0B2002814BF6FF085000020704724
S3150801FEF07047704770B5002506462C46052C16D85E
S3150801FF00DFE804F0031E0B0D0F115B2108200134F5
S3150801FF10E7F7C0FB112CF1D170BDD121F6E780219D
S3150801FF20F4E70021F2E76B1C2946DDB2EEE7A4F1FE
S3150801FF300E03012B06D9102C06D0B31F195DE5E770
S3150801FF400C21E3E75A21E1E75D21DFE7012307B544
S3150801FF5020F07F4040EA8170019068460093FFF7E0
S3150801FF60C9FF03B05DF804FB00230360704703680B
S3150801FF700B6001607047036813B90B600160704735
S3150801FF801846F8E70346006818B102681A600023A4
S3150801FF9003607047036803B970478B4204D10B6845
S3150801FFA0036000230B6070471846F3E7E7F754BA76
S3150801FFB0FEE700239A4200D1704710B550F8234056
S3150801FFC041F8234001339A42F8D110BD436803B181
S3150801FFD0184722207047436903B11847FF20704725
S3150801FFE0C36803B118477047036903B118477047D7
S3150801FFF037B50D680C46AB88ADF804302B78022B63
S315080200000CD00DF1030101A800F095F89DF8033014
S31508020010204683F001032B70ECF7CEFB03B030BD0C
S3150802002003681878704713B50468A388ADF80430D6
S315080200302378022B15D00DF1030101A800F07BF8F5
S31508020040A2799DF80330012A13D1618843EA410354
S315080200504FF6E07163F03F039BB28B4203D12270E5
S31508020060638002B010BD4FF6DF729342F8D10022C8
S31508020070F5E7002AF5D183F001032370F1E7036857
S315080200801A78022A03D100225A80E7F763BA704720
S3150802009010B504682378022B07D0A379022B02D164
S315080200A06079E7F7BBFB0223237010BD4FF060426D
S315080200B00123D2F8001E83400B430020C2F8003EFB
S315080200C070474FF060410122D1F8003E824023EA90
S315080200D002030020C1F8003E7047F8B50E461746DF
S315080200E0044660B10BF068FF05463A46314620469B
S315080200F0E9F780F928460BF05AFF0020F8BD2220BE
S31508020100FCE738B50D46044698B191B10BF054FF99
S3150802011030222378534303F1A04303F570331B6C53
S315080201206278D34003F001032B700BF040FF0020E6
S3150802013038BD2220FCE738B50D46044698B191B180
S315080201400BF03AFF30222378534303F1A04303F519
S3150802015070335B6C6278D34003F001032B700BF0AB
S3150802016026FF002038BD2220FCE7D0E90003184705
S31508020170836800681847C3680068184707B5037894
S315080201808DF8043043788DF80530837801A823B9B1
S31508020190E7F7ECFA03B05DF804FBE7F7D7FAF9E7F5
S315080201A007B503788DF8043043788DF805308378DF
S315080201B001A823B9E7F7CAFA03B05DF804FBE7F723
S315080201C0D5FAF9E707B503788DF80430437801A81C
S315080201D08DF805300AF02EFD03B05DF804FB13B561
S315080201E0044603780DF103018DF80430437801A81B
S315080201F08DF80530FFF785FFA3789DF80300002BDD
S3150802020008BF80F0010002B010BD70B5054614465D
S315080202100E460BF0C8FE2B685C4034405C402C60EE
S31508020220BDE870400BF0BABE08B50AF097FCBDE807
S3150802023008400021E7F762BE0029CCBF0121002150
S31508020240E7F75CBE02214FF42070E8F751BA70470F
S315080202507047704770477047436D0B42FCD1704731
S3150802026008B54368DA0714D58368DB0702D503693C
S31508020270D90707D50A2350218363FFF7EDFF836C5D
S315080202809A07FCD1012200F500535A6043689B077E
S31508020290FCD408BD38B50A46044619B9BDE8384043
S315080202A0FFF7DEBF012100F58053596002F00F0502
S315080202B040F6FF71FFF7D0FF78218563FFF7CCFF81
S315080202C002F00103520748BF43F00203A26C02F090
S315080202D003029A42FAD138BD836C5B06FCD54164A7
S315080202E0704700231A46E8F7DFBDFFF7FABF70B575
S315080202F0054614460E460BF056FE2B685C40344003
S315080203005C402C60BDE870400BF048BE0346142BD7
S31508020310084613D004D8012B17D0122B0ED07047DB
S31508020320242B02D8202B02D87047322B0DD1012854
S315080203300BD8DFE800F0090101207047022803D034
S31508020340032808BF01207047002070473AB122F0FF
S31508020350030202F1A04202F5603209B91060704741
S315080203600002FBE74368DB0702D5436D0B42F9D16E
S31508020370704708B540F6FF71FFF7F4FF012300F551
S315080203808052536008BD4368012B04BF00F5005034
S315080203904360704743689B07FCD4704708B540F62C
S315080203A0FF71FFF7DFFF012300F58052936308BD53
S315080203B008B540F6FF71FFF7D5FF022300F5805214
S315080203C0936308BD08B540F6FF71FFF7CBFF042318
S315080203D000F58052936308BD08B540F6FF71FFF732
S315080203E0C1FF082300F58052936308BD836C836CB2
S315080203F01B0600D47047C36BF9E74FF48072836C0F
S3150802040000F580539A63836C9B01FCD47047836C16
S315080204105A06FCD54164836C1B06FCD5C06B80B2B8
S315080204207047B0FBF1F00138704770B505461446BF
S315080204300E460BF0B8FD2B685C4034405C402C60DD
S31508020440BDE870400BF0AABD30B50022044600F0A4
S31508020450FC05A31803F00303581921FA00F3DB0776
S3150802046004D50132042AF4D14FF0FF3030BD0378A7
S315080204702BB94078053818BF4FF0FF307047012B6B
S3150802048009D14378012B19D0032B08BF042018BFC2
S315080204904FF0FF307047022B07D1437883B1052B03
S315080204A010D0072B08BF0820F1E7032B0CD143789D
S315080204B0022B0CD0052B08BF0A20E8E70320704759
S315080204C006207047072070474FF0FF307047092013
S315080204D070470B781B0683604A788B7843EA024397
S315080204E08361FF2383620023836303644FF0FF3330
S315080204F000F50050036570472DE9F0410E460127C5
S315080205001446054698468F400BF056FDB3002268FE
S3150802051003F1A04303F588235A60302202FB0656EC
S31508020520637B3366E27AA37A120542EA0342237BA5
S3150802053042EA435228F00303F26533672279A37924
S3150802054043EA024305F5005293616379E27942EA86
S31508020550034205F580539A61227A02B11F64627AD0
S3150802056002B19F6305F5005534352F60BDE8F041A9
S315080205700BF01DBD012303FA01F1BFF35F8F00F5EE
S31508020580005300F580505963816470473AB122F0EE
S31508020590030202F1A04202F5603209B910607047FF
S315080205A00002FBE770470020704708B10BF073BDE5
S315080205B02120704710B508B9212010BD0029FBD0AB
S315080205C0036813F0704205D1C3F30E030B60B3B18F
S315080205D00020F2E703F05044B4F1004F05D0B2F11F
S315080205E0304F02D0B2F1404FE6D18268D20404D528
S315080205F0C369002BE0D01B68E8E7DBB2E6E743688D
S31508020600002BD9D00B60E3E737B50C46054610B97F
S31508020610212003B030BD0029FAD0002301A9019395
S31508020620FFF7C8FF0028F3D1296811F0704102D1FB
S31508020630019B2360EDE7AA68B1F1204FC2F380332C
S31508020640C2F34035C2F3003217D00ED8B1F1004FCB
S31508020650DED152B2002A18BF062203EB450308BFB1
S3150802066000221344019A5343E3E7B1F1304F02D013
S31508020670B1F1404FCCD12B44F4E752B2002A18BF4D
S3150802068005222B44EBE72DE9F7430D4690461F4614
S315080206900646E8B1E1B10468D1F800904C451BD092
S315080206A004F03043B3F1004F12D184EA0903B3F1DF
S315080206B0805F3CD2002301A90193FFF77BFF38B97B
S315080206C0019AC2F30E02144349EA02039C422ED04F
S315080206D0212003B0BDE8F08314F0704427D4B4F1A6
S315080206E0805F29D00023694630460093FFF762FFF0
S315080206F00028EDD1019001A92846FFF75BFF0028E3
S31508020700E6D1DDE900239A42E3D0E1E70023B8F116
S31508020710000F06D043F48053B268A9684A401A42C9
S31508020720D6D1002FDED0AB689B04DBD4D0E7002FEE
S31508020730ECD14FF4C043EAE7002BF4D1B8F1000F2D
S31508020740D0D04FF4C043E7E7F7B50C460546002874
S3150802075000F0BF80002900F0BC8000230B6003680C
S3150802076003F070430B60C268032A00F2B280012AC2
S315080207706AD812B143F000632360AA68900166D46E
S3150802078002F08072EB6813B9002A40F0A28023684F
S3150802079023F0407313432360EA68022A08D12A69C0
S315080207A0032A00F2968023F47F0343EA0243236076
S315080207B0EB68032B04D12B69F62B40F28A80A370CF
S315080207C0AB68190442BF236843F400432360EB680D
S315080207D0032B1FBF23682A6862F30E0323602A6865
S315080207E0AB6802F07042B2F1805F03F4805703F4FB
S315080207F0806634D213F4F84F6BD10023284601A938
S315080208000193FFF7D7FE002863D12B6813F07041D6
S315080208104ED12368019A62F30E03236097B1EA69FF
S31508020820002A56D0B1F1004F55D1117F19B116B130
S3150802083043F400732360537F23B11EB1236843F444
S315080208408073236003B0F0BD43F0806394E702F03F
S315080208504072B2F1407F18BF4FF0007292E75A0415
S3150802086003F400511DD4002933D0226842F4005201
S3150802087022601B0542BF236843F4006323601FB14D
S31508020880236843F4805323602B6803F07043B3F163
S31508020890404FB2D0002EB0D0236843F48063236061
S315080208A0ABE7226842F4804222600029E1D0DCE705
S315080208B003F05043B3F1004F05D0B1F1304F02D0E7
S315080208C0B1F1404F05D1019B5A1E236862F3070313
S315080208D0A3E72120B6E70F20B4E773B50C46054611
S315080208E008B921201BE00029FBD00123C6684B600A
S315080208F09E4218D8002301A90193FFF785FE002816
S31508020900EFD1019B06B11C336A699A4209D32A6957
S31508020910002AE6D0226043F000530020A36002B00A
S3150802092070BD1D20FBE7023E012EDAD80023F4E74C
S315080209302DE9F0410D46044698B018B9212018B0A1
S31508020940BDE8F0810029F9D04FF000730360002357
S3150802095015A94360036283602846FFF7F5FE00285F
S31508020960EDD1204615990BF0A0FBAB68DB043CD50C
S315080209702B68002B50DA4FF00108EE696946376892
S3150802098073682046CDF804800093029700F093F826
S31508020990B368204603A9CDF810800393059700F0A3
S315080209A08AF8F368204606A9CDF81C8006930897AC
S315080209B000F081F83369204609A9CDF82880099301
S315080209C00B9700F078F8736920460CA9CDF83480A5
S315080209D00C930E9700F06FF8B36920460FA9CDF86D
S315080209E040800F93119700F066F8284612A9E9F796
S315080209F07FF90028A2D1204600F05DF8284615A9FD
S31508020A00FFF76BFF00289AD1204615A90BF073FB56
S31508020A1020460AF095F992E70F2090E770B50E4640
S31508020A20154604468AB010B921200AB070BD0029BD
S31508020A30FAD0002AF8D00023012229463046FFF7C9
S31508020A4022FE0028F0D1F368002BEDD1EA68013ABC
S31508020A50012AE9D84FF08072636028462260A360B3
S31508020A60236207A9FFF770FE0028DED12046079900
S31508020A700BF01BFB304601A9FFF72FFF0028D4D144
S31508020A80204601A900F017F8284604A9E9F730F923
S31508020A900028C9D1204600F00EF8284607A9FFF714
S31508020AA01CFF0028C1D1204607A90BF024FB2046CB
S31508020AB00AF046F9B9E7436882B013B9416002B051
S31508020AC0704743680193019B5B68012B019B01D127
S31508020AD05960F4E75B68F5E7FFF765BD01207047E3
S31508020AE00020704708B5FFF75EFD002814BF6FF0B7
S31508020AF09200002008BDFFF7F5BFF0B51C4600239B
S31508020B008BB023600F461646FFF74DFD70B968464F
S31508020B100BF0C1FA054648B9324639466846E8F73F
S31508020B20CBFF10B926600BB0F0BD25606FF09200BE
S31508020B30F9E720F0FF03B3F5824F06D14138C0B278
S31508020B40012894BF0020012070470020704710B585
S31508020B500024436814601B0A04D0012B09D06FF0E5
S31508020B60850010BD0088FFF7E4FF084410600020E6
S31508020B70F7E72C311160FAE738B50A460C46002128
S31508020B80054601F087F838BD406810B5000A029C90
S31508020B9004D0012808D06FF08B0010BD93420CD800
S31508020BA0C4E904120020F8E703F12C00904204D8A5
S31508020BB010311C3321616361F4E76FF08C00ECE7B6
S31508020BC0F0B50B46C168044601298DB002D0002053
S31508020BD00DB0F0BD2B2A02D86FF08900F8E713F0A2
S31508020BE003071A460DD001AD03F1280C2E461068EC
S31508020BF05168083203C662453546F7D1106801AA1C
S31508020C00306001211180002151802168516061689C
S31508020C109160A168D160002FD9D001AA0BAD144604
S31508020C2003CCAC4218605960224603F10803F6D198
S31508020C3020682C21186001A8FFF79EFFC7E72DE957
S31508020C40F0470F4690469A46054694B090B189B148
S31508020C5082B14288D31D072B4FEAD3095CD0038899
S31508020C6003F4E043B3F5805F02D0B3F5005F04D125
S31508020C70530705D06FF0860424E0B3F5804F4BD0B6
S31508020C8002AE20220021304601F004F832464946D7
S31508020C902846E9F7FBF80446A0B94B4642463946C8
S31508020CA028460096FFF770FF044658B928220146DF
S31508020CB00DEB020000F0EEFF0AA80BF0ECF928B1E2
S31508020CC06FF09204204614B0BDE8F08731460AA8B0
S31508020CD0FFF72EFE58B1482814BF6FF092046FF042
S31508020CE085040AA8FFF761FC0028EBD0E8E76B68E1
S31508020CF01B0A012B06D0524649462846FFF727FF0C
S31508020D000446EEE7424639463046FFF759FF0028C1
S31508020D10F1D06FF08904E4E76FF08504D2E7FFF7B4
S31508020D208EBF2DE9F04F9FB01546DDE928AB0F4679
S31508020D30994606462A9A002800F09C80002B00F065
S31508020D409980BAF1000F00F09580002900F0928090
S31508020D50002D00F08F80BBF1000F00F08B80002A77
S31508020D6000F088800023B0F80080CBF8003008F441
S31508020D704F41EB00B1F5824F13605ED15FFA88F1FD
S31508020D8012290DD128F0FF01B1F5824F02BF083BA7
S31508020D905B081360B3F5047F04BF40F209231360AE
S31508020DA000232A4603933946304603ABE8F7C2FFC7
S31508020DB0044600283DD1039C40460734E408FFF761
S31508020DC0B8FE08B1013D01370DF1100820220021B5
S31508020DD04046039400F05EFF214642463046E9F754
S31508020DE055F8044628BBC6460DF1300CBEE80F007E
S31508020DF0ACE80F009EE80F008CE80F00EB1C2146BA
S31508020E0023F00303282214A8CDE90F47119300F013
S31508020E1041FF2B46524649463046CDF80080FFF739
S31508020E20B3FE044628B914A80BF035F938B16FF0A9
S31508020E30920420461FB0BDE8F08F2C46C4E742460E
S31508020E400CA914A8FFF7EAFD88B952464946404656
S31508020E50FFF7B6FE88B95A4629463046FFF777FEA7
S31508020E60044614A8FFF7A1FB0028E2D0DFE76FF0DB
S31508020E709204F6E76FF08604DBE76FF08904D8E799
S31508020E8010B4048804F4E044B4F5805F06D0B4F5DF
S31508020E90005F03D05DF8044BFFF7D1BE6FF0850003
S31508020EA05DF8044B7047F8B51E4603880F4603F4EF
S31508020EB04F43B3F5824F154610D1089BE8F73AFF20
S31508020EC0044648B9069B9D420BD82A4639463046FF
S31508020ED000F0EBFE079B1D602046F8BD6FF0850407
S31508020EE0FAE76FF08904F7E7E9F714BA10B413467C
S31508020EF00C46014640B104B932B9224601F16000F6
S31508020F005DF8044BE9F768B96FF086005DF8044BA3
S31508020F10704713B50C46014650B14CB142B13BB1CC
S31508020F200093603013462246E9F792F902B010BDE3
S31508020F306FF08600FAE738B5044630B198250021E5
S31508020F402A4600F0A7FE002038BD6FF08600FBE7B0
S31508020F50F8B50E4614461D46074600283DD0E1B3AD
S31508020F6002B9D3BB5C220021384600F093FE314613
S31508020F703846069AE9F70CF9A0B97288D208182AEF
S31508020F80BA6510D0202A1BD0102A26D10F2D24D9B3
S31508020F9007F1380304F1100254F8041B944243F88B
S31508020FA0041BF9D1F8BD172D17D907F1380304F137
S31508020FB0180254F8041B944243F8041BF9D1F1E7CA
S31508020FC01F2D0AD907F1380304F1200254F8041B2D
S31508020FD0944243F8041BF9D1E4E76FF08600E1E78F
S31508020FE0FFF7B6BF38B5044630B15C2500212A465C
S31508020FF000F050FE002038BD6FF08600FBE708B50A
S315080210000BF0F3F8002008BD00F005B809B1E9F7BE
S315080210102FBA2220704700207047E9F773BA0A46AA
S315080210200021E9F72DBC0268C1F10801936823F093
S31508021030F85343EA016393607047E9F7C1BDE9F7DC
S31508021040FBBDE6F7E9B940B2E9F728BE70B50C462A
S31508021050154610B9E9F79AFE38B143682BB12A4604
S315080210602146BDE8704000681847232070BDF7B5D1
S315080210700D4616461C4638B9E9F788FE04B901AC8E
S3150802108020B9232003B0F0BD03B901ACC768002F0D
S31508021090F7D02346324629460068B847F2E7F8B53C
S315080210A00E461746054690B9E9F770FE0446054608
S315080210B030463946ECF7FEF8AC42064602D02046E0
S315080210C0E9F758FE002ED4BF37200020F8BDE9F70D
S315080210D05DFE85420446EBD02846E9F74BFEE7E774
S315080210E00EB403B503AA52F8041B0192FFF7D7FF01
S315080210F002B05DF804EB03B07047D0F8A4301B6861
S315080211009A6C120643BFDB6B00200B701B207047DC
S31508021110D0F8A43001221B6819B103F580531A6569
S31508021120704703F500531A65DA64704708B5D0F8B4
S31508021130A4301868FFF7D0F8002008BD0068D0F878
S31508021140A4301B68DA6CD20708D5012103F50052D0
S31508021150D1649B6C9B0601D500F0AFB9704700209D
S315080211607047FEE74FF4005300204B60704701209A
S3150802117070470020704707B5002001AB0190FFF7C2
S3150802118076FF0198002808BF4FF0FF3003B05DF8DC
S3150802119004FB10B514460020FFF758FF204610BD81
S315080211A080F89910704790F89900704790F8960061
S315080211B0704710B50446EAF73DF938B1236DD4E90C
S315080211C012020244934218BF184610BD3022237DEC
S315080211D0534303F1A04303F58023DB6EEFE792F84E
S315080211E0543037B5144633B1936D0BB1D06D984769
S315080211F0002384F8543094F89A301BB32046EAF751
S3150802120019F9F8B1236E132120465B689847102511
S31508021210236E20461B680DF10701984778B99DF899
S31508021220073003F0FD02112A05D1A3F11102534238
S31508021230534184F8A030013D15F0FF05E8D1204658
S31508021240EAF75AF9002084F8540003B030BD90F842
S31508021250943070B505460C46C3B10B69B3F5006FF9
S3150802126016D80AF0A9FE95F88C30064665614BB188
S31508021270214605F19000FEF77EFE30460AF097FEFB
S31508021280002070BD2046EAF7C5F9F6E70E20F8E712
S315080212902120F6E70023506910B5903000F8043C87
S315080212A01446FEF76FFE08B1EAF7B4F963681BB194
S315080212B000212046A2689847002010BD2DE9F04774
S315080212C090F8949004460D461646B9F1000F40F080
S315080212D0828090F899800AF06FFE94F89530074656
S315080212E033B194F898301BB184F895900BF063F8F3
S315080212F038460AF05CFE2E44B54205D1236E01211A
S3150802130020469B68984750E094F89A30002B3DD0C7
S31508021310207DE9F7ABFE2046EAF7AAF80746207DC4
S31508021320E9F7C0FE97BB0AF047FE0746207DE9F7B4
S315080213309DFE2046FFF73DFFA26C00F1FF3991455D
S3150802134038BFE36C94F854A038BF03F1FF33207D0D
S3150802135038BF02EB0309E9F7A5FEBAF1000F12D16D
S315080213604B46D4F89C1099420BD013F80129112A3E
S3150802137001D0132A1CD1A2F111035A425A4184F808
S31508021380A020C4F89C9038460AF011FE94F8A030C2
S31508021390002BB9D0B8F1000F12D1236E20465B6834
S315080213A015F8011B98470028A6D00020BDE8F0874B
S315080213B0A26C9A4282BFE36C03F1FF339B18D2E711
S315080213C02B780A2BE9D1236E0D2120465B689847B4
S315080213D00028E2D0E9E70E20E8E7F8B504460D460C
S315080213E00AF0EAFD94F8963006466DB13BB994F8D0
S315080213F0983023B10AF0DFFF012384F8963030468D
S31508021400BDE8F8400AF0D3BD002BF8D00AF0CBFDB0
S3150802141007462946012009F0C7FF38460AF0BEFDED
S3150802142084F89650EBE738B548B1002405680AF007
S31508021430C3FDC5E916440AF0BAFD204638BD222086
S31508021440FCE770B50468054694F8946086BBFFF716
S31508021450EAFFE9F79BFC854202D13046E9F78AFCA6
S31508021460236E93F91000E9F777FC236E93F91000BF
S31508021470E9F744FC236E93F91100E9F76DFC236E34
S3150802148093F91100E9F73AFC207D09F095FE207DD3
S31508021490E9F7C8FCE9F7ACFC0023C5E90033C5E95E
S315080214A00533EB60236E2046BDE87040DB681847BB
S315080214B00F2070BD0068EAF71FB82DE9F04104460F
S315080214C00AF07AFD94F89530054603F0FF08A3B9A9
S315080214D00127236E41469B682046984784F89570F3
S315080214E00AF061FD06464146384609F05DFF304678
S315080214F00AF054FD022384F8A1302846BDE8F041DB
S315080215000AF055BD0E2070470E2070477047704787
S315080215107047F8B50C468D18073552421540A5F1A5
S3150802152008070646384600F060F9A0883B1B618822
S3150802153000EBE30080B2A1EBE30125F8040C25F8E1
S31508021540061CA188DA10D1B1A4EBC101B1F802C018
S31508021550C88002EB0C004880E188B9B18A1A92B2B7
S3150802156004EBC10125F8022C8A80A2888AB9B268DE
S315080215701344F268B360934288BFF3600EE015F82D
S31508021580081C41F0020105F8081CE5E725F8021CCB
S31508021590EBE7A4EBC2042278D207E8D43846F8BDB2
S315080215A02DE9F04F17464FF0000887B07A1C109ABB
S315080215B0054614BF3C460824CDF81480002A00F0DC
S315080215C0CA80C2F80080002900F0C78042688A42B1
S315080215D040F2C380073103F0010A21F007060AF038
S315080215E0EBFC05AACDE9008281463A4653463146C6
S315080215F0284600F0FEF8059F834607B130B94846EB
S315080216000AF0D5FC192007B0BDE8F08FB7F80280BA
S3150802161029694FEAC802C0EBC8080139B8F1270F91
S3150802162029617DD9BAF1000F54D1864206F108081C
S315080216304BD0224639462846FFF76BFF04460590EB
S31508021640A044404600F0D1F8059906F10F004A88F1
S31508021650C308A2EBD002A8F80220CA88A8F8043068
S31508021660002A34D0D31A9BB201EBC202A8F806307C
S3150802167093808B88F608A380B8F804303A46E3804C
S31508021680414600232846668000F01AF9AB68EA68E4
S3150802169008339342AB6088BFEB60237843F00103BB
S315080216A023702B6901332B616288AB68083403EB1C
S315080216B0C203EA68AB60934288BFEB60109B484658
S315080216C01C600AF074FC00209DE73C46B8E7A8F8BF
S315080216D00620CEE707EB08042046039200F085F8B9
S315080216E00BF10703DB080599638008F10703DB089A
S315080216F0A380CB8893B1DB00039AD81D821A5A4479
S31508021700C2F3CF020B44E2809A80A38808F1FF381D
S315080217104FEAD808A1F80280CB80B7E7E380F4E75E
S31508021720BAF1000F1BD007F10803B3FBF4F204FB6E
S315080217301233B3B1224639462846FFF7EAFE044673
S3150802174023783A4643F001032370214601232846AB
S3150802175000F0B6F8A8E7222055E7212053E786428B
S31508021760E8D13C46ECE707B500224FF0FF3101AB62
S315080217700192EAF7B3F9019803B05DF804FB07B5DD
S31508021780009313464FF0FF32FFF70AFF03B05DF8E6
S3150802179004FB70B5049E15461A4696B100233360BB
S315080217A08DB181B14D4333462946FFF7E8FF04461A
S315080217B028B9306818B12A46214600F06BFA204645
S315080217C070BD2224FBE72124F9E707B5002201AB05
S315080217D00192EAF799F9019803B05DF804FB084605
S315080217E0FFF7C1BF08460AF0B8BE0023036043608C
S315080217F07047F0B5D0E90554561C08BF0822002BDD
S315080218004FF0000008BF2C46069F3860002C38D0DF
S315080218109DF814606588F60006EBC505C2F1000C52
S315080218202078C00708D523BBE08898B104EBC0042A
S31508021830658806EBC505F3E78D42F4D35BB904F177
S315080218400800B0FBF2FE02FB1E00C0B10844A84223
S31508021850EAD83C60F0BD082A11D06088013004EB52
S31508021860C000A0EB010E0EEA0C0EA0EB0E0085429C
S31508021870EFD2A0880028EDD0A4EBC004D8E708462A
S31508021880E7E72046E6E703460069C0B10AB951B957
S315080218901A6810460378DB0711D531B9C3885BB1DC
S315080218A000EBC300F6E79A69F3E7012904D18388B6
S315080218B023B1A0EBC300EDE7002070471846704736
S315080218C02DE9F041D0E90554074688461646ABB1DC
S315080218D0954200D00ABB424600213846FFF7D3FF9D
S315080218E0B442054600D02EB9424601213846FFF7D2
S315080218F0CAFF0446C7E90554BDE8F081954208D0F7
S315080219008D4228BF0D46B44205D0444538BF4446E9
S31508021910F0E70D46F7E74446ECE79442EAD1E3E7F7
S3150802192038B51C46C3E900010023C4E90500C4E929
S315080219300233236122776362FFF757FF236901396E
S31508021940C908013341802361A368E26808339342D8
S315080219504FF00000A36088BFE36038BD08B5EAF718
S3150802196065F908BD002307B5684600938DF804306B
S31508021970E7F7A8F803B05DF804FB10B50AF013FB05
S31508021980044609F0AFFC2046BDE810400AF006BB43
S315080219904FF4C870EAF7E2B970477047704708B55E
S315080219A000F087F800F096F800F0A1F8FFF7F6FFC6
S315080219B000F0B6F8BDE8084000F0C3B808B5EAF783
S315080219C073F8FEF7EFFDFFF7E7FFE9F77BF9E8F7AC
S315080219D0B7FEFFF722FBEAF7ADFAEAF761F9EAF78B
S315080219E0CBF8FFF7DAFF00F007F800F071F8BDE868
S315080219F00840FFF7D4BF704708B500F055F800F065
S31508021A0054F800F053F800F053F8FFF7F4FF08BD56
S31508021A1008B500F098F800F097F800F096F8BDE8D7
S31508021A20084000F094B800F000B807B513200DF18D
S31508021A300601FFF7EBFABDF8060003B05DF804FBF2
S31508021A4007B500210846E8F791FE08B112280BD11E
S31508021A5000200DF10701FFF7E2FA28B94FF0FF302F
S31508021A609DF8071008F06DF903B05DF804FB10B590
S31508021A7004460A2108F016FA40F6E441204608F020
S31508021A8013FA002010BDFF207047F6F739BE08F09A
S31508021A9010BB10B50446EAF7C7FF2046EAF76CFC06
S31508021AA010BD01207047704770477047E4F71ABDAA
S31508021AB0704708B5E4F738FDFFF7A6FAFFF7BDFA4F
S31508021AC0E4F726FDE4F702FFBDE80840EAF7FEBEA2
S31508021AD0EAF7BABE08B5E5F777FDE5F71BFEEAF7BA
S31508021AE08FFFEAF79BFFBDE80840E5F781BC08B51A
S31508021AF0FDF7AEFDE8F7BCFFE9F792FCFEF7ECFF4F
S31508021B00E5F74EFBFEF74FFDFEF7EAFFFFF777FA1A
S31508021B100AF06BFBEAF75AFFBDE80840EAF7DEBEB1
S31508021B2008B5EAF7E1FAEAF7C9FAFFF789FFEAF729
S31508021B3073FBFFF7AAFFEAF77FFBBDE80840FDF74C
S31508021B4071BDE5F723BC70477047EAF7A5BE704733
S31508021B50EAF74ABF08B5FFF731FFEAF7B1FBFFF725
S31508021B6057FFEAF7B3FB09F083FCF8E72DE9F843D8
S31508021B700746884614460026D4E90195B9F10109B3
S31508021B8005D52468002CF7D13046BDE8F883AB8921
S31508021B90012B07D9B5F90E30013303D02946384649
S31508021BA0C04706436835E9E770B50C46B1F90E1029
S31508021BB096B0154600291E460ADAA18911F0800157
S31508021BC013D14FF48062002031602A6016B070BDCE
S31508021BD06A46EBF7ADFB0028EFDB019901F4704189
S31508021BE0A1F5005359425941EBE700214022EAE7A1
S31508021BF08B8973B59E0705460C4607D504F147033C
S31508021C00236023610123636102B070BD01AB6A469A
S31508021C10FFF7CAFF009E28463146FFF7E0FDB4F9F2
S31508021C200C3038B99A05EFD423F0030343F00203C4
S31508021C30A381E3E743F080032060A381019BC4E903
S31508021C400406002BE0D0B4F90E102846EBF73CFB4D
S31508021C500028D9D0A38923F0030343F00103A38103
S31508021C60D2E7884210B501EB020402D98442234620
S31508021C7007D8431EA14207D011F8012B03F8012FFA
S31508021C80F8E70244824200D110BD13F8011D02F89A
S31508021C90011DF7E702440346934200D1704703F851
S31508021CA0011BF9E77047704770470A44431E914281
S31508021CB000D1704710B511F8014B914203F8014F54
S31508021CC0F9D110BD9368013B002B10B4936008DA72
S31508021CD09469A34201DB0A2903D15DF8044B00F09B
S31508021CE0F8B81368581C1060084619705DF8044B5A
S31508021CF07047F8B506460F461446D518AC4201D1C8
S31508021D00002007E03A4614F8011B3046FFF7DAFFCF
S31508021D10431CF3D1F8BD2DE9F047164698468A6862
S31508021D2007460B690C46DDF820909342B8BF134666
S31508021D30336091F843200AB1013333602368990668
S31508021D4042BF336802333360256815F0060506D1AB
S31508021D5004F1190AE36832689B1AAB422BDC94F841
S31508021D6043302268003B18BF0123920630D404F19F
S31508021D70430241463846C847013023D023681A34FD
S31508021D8054F80A2C03F00603042B0ABF54F80E5C17
S31508021D90002533684FF0000608BFED1A54F8123CC6
S31508021DA008BF25EAE5759342C4BF9B1AED18B542EA
S31508021DB01AD1002008E00123524641463846C84750
S31508021DC0013003D14FF0FF30BDE8F0870135C1E796
S31508021DD0E1185A1C30200233224481F8430094F851
S31508021DE0451082F84310C2E7012322464146384687
S31508021DF0C8470130E6D00136D9E738B50B6905463A
S31508021E000C4613B90025284638BD18B1036A0BB922
S31508021E10EBF738FAB4F90C30002BF3D0626ED00720
S31508021E2004D4990502D4A06DFFF73DFF2846214642
S31508021E30EBF7D0FC636E0546DA07E4D4A3899B0563
S31508021E40E1D4A06DFFF730FFDDE710B50C46B1F916
S31508021E500E10EBF7A5FD0028ABBF636DA3891B180F
S31508021E6023F48053ACBF6365A38110BD2DE9F0410D
S31508021E701F468B8905460C46DB05164605D5022301
S31508021E800022B1F90E10EBF779FDA3893246B4F9AF
S31508021E900E10284623F48053A3813B46BDE8F04141
S31508021EA0EBF790BD10B50C46B1F90E10EBF766FDCF
S31508021EB0421CB4F90C3015BF606523F4805343F411
S31508021EC08053A38118BFA38110BDB1F90E10EBF799
S31508021ED08BBDF8B50E461446054618B1036A0BB90A
S31508021EE0EBF7D0F9A369A360A3891A0701D5236979
S31508021EF043B921462846EBF7EDFC18B14FF0FF37F8
S31508021F003846F8BD2368F6B222693746981A6369D5
S31508021F10834205DC21462846FFF76FFF0028EDD1EC
S31508021F20A368013BA36023685A1C22601E70431CE7
S31508021F3062699A4204D0A389DB07E1D50A2EDFD16A
S31508021F4021462846FFF759FF0028D9D0D6E7C9B255
S31508021F500346024410B59342184601D1002003E015
S31508021F60047801338C42F6D110BDF7B5044614F451
S31508021F70004C4FF6FF7608BFFF2620F40040050204
S31508021F8005F4E065C0F306209E42019145EA000584
S31508021F9004F0380E0846897904D201A800F0B4F98B
S31508021FA000271AE06FF30F044EF0800EEE1844EA8B
S31508021FB00E0444EA162436020C31B6B247183443E4
S31508021FC04450391D2944BCF1000F09D021F8023CBE
S31508021FD01146EBF719FD0028E2D1384603B0F0BDE9
S31508021FE001F8013CF4E770B504460E4615680A4640
S31508021FF00021FFF74FFE25F40045204621223146EF
S3150802200000F0D3F8290A04312046C9B200F053F980
S31508022010A3791C44E56070BD026810B501F004009E
S3150802202022F40044C2F306220021043240F02900B9
S3150802203000F04FFB10B183790344DC6010BD034600
S31508022040002200681A600179EBF7DEBC10B50021A0
S31508022050FFF7E2FF044608B9002010BD0179EBF745
S31508022060D3FC0028F8D1A3790C33E018F5E72DE95B
S31508022070F0411746056801F0040125F400452C02D3
S3150802208004F4E064C5F306252C4306461A460434CE
S3150802209041F0290507B18BB13B462146284600F097
S315080220A0EBFB804650B1E1B200F078F93B462A468E
S315080220B041463068BDE8F041FFF757BF0020BDE84A
S315080220C0F0812DE9F341002401F004010668074670
S315080220D041F02905106829461460019000F01EF99E
S315080220E0019800F0A0F926F40046310201F4E061F5
S315080220F0C6F30626314380460122043101A800F0C0
S31508022100B9FA30B101A800F0FFF8204602B0BDE8DE
S31508022110F08143462A4601993868FFF726FFF5E714
S3150802212008B5FCF775FF08B1C3681BB1003818BFBC
S31508022130012008BD4069F6E72DE9F04788461646AC
S3150802214058B352B3EBF7A8FC074640B3B14600258D
S31508022150BA469AF806109AF807403F68641AE4B233
S31508022160444584BF4446012544B10C3148462246BB
S315080221705144FFF79AFDA144A8EB04085046EBF731
S31508022180EBFC002FE4D165B93246022052F8041B53
S3150802219008F0D2FA2846BDE8F0872220FBE71B2082
S315080221A0F9E71E20F7E77047704738B514460A461E
S315080221B000210546FFF76EFD042324F01C0444F0B3
S315080221C010042C716B7138BD2DE9F74F1F469DF827
S315080221D03030894683460193002850D0002966D0BC
S315080221E00D68002D65D04FF0000AEC79A979641ABA
S315080221F0E4B2BC4207D30C31394458462944E41B9D
S315080222000BEB020836E02868AA463F1B002836D0A0
S315080222100546EAE70619464588BFA8EB00042246A2
S3150802222088BF4646FFF741FD019B002B3CD0A879A3
S31508022230E4B23FBB2044A871E979AA79914233D125
S31508022240D9F800202F68AA4208BFC9F80070BAF167
S31508022250000F01D0CAF800702846EBF77DFC67B17B
S31508022260BA79FC7902F10C013D4639443046002719
S31508022270A41AE4B24045CDD30646A6EB0B0003B03A
S31508022280BDE8F08FEA793919121AD2B2914207DA01
S315080222900C302844D21B0144121B3844FFF7E1FCD8
S315080222A0EA79121BEA71C7E7AA462F68D7E70846F2
S315080222B0E5E72846E3E710B5C4790246C4F14503C3
S315080222C0D8B2884228BF08460444D47110BD38B52E
S315080222D00546C079C0F14504E4B2944288BFD4B237
S315080222E00C3022462844FFF7E0FCEB7920462344CB
S315080222F0EB7138BD1FB503910021009103A9FFF7C1
S3150802230063FF05B05DF804FB38B50446206800B9DA
S3150802231038BD0568EBF720FC2560F7E7034601F0B0
S31508022320EC0103B970471A79834202F0130242EAB2
S3150802233001021A715A790CBF42F0010202F0FE023A
S315080223405A711B68EDE710B578B1026872B90023B5
S3150802235009E0194603600B68002BF8D05C79E4079C
S31508022360F7D500240C600360104610BD1146F2E74B
S3150802237020B1006810B14379DB07FAD570470346E6
S3150802238058B10020DA7999791B68521A50FA82F004
S315080223901BB15A79D207F5D57047704770B50D4605
S315080223A00446E8B186798E4203D3751A85710120EF
S315080223B070BDC27906F145039B1ADBB299420FD862
S315080223C006F10C010144921BA81BD2B20844FFF77E
S315080223D048FC0023A371E3791D44AD1BE571E6E7CA
S315080223E00020E5E710B50C4698B191B18979E279F2
S315080223F0C379521AC3F14503D2B2DBB2934208D368
S315080224000C312144FFF763FF2046EBF7A5FB0120B9
S3150802241010BD0020FCE70346006818B102681A607E
S315080224200023036070470346002003B97047DA7930
S3150802243099791B68521A50FA82F0F6E703680BB9C3
S31508022440016070471A461B68002BFBD11160704762
S31508022450036803B10B600160704739B10B461A462F
S315080224601B68002BFBD1036813600160704770B5C7
S31508022470046806460D4644B12046FFF7D4FFA84233
S3150802248011D8236813B9E379A37170BD2046336066
S31508022490EBF762FB3468F4E7ED1A236820463360EB
S315080224A0EBF75AFB3468002DEFD0A279E3799B1A31
S315080224B0DBB2AB42F0D92A44A271E6E7F8B5066860
S315080224C005460C4646B13046FFF7ADFFA0421DD879
S315080224D0336813B9F379B371F8BD30462B60EBF75D
S315080224E03BFB2E68F4E7064638460768002FFAD102
S315080224F0C2798379D31ADBB2A34202D9121BC271FB
S31508022500EAE7E41AEBF728FB3EB13760002CE3D082
S3150802251028680028E0D00026E7E72E60F6E7F8B537
S3150802252004460F46BC4200D1F8BDA179E5796D1A79
S31508022530EDB2C5F14506B6B20EB92468F2E749B15D
S315080225400C312A46214404F10C00FFF78AFB0023CA
S31508022550E571A3712368BB42EFD05A79D207ECD44E
S315080225609979DD79A0796D1AEDB2B54228BF35465B
S31508022570E2790C3010440C312A4619442044FFF7FC
S3150802258094FBE379206853FA85F3E3718379761B22
S3150802259053FA85F5C379EDB2AB42B6B2857103D16A
S315080225A003682360EBF7D8FA002ED3D1C5E738B50E
S315080225B00C46016809B9046038BD0D460968002948
S315080225C0FBD1236823B12046FFF7A9FF2C60F3E766
S315080225D021462846FFF706FF0028EDD1F6E738B16F
S315080225E00023027903604360836004230271437106
S315080225F0704700221146EBF72DBB38B504460D4647
S31508022600FFF7CCFEA8B994B12079FFF7F2FF68B1BB
S3150802261004606279437992074CBF43F0020303F0E0
S31508022620FD03437145235D1BC371857138BD0120C6
S31508022630EBE72046FAE738B5036804460D46ABB120
S315080226401879FFF7D6FF98B1226843790260527962
S3150802265092074CBF43F0020303F0FD03437145237F
S315080226605D1BC37185712060002038BD0120E8E733
S315080226701920FAE770B50C461646054628B30068CF
S3150802268018B309B9002070BD0AB145291FD8E1B2AD
S31508022690FFF784FE0028F5D11EB92B689A799E7138
S315080226A0A41A442C08D8002CECD02846E1B2FFF72D
S315080226B0C2FF0028E6D004E045212846FFF7BBFF03
S315080226C008B11920DFE7453CEBE72220DBE72120AA
S315080226D0D9E75318452B02DCC9B2EBF7BBBA00207F
S315080226E07047F7B5002605460F4601960DB9019CB7
S315080226F009E0002238461146EBF7ACFA044628B937
S3150802270001A8FFF701FE204603B0F0BDA979437977
S315080227108171EA7923F00303C2716879521A00F0CB
S315080227200300034301F10C0063712918D2B2204455
S31508022730FFF7BBFA019B03B9019406B1346026463A
S315080227402D68D3E72DE9F74F0C4690460746002831
S3150802275052D0002C53D0E279A579521BD2B29A42B2
S3150802276007D9C2460C351D442544BAF1000F0ED1CD
S315080227703EE024689B1AECE7254634E0002C39D063
S31508022780002238791146EBF765FA386007468CB3AA
S3150802279087B3E679F8790C362644761B56453346CE
S315080227A028BF5346C0F1450B5FFA8BFB5B4599463A
S315080227B028BFD9460C304A46294638440193FFF7C2
S315080227C074FAFA794E454A44019BFA714D44AAEBCA
S315080227D0090A08D12468002CCED0A579E279AA4242
S315080227E0F8D00C3525445B45BFD3BAF1000FC5D1E5
S315080227F04FF0000AA8EB0A0003B0BDE8F08F2046A6
S31508022800FAE72DE9F8430E461546074680B389B31B
S315080228105AB30446E279A3799A4202D1A146A84656
S3150802282011E02368002BF9D0D9799A799142F5D02B
S315080228301C46EFE72AB9B9793879EBF70BFA02465B
S3150802284088B1A1461446424631462046FFF73FFD67
S315080228504C4518BFC9F80040A8EB00082268064490
S31508022860B8F1000FE6D1A5EB08052846BDE8F883BE
S315080228700546FAE70D46F8E7452937B515461C46D3
S3150802288011DC0022C9B2EBF7E5F9019040B1224604
S315080228902946FFF7B6FF844202D901A8FFF734FD9D
S315080228A0019803B030BD0020FBE738B51546C9B21A
S315080228B0FFF795FE81712944C17138BD0B6803B1D2
S315080228C01868086010B14379DB0703D5003818BFCA
S315080228D0012070470068F4E70B6813B90860012005
S315080228E070471868086020B1407900F0010080F04E
S315080228F00100704713B500240246019438B1104608
S3150802290001A9FFF7E9FF28B9002C18BF224610468D
S3150802291002B010BD019CF2E7EBF778BB09F01DBEC9
S315080229202DE9F0410E460746EBF7F8FE836830605C
S31508022930D90703D400242046BDE8F08100224321AA
S31508022940EFF7E4FA0578044605F00F05032D90F82B
S3150802295001800DD1BB8A9A060CD4BB8A9B0702D486
S31508022960B8F1250FE6D8032DE5D0052DE3D0E1E72A
S31508022970052DF2D13068ECF7E1FB0028EDD1D9E755
S31508022980838A9B0602D5084602F0ACBA704702F063
S31508022990A9BA41773120EFF777BB56280CBF012336
S315080229A0022331204B77EFF76FBB08B5EBF7B0FF81
S315080229B0BDE808403120EFF767BB38B500F12C05B2
S315080229C00446284602F048FA50B194F8203013F02B
S315080229D0180F05D02846BDE83840002102F052BA41
S315080229E0A06A38BD2DE9F84390F823300546012B35
S315080229F00E4602D90020BDE8F88390F82030D907A0
S31508022A0058BF86F00106002E4AD1077EFFF7D5FF8A
S31508022A1002F01CFB0378417807F1FF389A0601F1A8
S31508022A2002015FFA88F80BD5B8F1010F08D8012F11
S31508022A3014BF04240824837803F01F0304EBC30697
S31508022A40384602F039FA95F8213081465B0754BFB9
S31508022A50022195F82510384648BF0231B8F1010F10
S31508022A609DBF013189B24FF0A0084FF0000802F06D
S31508022A7023FA0746EC68EBF7D1FFA4F59673A3EBA6
S31508022A8009039B1BDB1BA3EB08031B1A002BB1DDF7
S31508022A9095F8210000F00C00003818BF0120AAE7BB
S31508022AA00120A8E738B504462C3002F0D5F994F887
S31508022AB0213001288CBF43F0080303F0F70384F89A
S31508022AC021302046FFF779FF054602F0BFFA94F84F
S31508022AD02030228CC3F38001C3F340039B0043EAF0
S31508022AE0C10394F8211042F40052C1F3C00143EA2B
S31508022AF00113017842F0080201F023010B43037027
S31508022B00437803B122842846BDE8384002F0A3BAC6
S31508022B105328F8B50C4615D009D8232800F0EA80C0
S31508022B20512800F0C880BDE8F840FFF73EBF562896
S31508022B30F9D191F82030DA075CBF23F0100381F847
S31508022B402030F0E7EBF7EAFD054600220221EFF70F
S31508022B50DDF9AB680646D80735D494F82330013335
S31508022B6084F8233094F82630013384F82630002678
S31508022B7001212046FFF736FF0746C0B194F82030F8
S31508022B80D80740F1818094F8213059077CD404F1A2
S31508022B902C0002F061F9012894BF00230123580092
S31508022BA094F82210EBF724FD2046FFF77BFF284610
S31508022BB0EBF7EEFD032E69D1284602F093F92B7B3B
S31508022BC084F8273064E0002394F8212084F823301F
S31508022BD042F0100384F82130317894F82030C1F39A
S31508022BE08001C3F38000814218D083F0040343F0C6
S31508022BF0100184F8201042F05002090784F82120B7
S31508022C000CD523F0080343F0100304F12C0084F8D2
S31508022C10203002F03FF93320EFF736FA327894F88B
S31508022C202030C2F3C001C3F34003994228D194F875
S31508022C302130D2064CBF43F0040303F0FB0384F8A9
S31508022C4021307378B3B994F8203083F0020384F8FC
S31508022C502030327897078AD072789AB143F02003E7
S31508022C6084F8203094F82130032643F0200384F8B0
S31508022C7021307DE72846ECF761FA0028E3D176E7AA
S31508022C80012675E7022673E7022089E7002E96D108
S31508022C9094F82130DA070AD494F8202043F0010385
S31508022CA0D60748BF6A6884F8213048BF2260002FD9
S31508022CB03FF439AFF8BD91F82030084623F03003C7
S31508022CC081F8203091F8213043F0020381F821304F
S31508022CD0FFF773FE02F0BAF900212046FFF782FEDB
S31508022CE000283FF420AF94F822100120BDE8F840EE
S31508022CF0EBF794BC91F82030DD06DBD518070BD428
S31508022D006568EBF78BFE2D1AB5F57A7FD2DB20467E
S31508022D10BDE8F840FFF7C6BE91F821301907EFD58E
S31508022D2004F12C0002F098F80128E9D9C2E7EFF776
S31508022D3075BE0A2802D80130C0B27047242801D8C5
S31508022D400230F9E7252805D0262805D0272818BFF6
S31508022D50FF207047002070470C20704708B5EFF730
S31508022D6063FE20B1BDE808402020EBF78FBF08BDFF
S31508022D7070477047704770478B691847002070473D
S31508022D80704770474FF00000704700207047704741
S31508022D9070470020704700207047002070470020C7
S31508022DA07047002070474FF0FF30704770477047F2
S31508022DB00020704700207047704770477047704779
S31508022DC0704770477047F5F771BCF5F777BCF5F7AA
S31508022DD08FBCE6F709BA704708B5EBF7F1FA18B1EE
S31508022DE0BDE80840EBF7C8BF08BD2DE9F8430E6AEF
S31508022DF005460C461EB106600020BDE8F883088B1E
S31508022E004B8B18440A3080B2EBF798FB286090B3D4
S31508022E102046EBF7BDFCD5F800800A2198F8067023
S31508022E204046FFF748FA0C37A37B08EB070989F8EF
S31508022E300730637B314689F80630628B238B20463E
S31508022E401344A9F80830237B4FF6FF7289F8053038
S31508022E50636848F807302B68EBF7CCFC238B628B48
S31508022E601344984201D12660C6E72B681BB128464F
S31508022E70EBF728FB2E601920BFE710461946704764
S31508022E8037B50C4605460DF1060101A8ECF736F8EA
S31508022E9043F6FF739C420DD047F6FF739C4209D056
S31508022EA0BDF904309C42B8BF1C46BDF906309C42A7
S31508022EB0A8BF1C46AC8103B030BD704770470020DE
S31508022EC070470020704770471120704700207047EE
S31508022ED00020704770477047704701238371D31CDF
S31508022EE0C3714379417343F0030382734371704795
S31508022EF000207047002070477047704700207047CF
S31508022F00704770474FF0FF30704700207047704790
S31508022F107047002070474FF0FF3070471120704706
S31508022F200020704701207047002070470020704734
S31508022F30002070477047002070477047002070478E
S31508022F40002070477047704700207047002070477E
S31508022F507047704700207047704770B515461A1DAE
S31508022F600E46D2B20E21FFF7B8FF83790C33184406
S31508022F700123A0F803608370457170BD38B5044615
S31508022F800D46FF21FFF7A9FF83791C44A57338BDB7
S31508022F9038B504460D463E21FFF79FFF83791C4448
S31508022FA0A57338BD70B50E4615460F210422FFF7E4
S31508022FB094FF83790C33184401238680C370857085
S31508022FC070BDFFF78ABF10B504460023FFF7C5FF99
S31508022FD02046BDE81040ECF7F5B82DE9F0418046E9
S31508022FE002200F4616461D46FFF703FB044688B124
S31508022FF00C210822FFF771FF83790B441C449DF8C4
S315080230001830A4F803806771E6802581A370ECF76F
S31508023010D9F80120BDE8F081F8B504460F461646F0
S31508023020132109221D46FFF7B3FF83790C331C448B
S315080230301323E770A37026712B68C4F80530AB8892
S31508023040A4F80930BDE8F840ECF7BCB870B50546F7
S3150802305002200E46FFF7CDFA0446B8B12846EDF728
S31508023060EBFD01F0E4F900F0010004221421A0604E
S315080230702046FFF78DFF1422A3790C3323449A7056
S31508023080A3F803505E71ECF79DF8012070BD08B5F0
S3150802309006F00BFE08BD2DE9F041074602200D4653
S315080230A090461E46FFF7A5FA0446E0B109222121F9
S315080230B0FFF76EFF0A2283790C331C44BDF91830D8
S315080230C084F8038093FBF2F323729DF81C30A780E1
S315080230D06372BDF92030A67193FBF2F3E571A37210
S315080230E0ECF770F80120BDE8F08100F0F2B97047FC
S315080230F0704738B5044602F0DFFB054658B9C820C2
S31508023100EBF716FFC82202212846EBF7AFFF8442E7
S31508023110A8BF044624B22046EBF70AFF02F0CCFB0E
S31508023120BDE83840C8220221EBF7A0BFB0F900205B
S31508023130B1F900302DE9F3479A4204460D464BDCB5
S3150802314008F03AFF8046EDF7D5FF002841D1EBF7A4
S31508023150A1FF824602F0B0FBC8220221EBF786FFE6
S315080231600DF10601814601A8EBF7C8FE47F6FF7383
S31508023170B5F900209A4204BFBDF806202A80B4F9A0
S3150802318000209A4204BFBDF804302380B5F9000036
S31508023190FFF7AFFF0746B4F90000B842C4BF384686
S315080231A02780EBF715FF02F0D0FF064660B15046BE
S315080231B0EBF70EFF4846EBF7BBFE404608F0F7FE74
S315080231C0304602B0BDE8F087EBF764FF20802F8017
S315080231D0F3E741F20C06F0E72126F1E730B190FA5F
S315080231E0A0F00123B0FA80F08340D8B2704770B5D8
S315080231F0064601F022F9C0F3801484F0010402069F
S315080232000546E4B206D40821304601F0AEFD44EA8A
S315080232104004E4B2EB0506D40B21304601F0A5FDC5
S3150802322044EA8004E4B2204670BD4B1E032B10B557
S315080232300C4601D8032902D10023184610BDFFF710
S31508023240D6FF04EA00038443F6D1F6E72DE9F743ED
S31508023250044688461646019301F0EFF8C0F3401576
S31508023260204601F066FB21468146284601F0D6F83B
S31508023270074606B32046EDF7F7FC8046204601F0DE
S315080232805BFB32460146019B1FFA88F0ECF79CF875
S315080232902146284603F0E1FB2021204601F0D3F817
S315080232A057E8003F43F4805347E80032002AF7D133
S315080232B003B0BDE8F08301A8FFF726F899F80110D4
S315080232C0404601F00F0101F0EBFD2A46062814BF1D
S315080232D001463146204601F0DEFAD9E7032970B5E0
S315080232E006460D4614460CD0042919D0012915D1D3
S315080232F0222101F0E7F82846314603F0DEFB0020DA
S3150802330070BD136812791B680021FFF79FFF002220
S315080233102368314601201A6003F0CFFB0120EFE74C
S3150802332013680C221B68EFE7012910B504460CD175
S3150802333001F083F82146C0F3401001F06FF800232C
S31508023340817C1A462046FFF781FF012010BD2DE930
S31508023350F7430F46054601F070F800F02009C0F35E
S315080233604018284601F0E5FABB7900780C333B444D
S315080233705E789B7800EA10101E403040FFF72EFF59
S31508023380044648B9B9F1000F06D12846FFF72FFFC0
S315080233903040FFF723FF0446284601F0CDFAEEF740
S315080233A065FDA04223D01CB30221284601F08DF800
S315080233B000210646284601F04FF91821384603F03F
S315080233C0C3FA384603F0B1FAB6B239464470847085
S315080233D0A0F80360284603F09DFA234622462946AA
S315080233E040460096ECF744F803B0BDE8F0830024A3
S315080233F02646E2E770B504460D4603F08EFB28B969
S3150802340029462046BDE87040FFF7A1BF4028294655
S315080234102046BDE870404FF0160314BF2A22232225
S31508023420F0F79CB938B505460C4601F006F883064E
S3150802343004D42046BDE83840EAF78EBB2146284622
S31508023440BDE83840FFF783BF2DE9F3418C7906467C
S315080234500C340C440D4600F0F0FFA17807463046BE
S31508023460FFF7E3FE617880463046FFF7DEFEB4F8E2
S31508023470032003460092C7F3401042463146EBF753
S31508023480F7FF284602B0BDE8F041EAF765BB08B582
S315080234908B790B441B7B162B03D0172B05D00020E8
S315080234A008BDFFF7A7FF0120FAE7FFF7BBFFFAE718
S315080234B008B58B790B441B7B162B03D0182B05D02A
S315080234C0002008BDEBF7FEFF0120FAE7FFF7BCFF75
S315080234D0FAE77047C0F3845303EB830300EB8300D8
S315080234E080B27047F8B500231360047D05468068EC
S315080234F0FFF7F0FF14F00807034603D00B446B608E
S315080235000120F8BD6E68701AB0EB030CF8D514F0FA
S3150802351001000AD1D5E90374E41B14EB0C0FF0D4AD
S3150802352019448E1B16606960EAE73846E9E710B562
S315080235300446ECF71BF86168E069ECF797F8BDE812
S31508023540104001F045BD38B50C46C94301F00101EA
S315080235500546ECF7CBF8A30702D4E869ECF7B0F80E
S31508023560BDE8384001F034BD10B50446ECF7BEF8A4
S315080235702046EBF7FBFFBDE8104001F029BD007DB0
S3150802358000F00100704707B5036801A80193EAF73E
S315080235900BFD03B05DF804FB01F0FCBCFFF7C6BDEA
S315080235A070B504460D4608F007FD236A06462B4306
S315080235B02362A36973B16368C3F57A75EBF72EFACA
S315080235C0E84202D52046ECF779F93046BDE8704064
S315080235D008F0EDBCB5F5007F04D1E06AFEF723FFDB
S315080235E02085F2E7206BFEF71EFF6085EDE702F005
S315080235F0BABD2DE9F04F85B09146139A8A46B2F9BB
S3150802360000201D46009200229DF838301399019336
S315080236100A809DF84830826902930446DDF840B074
S315080236209DF850309DF858609DF864809DF8687042
S31508023630002A40F00C8105F01C021C2A00F0EF80DB
S31508023640EA0617D405F00302032A08BF05F0FD05AA
S3150802365005F0F70500222046218D0393ECF7E6FFD5
S3150802366040F2712202FB09F29042039B08D941F209
S315080236704500D1E0012605F01403142B3346E9D19F
S31508023680A80608F0FD0248BF05F0FC05012A00F06D
S31508023690CC80B8F1020F08BF4FF004089A0784F8E5
S315080236A0718000F1C5805B0740F1C480B8F1030F51
S315080236B014BF0321042107F0FD03012B84F88010AF
S315080236C000F0BA80022F08BF0427B00784F8727088
S315080236D000F1B480720740F1B380032F14BF0323AD
S315080236E004230020009A84F89030EBF7BFFCEF061B
S315080236F00646A4F85C0008D402F0DEF8009A94F8AC
S315080237009010EBF7B3FCA4F85C00139B31461880C3
S3150802371004F17800FFF7B4FB47F6FF7104F188005D
S31508023720FFF7AEFBE06C94F89010FFF7CCFBFF2294
S31508023730236A84F862209DF8602023F09F0343EAF7
S31508023740021305F01802182A08BF43F0800323F073
S315080237506003680723620CD4029AD10744BF43F078
S3150802376020032362029B9A0742BF236A43F040035F
S3150802377023622946204600F0D9FB236AA4F858504A
S3150802378023F00703236204F16902BBF1000F59D043
S31508023790DBF80010C4F86910BBF8041091809DF894
S315080237A03C20012A02D143F004032362019B03F061
S315080237B0FD03012B02BF236A43F001032362019B27
S315080237C0023B012B9EBF236A43F002032362FFF7E3
S315080237D0AEFA94F874309DF85C2084F8730023F0EE
S315080237E00F03C0F30320034362F3071384F874300C
S315080237F09DF84430204684F86030EB0648BF236AB9
S31508023800A4F854A048BF43F40023A4F8569048BF2E
S31508023810236200F0A8FC002005B0BDE8F08F01265F
S315080238204FF0060A3346D1462AE74FF0030835E732
S31508023830022140E701213EE7032746E7022350E734
S3150802384001234EE7C4F869B0A2F804B0AEE741F224
S315080238500C00E1E7F8B51646026A044622EA0602B1
S315080238600262DA070D46069F0ED50846FEF74CFD9C
S31508023870A3694BB9B4F85830DB0605D4B6F5007F10
S31508023880204608D100F036FB1FB139462846FEF716
S31508023890D5FD0020F8BD00F03BFBF5E770B5044600
S315080238A0C06A0D46FEF7BFFD0646206BFEF7BBFD56
S315080238B0B1B282B22046ECF7B9FEA36933B140F23F
S315080238C07122B4F854305343984201D8002070BD8F
S315080238D0B4F85630834205D22846FEF715FD41F262
S315080238E04500F4E700F51C70B0FBF2F0A4F85400AA
S315080238F0ECE7930701D5FFF753BE7047F0B585B0DD
S3150802390016460446039330B903A8FEF7FDFC41F2B6
S31508023910420005B0F0BD01291BD0022906D059B1D3
S3150802392003A8FEF7F1FC41F21200F2E703A8FEF73C
S31508023930EBFC41F20C00ECE74FF4007700F12C05A2
S31508023940B4F858305B0709D503A8FEF7DDFC00205A
S31508023950DFE74FF4806700F13005F1E7039B3A464B
S315080239602946009320463346FFF774FF2868FEF778
S315080239705AFD1F2801DC032E01D02846D1E7294625
S315080239802046FFF78BFF20B939462046FFF708FE87
S31508023990DDE741F24500BCE783693BB1B0F8583030
S315080239A0DB070FD490F86130FE2B0BD0036A43F481
S315080239B0005303620B68C0F863308B88A0F867303F
S315080239C00020704741F20C00704738B5B0F85830FD
S315080239D00446DB070AD4204600F075FB054618B1F3
S315080239E00021204600F054FB284638BD836C002B84
S315080239F0F1D1EDF797FBA0640028ECD141F2090555
S31508023A00F2E7A0B1CB0742BF036A43F480530362CD
S31508023A108A0742BF036A43F4804303624B0701D411
S31508023A2000207047036A43F400430362F8E741F251
S31508023A3042007047A0B1CB0742BF036A23F4805302
S31508023A4003628A0742BF036A23F4804303624B0771
S31508023A5001D400207047036A23F400430362F8E79F
S31508023A6041F2420070471FB5436B0C4623B9836B7C
S31508023A7013B9002004B010BD9A79002198180E30A7
S31508023A806A4601F012FE9DF80730002BF1D0009A23
S31508023A900120D35A2380EDE738B50546FF2190F871
S31508023AA0900001F0BBFD2B6A04469B0209D5284605
S31508023AB0EBF7DCFFFFF771F9837903F01F0304EBD9
S31508023AC0C304204638BD10B5044609B1012010BD0D
S31508023AD0C06C48B9206D60B9B4F858309B07F5D167
S31508023AE0206AC0F38050F2E7FFF7EBF90028F1D01D
S31508023AF0ECE7FFF720FA0028EED0E7E710B5044610
S31508023B00FFF7E1FF002814BF18200020B4F8583048
S31508023B109A06C3F3800103F0400358BF40F0010040
S31508023B2043EA4103184310BD38B50C460021054641
S31508023B30FFF7C9FFD0B9E30615D504F0180095F8C2
S31508023B408030012B11D12B6AB5F858201C0444BFCA
S31508023B5002F040010843910607D4920704BFC3F353
S31508023B608033184301E004F05B0038BD1820E6E70D
S31508023B702DE9F04F8BB01E46149B0F46D3F800A0D2
S31508023B809DF854809DF8585003908DF81F20BAF17D
S31508023B90000F45D15046FEF72CFD044618B91920E8
S31508023BA00BB0BDE8F08F149B186063793A4623F090
S31508023BB00103637103980023CDE900640DF11F0127
S31508023BC0ECF78AF90246B8F1000F06D00720A37966
S31508023BD02344197B60F3030119731AB3D7B100237F
S31508023BE039462046FEF7AEFD06462046FEF782FE19
S31508023BF08146002D14BF4FF00C0B4FF0080B4BF00B
S31508023C001002CBF38003049205933846FEF70BFCA9
S31508023C10B0420CD86379002043F001036371BFE711
S31508023C205446C2E7002FF5D0A1461646E1E73846C4
S31508023C30FEF7F9FB0021A0EB06085846EFF7BAF89B
S31508023C40059B03B10730C0F1FF0323EAE3739845E6
S31508023C50D1BF5A46C0F1FC03049A23EAE373984596
S31508023C604FF000000692A8BF9846FEF7C2FC069AD5
S31508023C70054638B9BAF1000F2FD023682060099398
S31508023C8009A82BE0437909A943F0010343710023EC
S31508023C90C9F800008DF8242001903A46009303984B
S31508023CA03346ECF719F91FFA88F2904206D0EB79F7
S31508023CB0A879023B434429181B1A4B735AB1334657
S31508023CC0394628461FFA88F2FEF73CFD064428467E
S31508023CD0FEF710FE0546A94697E71498FEF714FB69
S31508023CE05DE7B0F85830D90608D45A07C3F38000FE
S31508023CF005D513F0030018BF01207047002070474E
S31508023D0010B50446C06C18B9206D68B900200AE0DF
S31508023D10FFF7D7F80028F7D0B4F8580000F00300E8
S31508023D20B0FA80F0400910BDFFF708F90028F3D170
S31508023D30ECE72DE9F84F054690461F46FFF7DEFEEB
S31508023D40014606462846FFF7EFFE83462846FFF752
S31508023D50D7FFB5F858A081461AF0030F06F0EF040C
S31508023D6007D11AF0200F02D11BF0010F01D006F07D
S31508023D70EE042B6A44EA4914E4B2C3F38056284691
S31508023D805B0254BF44F0080444F00C04FFF7A9FF91
S31508023D9048B144F002040A9B88F800403E7083F852
S31508023DA00090BDE8F88F1AF0040F08BF04F0FD046E
S31508023DB0F1E72DE9F043B0F858300446C3F300168C
S31508023DC0DB0687B05CD400F138052846FEF79CFA74
S31508023DD0B4F858300DF1170813F0020FC3F340096F
S31508023DE029D0314620460DF116030DF11502CDF8FC
S31508023DF00080FFF79EFF9DF8167001233146204684
S31508023E00CDE901679DF815200095FFF7B1FE48B97F
S31508023E10236A57B143F400139DF8172042B143F4BD
S31508023E208013236207B0BDE8F08323F40013F3E797
S31508023E3023F48013F5E7E76A3846FEF7F4FA0DF13C
S31508023E40160381B20DF115022046CDF80080FFF760
S31508023E5070FF9DF81660012339462046CDE9019682
S31508023E609DF815200095FFF783FE88B9236A4EB19F
S31508023E7043F400139DF817203AB143F480132362E2
S31508023E800020CFE723F40013F4E723F48013F6E7C0
S31508023E901920C7E770B5B0F858300446DA0686B076
S31508023EA002D5002006B070BD9B07FAD500F1400680
S31508023EB03046FEF729FA256B002DF2D0B4F8733096
S31508023EC0204605A9ADF81030FFF7CDFD18B1BDF8AB
S31508023ED01430A4F87330002307222946CDE90123BA
S31508023EE0204609220096FFF743FEBDF81030A4F8D3
S31508023EF07330D7E710B504463430FEF705FA04F1F5
S31508023F003800FEF701FA236A23F46013236210BD10
S31508023F1010B504463C30FEF7F7F904F14000FEF707
S31508023F20F3F9236A23F40023236210BDB0F858304C
S31508023F3070B5DA060446C1F3001601D50EB170BD96
S31508023F40BEB100252046FFF7D5FF2046FFF7E0FF62
S31508023F5004F12C00FEF7D8F9E562258504F1300054
S31508023F60FEF7D2F9236A2563658523F4C0632362C3
S31508023F70E5E7C1F34005C3F34003AB42DFD0FFF7E1
S31508023F80B9FF2046FFF7C4FF4DB104F12C00FEF736
S31508023F90BBF9236AE662268523F40073E7E704F190
S31508023FA03000FEF7B1F9236A2563658523F4806339
S31508023FB0DDE72DE9F8438846114605461746994630
S31508023FC0FFF79CFD014606462846FFF7ADFD002190
S31508023FD0EEF7F0FEC11C95F88000042804D195F886
S31508023FE07130032B18BF032000F066FF4FF4FA73F3
S31508023FF008F1FF345C43F30600FB0844A5F85A00AF
S3150802400015D595F89080B8F1040F05D195F8723058
S31508024010032B18BF4FF00308B5F8580000F0030049
S31508024020012807D0022819D004F5487478B1204629
S31508024030BDE8F8832421404600F03EFF10210546DC
S31508024040404600F039FF04F58A642C4404443A4693
S315080240504146304601F0B8FA0444E8E70E214046E4
S3150802406000F02AFF05464A464146304604F58A6468
S3150802407001F0AAFA2C44EFE710B50446EBF718FC50
S31508024080844204D1BDE810402220EDF7FDBF10BDE1
S3150802409038B504460D460830EFF76EF82046FFF7A6
S315080240A0EBFF85F0010100252046FFF74CFAA06CCC
S315080240B0A56110B1EDF782F8A56404F14400BDE8E4
S315080240C03840FEF721B970B590F861300446FE2BE8
S315080240D009D1633000F055FF00F04CFF18B1236A8E
S315080240E043F40053236242F20103256A2B40012B53
S315080240F036D0A9072BD5C5F3800504F16906002237
S3150802410031462846FEF707FF002184F86200FEF7CB
S3150802411011FF002231462846FEF702FF18B194F92C
S315080241206200002815DA236A23F002032362B4F830
S315080241305830DA070BD59B0709D40122314628469F
S31508024140FEF7EEFE18B1236A43F008032362002045
S3150802415070BDB4F8581001F00101FEF7EBFEE6E770
S3150802416041F21200F4E738B5044607F025FF628DDE
S315080241700546218D2046ECF759FAB4F85410B4F8DE
S315080241805620E060521A40F2712101FB020303F540
S315080241909C53083328462361BDE8384007F007BF19
S315080241A038B50446B4F85820B0F95C0012F0100F7E
S315080241B094F88030C2F3001104F1780514D002464F
S315080241C019460020EAF752FF01462846FEF758FE2E
S315080241D047F6FF7104F18800FEF752FEB4F984002F
S315080241E0BDE83840EAF764BF94F8812001F05FFB26
S315080241F001462846F0E710B590F85E200446AAB1B3
S31508024200A1B190F85F300133DBB29A4280F85F3091
S315080242100CD80121FFF73CFF236A43F4803323625B
S315080242204FF08050BDE8104000F0D0BE226AD1059A
S315080242300CD5636A61685B1A002B07DA01212046EE
S31508024240FFF726FF236A43F48023E8E7130624D4FC
S31508024250FEF76DFD1123B0FBF3F394F9702003EB1F
S315080242600313C01A83B212FA80F0102888BFC3F16A
S3150802427010035BB2083A1A4484F8702040F271219E
S31508024280B4F8542020461A44636801FB023301211C
S315080242906360BDE81040FFF767B90023EEE773B520
S315080242A00446FEF744FDC0F30F23542B34D9A92B39
S315080242B08CBF02230123C0B27E288CBF02220122B0
S315080242C003218DF804301344B3FBF1F000EB4000F0
S315080242D01B1A8DF805301344B3FBF1F202EB4202C6
S315080242E09B1A8DF80630002319461A4601AD15F8B1
S315080242F0010B44FA00F6F60705D55600B04003430B
S315080243000132DBB2D2B20131C9B20329EFD143EA93
S315080243108210C0B202B070BD0023CCE7C94350E890
S31508024320003F0B4040E80032002AF8D1704738B502
S3150802433005460C4601F0C2FA20B149F640439C42B2
S3150802434028BF1C46EA68A2420BD240F27121B5F890
S315080243507E304B43934238BF1346A34228BF2346B7
S315080243601A462A6138BD826A034612F4007F00F1B2
S31508024370480005D0D3F82821B3F84010EEF7D4BD8B
S3150802438093F87310EEF7C6BD0020704770470020F9
S31508024390704700207047704770470020704700201A
S315080243A07047704770477047704700207047002073
S315080243B0704770470020704701207047C820704731
S315080243C0002070477047012070477047704790F881
S315080243D0892010B5531C03F00F03072B28BF0023AF
S315080243E0044663F30302034480F8892083F88210A3
S315080243F090F889306F2B4FEA13129EBF013262F38F
S31508024400071380F88930FFF7E1FF204694F8301148
S3150802441001F0C6FC10BD70477047704710B101F134
S31508024420B000704701F1D4007047F8307047806ACF
S315080244307047836A0B4383627047C06A7047C36AD0
S315080244400B43C3627047C36A23EA0103C362704718
S3150802445000F59C70704790F8891008B50F2904D9A1
S315080244600909823002F008FF08BD7F20FCE770B513
S3150802447040F2712606FB01F345685643826A1D44DB
S31508024480D207044645600ED500F14405294690F840
S315080244904220EFF745F8334629462046BDE87040E4
S315080244A0012202F0BFB905EB5605456070BDD0F88A
S315080244B0A40000B9704743799B0701D40068F8E75E
S315080244C00120704780F87B10704738B504460D46C0
S315080244D0ECF7CAFB80B2FFF75CFF80B14288022D77
S315080244E0B4F8400011D0032D0BD0012D06D1A38FAD
S315080244F0A26B1B01B3FBF2F3184480B238BD01224A
S31508024500EDE74FF47A43A26BF4E7E38F5B000733D8
S3150802451013FB0200F1E738B5044602F078FB04F112
S31508024520A400FDF7F1FE04F1A800FDF7EDFE04F183
S31508024530AC00FDF7E9FE2046ECF796FBC4B220462E
S31508024540FEF727FC05462046FEF725FC01462846C7
S31508024550FEF71EFC38BDB0F8343110B5A0F832317A
S315080245600446ECF781FBC0B2FFF728FF94F8303116
S3150802457094F8312104F1480101F099F9014604F54C
S315080245809470FEF77DFCB4F93221B4F934319A42BB
S3150802459009D0A36ADB0406D52046BDE810404FF4CD
S315080245A00041ECF777BB10BD806B7047836A0A46F9
S315080245B000F14801C3F34020EEF768BC70B5044623
S315080245C00E4615463AB9A36A23F440534EB9A36276
S315080245D055B9002004E0EEF75DFD0028F3D111205D
S315080245E070BD43F48053F2E743F40053A362F0E745
S315080245F02DE9FF41836A0446DB0428D5B0F93481E4
S31508024600B0F932710020EAF745FD8045CCBF002596
S31508024610012501F051F9C82294F83011EAF726FD6E
S3150802462006462046ECF720FBB045B4BF0026012615
S31508024630002345EA4605CDE90085A8EB07073FB200
S3150802464002971A4694F8301180B2FEF724FD04B098
S31508024650BDE8F0818A307047F8B504460E4600294F
S315080246605BD040F27123876B30465F43A7F28A27F5
S315080246707F08394600F029FC94F89230851FADB2BE
S315080246809D4239463046A8BF1D4600F01EFC94F8E6
S315080246909320831F9BB29342A6F10300A8BF134639
S315080246A00128B4F88A10B4F88C202BD8B1F5296FF2
S315080246B044F29020B8BF4FF429618142A8BF01464F
S315080246C0B2F5296FB8BF4FF429628242A8BF0246E3
S315080246D01B2DB8BF1B251B2BB8BF1B23304684F8DE
S315080246E0953084F89450A4F88E10A4F8902000F01F
S315080246F0ECFB831F9BB2AB42A8BF2B46DBB284F806
S315080247009630F8BDB1F5A47FB8BF4FF4A471B2F5DF
S31508024710A47FB8BF4FF4A472DAE71B23EFE72DE9AB
S31508024720F341876B490089B28F42044616461D46F5
S315080247303FD040F271224368816302FB073302FBD2
S3150802474011334360ECF790FA4FF0000887B233460C
S315080247504246012138460195CDF80080FFF721FE31
S315080247603846FFF726FE41463846FFF71BFE012369
S31508024770E28FB242A28F1CBF0123E687AA42A26A2F
S315080247801CBF0123A587D20700D5A3B1A38FA26BAD
S315080247901B01B3FBF2F3204694F83011A4F8A030BB
S315080247A0FFF75AFF0421204602B0BDE8F041ECF7B4
S315080247B071BA0023DCE702B0BDE8F081F0B585B036
S315080247C004460E466A4600F18A0300F19207154628
S315080247D018685968083303C5BB422A46F7D11868D0
S315080247E0314628609B882046AB80FFF735FF9DF847
S315080247F00B2094F895309A4211D1BDF80620B4F8E8
S3150802480090309A420BD19DF80A2094F894309A4235
S3150802481005D1BDF80420B4F88E309A4207D04FF479
S315080248208141204605B0BDE8F040ECF733BA05B041
S31508024830F0BD37B5044694F89250BDF818008D427B
S315080248400BD1B4F88A50954207D194F893509D42F9
S3150802485003D1B4F88C5085421BD08DF80610ADF8FA
S315080248600420019D84F8921084F89330A4F88C00F1
S3150802487094F830112046C4F84051A4F88A20FFF76C
S315080248809DFFB4F88E30A4F88A30B4F89030A4F8B4
S315080248908C3003B030BD70B5044616460D4671B16C
S315080248A090F830318B420AD00126012201F046FBEC
S315080248B000222946204601F001FB84F830512046A1
S315080248C094F83011FFF77AFF36B12046BDE87040FA
S315080248D04FF48441ECF7DEB970BD30B4C56A15F001
S315080248E0040F0DD145F00405C56280F89E10A0F8A4
S315080248F09A204FF4006130BCA0F89C30ECF7CAB994
S3150802490030BC704710B511B190F89E400C7012B1C8
S31508024910B0F89A10118013B1B0F89C201A8090F85A
S315080249202C00C0F3800010BD836A43F4806383625F
S31508024930704700F5A270704790F830017047F8B5D5
S31508024940044607F039FB65680646EAF767F82B1A44
S31508024950B3F5FA7304D53046BDE8F84007F027BB2D
S3150802496040F27122A16B94F874505143B3FBF1F3F0
S31508024970B4F8402098B2121AA4F8402094F873208A
S3150802498000FB1522252592FBF5F705FB1722002ABF
S31508024990B8BF521984F87320B4F8A020121AA4F8E2
S315080249A0A020626800FB1122002120466260FEF701
S315080249B0DBFDD0E7F0B5036B04469D0790F87B60F4
S315080249C087B001D5FFF7A7FD236BD90700F14D8103
S315080249D0236B9A0411D52046ECF746F9A16AC0B2B0
S315080249E0C1F34021FEF732FB002800F063814FF441
S315080249F0005104F13000FFF791FC236BD80409D566
S31508024A0000212046ECF740FE4FF4805104F13000B5
S31508024A10FFF784FC236B590513D52046ECF724F9D6
S31508024A20002394F89F50C2B21946284601F04BFC5F
S31508024A30002800F03F814FF4806104F13000FFF74F
S31508024A406DFC236B5A0712D52046ECF70DF9A16BBC
S31508024A50A38FE28FC1F34F0180B201F007FD002850
S31508024A6000F02881042104F13000FFF757FC236B7C
S31508024A701B070AD5204602F051FA002800F01A81CF
S31508024A80082104F13000FFF749FC236BDF0617D52E
S31508024A902046ECF7E9F8E16A80B211F4805100F099
S31508024AA01C81002101F077FD002800F00381E36AEA
S31508024AB0102123F48053E36204F13000FFF72EFC41
S31508024AC0236B5D0613D52046ECF7CEF894F87B30B7
S31508024AD080B20093D4E9082301F040FD002800F0D3
S31508024AE0E980402104F13000FFF718FC0026236B09
S31508024AF0180516D52046ECF7B7F800230093B4F844
S31508024B009C30B4F89A2094F89E1080B2FEF765FAA3
S31508024B10002800F0CF804FF4006104F13000FFF75F
S31508024B20FDFB236B13F480452FD1990513D5204637
S31508024B30ECF79AF82B462A4694F8301180B2EAF72F
S31508024B4043FC002800F0B6804FF4007104F13000EF
S31508024B50FFF7E4FB2E46236B1A0616D52046ECF71A
S31508024B6083F8B4F8903080B2009394F89530B4F88C
S31508024B708E2094F8941001F040FD002800F09A80E7
S31508024B80802104F13000FFF7C9FB236B9B0610D581
S31508024B902046ECF769F894F87B1080B201F012FD12
S31508024BA0002800F08780202104F13000FFF7B6FBC9
S31508024BB00026236BDF0508D504F130004FF4807117
S31508024BC0FFF7ACFB204602F03CF8236B1D0408D520
S31508024BD004F130004FF40041FFF7A0FB204601F034
S31508024BE02AF8236B580308D504F130004FF48021C4
S31508024BF0FFF794FB204601F07BFA236BD90308D50D
S31508024C0004F130004FF48031FFF788FB204601F0AB
S31508024C1013F9236B9A0308D504F130004FF40031D7
S31508024C20FFF77CFB2046FFF7D0FB236B9B0718D5C3
S31508024C30002220461146FFF7C6FB2046FFF7C5FBB2
S31508024C402046ECF711F894F87B1080B201F07AFD51
S31508024C5080B304F130000221FFF760FB2046ECF72F
S31508024C60ADFA012084F87B6025E0A76AFB07C7F343
S31508024C70803522D5002D0CBF012503252046EBF7EA
S31508024C80F3FF94F89F30294605930023049394F87A
S31508024C904230C7F340020393A38F80B20293E38F95
S31508024CA00193A36BC3F34F03009304F1750301F059
S31508024CB0FDFB20B9002007B0F0BD6D00DEE701213B
S31508024CC004F13000FFF72AFB50E8003F43F4005393
S31508024CD040E80032002AF7D17AE601F073FCE3E6EF
S31508024CE008B50220FDF785FC28B9BDE808404FF053
S31508024CF08060EDF7E5BABDE8084001F0FFBC826ABC
S31508024D00002122F0C0028262ECF7BEBC012310B574
S31508024D10A1F12002C1F1200423FA04F403FA02F2F3
S31508024D2022438B40D0E9084123400A40134314BF6B
S31508024D300120002010BDC36A10B5044613F008000E
S31508024D4012D00123A1F12002C1F1200023FA00F0BA
S31508024D5003FA02F202438B40D4E9080103400A40EF
S31508024D60134314BF0120002010BD10B50C46C9B26A
S31508024D70FFF7E1FF70B1EDF739FBC4F12002A4F1A8
S31508024D802003E04001FA02F2104321FA03F3184322
S31508024D9000F0010010BD70B504460E46EEF762FD3E
S31508024DA007F00AF905460221204684F87B60EBF7EC
S31508024DB071FF20460121FEF7C6FB2846BDE8704072
S31508024DC007F0F5B870B50D46044607F0F5F806463D
S31508024DD02046EBF7E3FE304607F0E9F82946204677
S31508024DE0BDE87040FFF7D7BF0B68C0F8403170477F
S31508024DF038B540F64805D0F840310C460B609BB2F0
S31508024E00AB4204D90B21FFF7B0FF08B9258038BD9C
S31508024E1044F290232380FAE708B5ECF78DF801F0FF
S31508024E2076FA00F06DFD01F033FDEFF785F9BDE87E
S31508024E300840EFF7E9B938B50546FDF7AAFF044673
S31508024E402846FDF7A8FF214602460220FDF7AEFFD7
S31508024E5038BD00230384704790F8203090F821204B
S31508024E60981AC0B2704710B590F8203090F82120F1
S31508024E705C1C9A1A80F8204003F0070340F82310B6
S31508024E80D0B210BD90F82130194401F0070150F84C
S31508024E902100704790F82130013380F8213070479D
S31508024EA0022808D0042803D0012818BF0620704714
S31508024EB001F00101C81C704710B50C46ECF7ECFF6F
S31508024EC00279408804FB020010BD10B50C46ECF7C7
S31508024ED0E3FF4388A3429BBFE41A03790020B4FB8D
S31508024EE0F3F010BD37B50446E9F752FC2046EAF757
S31508024EF03DF9002301A80193E9F7F2FC054640B9FA
S31508024F00A368322043F00403A360019B2362EDF7F2
S31508024F10BBF8284603B030BDEDF74CBB38B505469D
S31508024F20EDF776FB044607F047F82B68A360AB88D3
S31508024F30A381A37943F00103A37107F038F801208E
S31508024F4038BD38B50C460546EDF762FB014605B194
S31508024F5008310622204605F0DEFBB0FA80F0400949
S31508024F6038BD10B50446EDF753FB03682360838802
S31508024F70A38010BD08B5EDF74BFB807900F0010060
S31508024F8008BD10B50446EDF743FB836823608389A1
S31508024F90A38010BD70B50E461546EBF7F3FF04461F
S31508024FA048B93046EAF7C0FE044620B92846EDF766
S31508024FB0AFFE044640B10020EBF7E4FF0020EAF713
S31508024FC0B3FE0020EDF7A4FE204670BDF2F7CCBC76
S31508024FD04FF40010F2F7C8BCEDF7C6B8112808B5A9
S31508024FE002D0122805D008BD1320BDE80840EDF707
S31508024FF04BB8EDF771FAEDF703FBEDF7E1F814207C
S31508025000F3E7ECF7EDBF08B5EDF7F2FAEDF718FAA4
S31508025010ECF7AEFFBDE808401120EDF735B81328C6
S3150802502008B502D0142809D008BDEDF7F1FAFFF742
S3150802503073FFBDE808401220EDF726B80020ECF70A
S31508025040BDFFBDE80840FAF7E6BA704783790C3324
S31508025050184470477047002337B504460125019363
S31508025060204601A9FDF738FC08B903B030BD0198FE
S315080250702A468379C1790025C91A0C33C9B218445C
S31508025080E9F7EAFDECE70378024603F00F03072B7C
S3150802509010B50FD1837813F03F000AD0D37813F0F6
S315080250A0100006D0012103F00F00941CEDF798FCBE
S315080250B0204410BD0020FCE7512810B50C4607D144
S315080250C0E9F726FC2046BDE810400021FDF761BC41
S315080250D0BDE81040FDF761BC51280B4609D18A8A02
S315080250E018461305C2F3C02101D5EDF79DBAFDF79F
S315080250F050BCFDF752BC10B50C780378C4F3801483
S31508025100B4EBD31F1BD162B9023103F00F03032B91
S3150802511013D10622083005F0FEFA003818BF01201E
S3150802512010BD8A7894060AD0CC78E40707D502F02F
S315080251303F02062A03D90431E7E7052BE9D0012005
S31508025140EEE72DE9F0410D46848A11462846C4F356
S3150802515040021E46FFF7CFFF10B10120BDE8F081DD
S3150802516015F8027BFDF7DEFE04F4C07880F0010331
S31508025170B8F10002C7F38017294618BF012238463C
S31508025180DBB200F086F8014630B14FF4C070304009
S31508025190B0FA80F04009E1E7FDF7CAFE0028DCD143
S315080251A0B8F1000FF1D0E04300F4C070EFE721B187
S315080251B040780C3818BF012070470120704770B537
S315080251C086B004469DF828600B9D11B9012006B0E9
S315080251D070BD62B9012204A90DF10F00FDF7A6FE02
S315080251E0D0B9204610F8021BC1F3801117E0002B34
S315080251F0F0D129463046FDF78CFE0028EAD12378FD
S31508025200C3F38013B342E1D106222946A01C05F056
S3150802521082FA0028DAD1DDE79DF80F1004A8EBF729
S31508025220EFFF0028D2D10123218B00930846638B16
S31508025230A28B01F001FB0028C8D0627D531E072B02
S31508025240C4D8238B9342C1D9E28A9A42BED8A37F95
S315080252505BB9E37F4BB994F8203033B994F821301F
S315080252601BB994F822300F2BB0D994F823001B30BF
S3150802527000F01F000B2894BF00200120A7E710B5F5
S315080252800C4608B9E9F7FAFC2146BDE81040FFF7D3
S3150802529013BEF0B587B00E4617468DF8070002B959
S315080252A0B3B331469DF80700FDF73EFE044680B9C2
S315080252B031469DF80700FDF73BFE38B9012587B947
S315080252C0FDF723FE80F001000543ECB2204607B045
S315080252D0F0BD012204A90DF10700FDF727FE0546D8
S315080252E0EDE79DF80710003918BF01210CB105B189
S315080252F004AE30460DF10F02EDF7C8FC28B99DF849
S315080253000F40013418BF0124E0E74FF0FF34F8E7F5
S315080253100124DBE783790C33C218937813F03F0034
S3150802532004D0D3781940081E18BF012070472DE90A
S31508025330F7434FF00009044686798DF807100C36B4
S315080253400321A0F80690904687191D46FCF7B3FF7D
S31508025350072224F80690A35D18F0020F62F30303EE
S31508025360A355BA7808F0010318BF43F0020363F3A2
S3150802537087129DF80730BA7003B935B10122204663
S315080253800DF10701FCF7A3FF0125BB7865F30503B9
S31508025390BB7003B0BDE8F08310B501210446FFF7E0
S315080253A0B9FF28B12046BDE810400621FCF783BFA5
S315080253B010BD70B50D4602210446FFF7ABFF00B3D8
S315080253C0A07900F10C02A35CA11823F08003A35470
S315080253D0E379D5F869601B1AD8B20E5051FA83F3ED
S315080253E0B5F86D10204699802B6A062113F00C0F2A
S315080253F01EBFA35C43F08003A354BDE87040FCF7CC
S315080254005ABF70BD38B50D4604210446FFF782FF20
S3150802541030B12046A91D0122BDE83840FCF757BF26
S3150802542038BDF7B504460F4616461D460DF1070167
S31508025430013301228DF80730FDF7E3F90DF1070173
S31508025440012220468DF80770FDF7DBF92A46314618
S31508025450204603B0BDE8F040FDF7D3B9F0B50546DE
S3150802546014889C420AD2281947782E5D8F4204F185
S31508025470010416FA84F403D19C4203DD002002E0FB
S31508025480A4B2EEE71480F0BD37B50D4604210446F2
S31508025490FFF740FF78B140F2FF23ADF80030002352
S315080254A08DF80230AB886A46ADF80330FF21052332
S315080254B02046FFF7B6FF03B030BD38B50D460821C2
S315080254C00446FFF727FF30B129462046BDE8384093
S315080254D00222FCF7FCBE38BD2021FFF71BBF37B5F9
S315080254E00C4640210546FFF715FF50B10A2394FBE7
S315080254F0F3F4012228460DF107018DF80740FCF75F
S31508025500E6FE03B030BD10B58479C37904F10C0206
S315080255101B1B02390244D8B251FA83F353709378AB
S31508025520033860F30503937010BD837873B59A0642
S3150802553004460D4620D0C07843071DD50121EDF754
S3150802554039FC0138ADF80600E61CA378FF2130467F
S3150802555003F03F030DF10602FFF780FF60B10378FF
S31508025560062BF2D140F2FF2342889A42EDD1037903
S31508025570002BEAD1A0F8055002B070BD38B5837881
S3150802558004469A060D460CD0C078C30609D50121F1
S3150802559000F00F00EDF70EFC0444A37865F305034B
S315080255A0A37038BD38B5837804469A060D460AD0E4
S315080255B0C078030707D5012100F00700EDF7FAFBCB
S315080255C02B880444638038BD70B505460E4600F044
S315080255D06B0000211446EDF7EDFB54FA80F4FF2C1C
S315080255E005D821463046BDE87040FFF748BEFF2180
S315080255F03046FFF744FE05F04005FC3D00F54870CD
S3150802560061190446FF2904EB000304D83046FFF764
S3150802561036FE204470BD1C462944F3E708B502311C
S31508025620C0B2FFF72CFE00F5FA7008BD37B5024680
S31508025630136A084603F0020403F48055DB0705D40F
S315080256407CB9FFF78EFC204603B030BD4CB9B5FADB
S3150802565085F4D2F8631064090160B2F86720828083
S31508025660F1E7019092F96230B5FA85F400930023C6
S315080256701A4619461846FDF751FC6409E3E710B5C0
S315080256800446A378084613F03F030CD0E37813F0D8
S31508025690010308D0211DFFF7C9FF237860F386139B
S315080256A00120237010BD1846FCE770B5144605465E
S315080256B010220E4620460021FCF7ECFA2B789A06B1
S315080256C04FD06B1C23606A78D30743BFF34303F0BA
S315080256D001032371012348BF0723900707D516F054
S315080256E0020F0CBF1946002106336171DBB250075F
S315080256F007D516F0040F0CBF194600210133A17114
S31508025700DBB2100707D516F0080F0CBF19460021A1
S315080257100233E171DBB2D00607D516F0100F0CBFC3
S315080257201946002103332172DBB2900607D516F01B
S31508025730200F0CBF1946002112336172DBB25106E3
S3150802574007D516F0400F0CBF1A4600220133A27283
S31508025750DBB22A7802F03F029A4282BFD21AE37279
S31508025760227370BD1FB50C466A4600210230FFF748
S315080257709CFF9DF8063013B1A179009AD15404B062
S3150802578010BD30B585B004460D4602306A46002182
S31508025790FFF78BFF9DF8050088B12378009A23F05E
S315080257A080032370D5F8693011181350B5F86D3097
S315080257B08B802B6A1A0704D45B0702D4012005B032
S315080257C030BD237843F080032370F7E72DE9F74FBE
S315080257D006468A46144699469DF830B09DF83450D6
S315080257E0FCF7FDFE0322B7790E990C3706EB07087C
S315080257F088F8032008F10400BBF1000F16D1E5B9B9
S31508025800FFF7AFFB9DF83C3008F10A0B83F0010362
S315080258101D40BAF1000F15D1ACB9D9F80030C8F855
S315080258200A30B9F80430ABF8043017E02DB931B1B3
S315080258300B68C8F804308B8883800125E2E7FFF7F6
S31508025840A0FBFAE724B3FDF75DFB01230021CDE9AE
S31508025850000B1A460846FDF761FB01240D214B1C75
S3150802586088F80130F35DAA0103F00F0342EAC41275
S315080258701A43F255304688F802100331FCF71BFD2D
S315080258800822F35D62F30303F35503B0BDE8F08F14
S315080258900124C2E7CB08C05C012301F007018B4053
S315080258A01840003818BF01207047704770470246F3
S315080258B019460020E9F7DABB002070470020704736
S315080258C007B500214FF0FF336A46084600938DF864
S315080258D00430EDF7DBFA03B05DF804FB38B505468C
S315080258E0006805F03CF80446287900F01F0005F028
S315080258F036F82044C0B2012894BF0020012038BDE2
S31508025900704770B515460E461C46FEF78EFD2B6887
S315080259104EB103606B6843602368C0F8253023687C
S31508025920C0F8153070BD83606B68C3602368C0F821
S3150802593029302368C0F81930F4E770B50546FEF732
S3150802594074FD044606F038FB064640212846FEF753
S3150802595070FD4FF400612846FEF771FD304606F0E9
S3150802596026FB0023284623612375236284F8243004
S31508025970FEF75DFD802310F0010F14BF237584F82E
S31508025980243070BD10B50446FFF7B9F92046BDE8C4
S3150802599010401021EBF77EB910B504464FF460614A
S315080259A0FEF751FD2046BDE81040FFF7A8B97FB5BE
S315080259B006460C46FEF739FD4FF4C06105463046E9
S315080259C0FEF73DFD4FF400613046FEF73CFD4FF40D
S315080259D08060ECF785FC224670B969462846EDF7E1
S315080259E011F96B4605F1100213F8011B02F8011DA5
S315080259F0AA42F9D104B070BD6C4602F110062346DC
S31508025A0010685168083203C3B2421C46F7D1E8E768
S31508025A1037B50D46ADF80420FEF707FD044600F13A
S31508025A202003024601992846EDF718F8236A01333E
S31508025A30236223B994F82430013384F8243003B05E
S31508025A4030BD37B50D46ADF80420FEF7EEFC0199D8
S31508025A500446024600F110032846EDF767F830B10E
S31508025A6023690133236113B9237D0133237503B0F7
S31508025A7030BD013903291FD8DFE801F002091017E2
S31508025A8012B190F90000704790F90100704712B1FF
S31508025A9090F90200704790F90300704712B190F925
S31508025AA00400704790F90500704712B190F9060094
S31508025AB0704790F9070070477F2070470028ACBFEF
S31508025AC005236FF0040318440A2390FBF3F05843A6
S31508025AD0A3F5FF7300B29842B8BF1846C828A8BFF4
S31508025AE0C820704708B5C822E9F7C0FABDE80840D9
S31508025AF0FFF7E4BF10B504464FF40050ECF7F0FB8D
S31508025B0018B12046EDF75AFA08B9002010BD072049
S31508025B10FCE72DE9F74F81464FF400500E4617462B
S31508025B20ECF7DEFB002849D04846EDF765FAF31E86
S31508025B30012B81BF012506F1FF33DBB29D400446E6
S31508025B4098BF0C2580464FF000034FF0060240F23C
S31508025B50EC4B88BFEDB202FB03FA14F80A1045FAB9
S31508025B6003F000F0010021F00C01013341EA800143
S31508025B7004F80A100020D9B20193FFF7B3FFA8F878
S31508025B8002B0A8F8040014F80A10019B21F00301D8
S31508025B9004F80A10FF21042B88F801104FF00602B8
S31508025BA008F10608D7D100200437314627766083E4
S31508025BB0A083FFF797FFE083A9F8320103B0BDE897
S31508025BC0F08FF8B504464FF40050ECF789FB70B332
S31508025BD02046EDF711FA0622054694F8303104F10B
S31508025BE04801581EC0B202FB005094F83121B0F9A0
S31508025BF00400FFF75CFEFFF761FF064606F0DCF9D4
S31508025C0031460746EE8304F59470FDF739F9B4F97F
S31508025C103221B5F91E309A4204D04FF4004120468B
S31508025C20EBF738F83846BDE8F84006F0C0B9204622
S31508025C30FEF791FCF8BD2DE9FF4704464FF40050E4
S31508025C40ECF74EFB002865D006F0B6F981462046E9
S31508025C50EDF7D2F9B0F91E600546B4F832710020A4
S31508025C60A4F8326194F830A1E9F714FA94F83031BD
S31508025C70864294F831214FF0C80004F14801B5F97B
S31508025C801E80A6EB0707CCBF00260126FFF70FFEEC
S31508025C90FFF714FF6B8B8045B4BF4FF000084FF037
S31508025CA001083FB2D3B901210AF1FF3AB5F91E300C
S31508025CB05FFA8AFA01FA0AF148EA46020093C9B279
S31508025CC03B46204601F02FFA2046FEF76DFC830874
S31508025CD003F548724308B2FBF3F36B832046FEF7DB
S31508025CE0A6FBC30410D5204646EA4806EAF7BCFFD7
S31508025CF002970196B5F91E3080B20093002394F8F4
S31508025D0030111A46FDF7C7F9484604B0BDE8F04710
S31508025D1006F04DB92046FEF76BFC04B0BDE8F087E5
S31508025D2010B50C46EDF768F9447610BD10B54C1E51
S31508025D30E4B2032C07D8EDF75FF906235C43005D4E
S31508025D40C0F3800010BD0020FCE7F0B585B006461A
S31508025D50EDF752F9447E054604B30623013CE4B244
S31508025D605C43035D1B0710D53046EAF77DFF002723
S31508025D70697E02232222CDE90177009780B2FDF7D8
S31508025D808AF92B5D67F3C3032B554FF480213046FE
S31508025D90EAF780FF2B7E23F002032B7605B0F0BDCF
S31508025DA070B505464FF400500E46ECF799FA0028EE
S31508025DB041D021212846FEF7BEFF00283BD02846BF
S31508025DC0EDF71AF90622731EDBB25343C35C044687
S31508025DD05A0730D500212846FEF777FB238C9842CE
S31508025DE012D9C31A9BB2208483B1A28B93428EBF67
S31508025DF00022D21A92B2A283628B93428DBF0023EB
S31508025E00D21A6283638301E012D32084A38B93B9E7
S31508025E102846FEF712FB43040DD428464FF4803178
S31508025E20EAF738FF31462846BDE87040FFF778BFE3
S31508025E30C31A013BD6E770BD2DE9F8430746EDF7CD
S31508025E40DBF8037E04465B0733D40623467E06F157
S31508025E50FF395FFA89F903FB09F900EB09083146AC
S31508025E603846B8F90220EDF7D7F8051E21D014F8FE
S31508025E70093020DA13F0010F1BD13846FEF794FBDE
S31508025E80830803F548734008B3FBF0F305EB850571
S31508025E90A3836A0031463846B8F9043012B2EEF7DF
S31508025EA01DFA30B9F11E01299EBF237E43F0020373
S31508025EB02376BDE8F88313F0020FDDE7F8B5074647
S31508025EC04FF400500D461646ECF70AFA10B9112699
S31508025ED03046F8BD21213846FEF718FF0028F6D0CD
S31508025EE03846EDF789F86B1E0446DBB20EB9828B8B
S31508025EF012BB062202FB0343294600223846B3F99F
S31508025F000430EEF7EBF906460028E1D13846FEF7EB
S31508025F104BFB830803F548734008B3FBF0F3033DD4
S31508025F20012DA3839EBF237E43F002032376237E9D
S31508025F3023F004032376CBE72326C9E72DE9F347A3
S31508025F4005464FF400500E461746ECF7C9F9A8B1B4
S31508025F503146284677B1FFF7E9FE78B92846EDF7C4
S31508025F604BF806F1FF38032E04465FFA88F808D183
S31508025F70B1460CE0FFF7DAFE0028EFD102B0BDE821
S31508025F80F087042E0CBF4FF002094FF0FF090623D3
S31508025F9003FB08F3E25C04EB030A67F38202E254AA
S31508025FA03FB1207E314600F00100FFF79BFDAAF8BB
S31508025FB00400B9F1FF0F11D0062303FB09F3E25CD3
S31508025FC0E61867F38202E25447B1207E09F101011D
S31508025FD0C9B200F00100FFF785FDB08022212846EC
S31508025FE0FEF794FE0028C9D02846FEF726FA0304CF
S31508025FF0C4D50123B9F1FF0F03FA08F10CBF002338
S3150802600003FA09F349B218BF5BB21943C9B2AFB171
S31508026010062303FB0848B8F90430012200932846F0
S31508026020002301F080F82846FEF7BEFA830803F536
S3150802603048734008B3FBF0F363839FE740F2EC43EF
S31508026040EBE72DE9F04F884685B00746ECF7D4FF13
S31508026050062308F1FF34E4B25C4340F2EC4300EB5A
S31508026060040BBBF902A005469A4525D13846FEF728
S31508026070E4F910F4103617D1012241463846FFF7E3
S315080260801DFF814680B13846EAF7EEFD02234A46ED
S315080260904146CDE90166CDF800A080B2FCF7FBFFC8
S315080260A02B5D66F3C3032B554FF48021384605B0A2
S315080260B0BDE8F04FEAF7EEBD4FF00009035D38463A
S315080260C0C3F34002C3F3000646EA4206EAF7CCFDEA
S315080260D0F6B2CDE90169BBF902304A460093414658
S315080260E0022380B2FCF7D7FF2B5D69F3C303DAE715
S315080260F010B50446ECF780FF0021062303FB01F2E4
S31508026100825C013112F0080F05D02046BDE8104026
S31508026110C9B2FFF796BF0429F0D110BD38B50C46AF
S315080261200546ECF769FF0622631EDBB25343C25CDF
S31508026130110709D442F00802C2544FF480212846B6
S31508026140BDE83840EAF7A6BD38BD0020704741F0E1
S31508026150004141F4E02101607047036861F3DB43C3
S31508026160036070477047704710B5E9F765F8837999
S3150802617000210C33C418E078E9F76AFD68B1211DDD
S31508026180FDF70AFC0446E9F75DF8E2B20023BDE82A
S31508026190104042F23501FCF7E0BE41F24204F2E752
S315080261A02DE9F041E9F748F8837900260C33C4183B
S315080261B0E778E9F741F80568E9F73EF8A7F1FE023C
S315080261C05142066051413846E9F742FD22790446B2
S315080261D090B1B0F85830DB060ED52B463146FDF79E
S315080261E08DFB0446E9F72EF8E2B20023BDE8F0413A
S315080261F042F23701FCF7B1BE2B460021204601F0D8
S31508026200A6F9EEE770B5E9F717F883790C33C418DF
S31508026210E678E9F711F80568E9F70EF80023A6F11A
S31508026220FE025142036051413046E9F711FD2279D7
S31508026230044690B1B0F85830DB060ED52B4601213C
S31508026240FDF75CFB0446E8F7FDFFE2B20023BDE872
S31508026250704042F23801FCF780BE2B4601212046E7
S3150802626001F075F9EEE710B5E8F7E6FF8379002144
S315080262700C33C418E078E9F7EBFC6168FDF7C1FB5B
S315080262800446E8F7DFFFE2B20023BDE810404FF606
S315080262901941FCF762BE10B5E8F7CEFF83790021F3
S315080262A00C33C418E078E9F7D3FC6168FDF7C2FB42
S315080262B00446E8F7C7FFE2B20023BDE810404FF6EE
S315080262C01A41FCF74ABEFE282DE9F84306468946D6
S315080262D090461F4616D00220FCF78BF9044690B169
S315080262E006221221FCF754FE1223A57920460C3504
S315080262F02544AB7085F803902E71A5F80580EF71D9
S31508026300E8F760FF0120BDE8F88300207047704770
S3150802631010B5FCF7EDFD0446FCF718FE2043C0B2A3
S3150802632010BD10B5E8F788FF83790C331844447911
S31508026330B0F80300EAF780FC60B12146EDF76AFD82
S315080263400446E8F77FFF2246BDE8104040F20641C0
S31508026350FCF728BE0224F4E770B5E8F76DFF8379E7
S315080263601844B0F80F5005F027FE04462846EAF707
S3150802637063FC80B11621FEF725FD0025204605F0AF
S3150802638016FEE8F75FFF2A46BDE8704000234FF67F
S315080263900441FCF7E2BD0225F0E7F8B5E8F74CFF41
S315080263A0847905460C340444B4F80300EAF744FC3D
S315080263B0064640B9E8F746FF0222BDE8F84042F22F
S315080263C01301FCF7EFBDAA79EB7900219B1A0C326F
S315080263D00220DBB22A44FCF74FFA014618B9E8F75D
S315080263E031FF0722E9E78379033383713046B4F82C
S315080263F00D50B4F80F70EDF7B3FC04463A46294639
S315080264003046EAF727FFE8F71DFF2246D5E738B5F3
S3150802641005F0D2FD0446FFF77BFF00280CBF0C25CA
S315080264200025E8F70FFF2A4642F20E01FCF7CBFDDC
S31508026430FCF763FD2046BDE8384005F0B8BD10B547
S31508026440E8F7FAFE83790C330344B3F80300B3F88A
S315080264500510C0B2EAF714FFE8F7F4FEBDE81040EB
S31508026460002342F224011A46FCF777BD2DE9F843C8
S3150802647081460220884617461E46FCF7BAF80446A5
S3150802648090B10A220321FCF783FD0023A579204651
S315080264900C352544EB70A5F80490A5F806802F81E3
S315080264A06E81E8F78FFE0120BDE8F8832DE9F043F7
S315080264B0814685B002200E461F469DF844808DF817
S315080264C00F20FCF796F80546002844D022222921F7
S315080264D0FCF75EFD0022AC7930460C342C4404F1FC
S315080264E00E0304F11401C4F80E209A806261228315
S315080264F000913A460DF10F01FCF70AFD9DF840306E
S31508026500A4F80490E37006F00103A3719DF80F3016
S3150802651016F0FD0FE3713B68A360BB88A3814FF6B3
S31508026520FF7304D0032E08BF43464FF0FF08BDF899
S31508026530302028466283BDF8342084F82180A2835D
S31508026540BDF838206384E2839DF83C2084F8202035
S31508026550E8F738FE012005B0BDE8F083F8B507462E
S31508026560022016461D46FCF744F8044690B10C2252
S315080265700421FCF70DFDA1799DF818300C31214450
S3150802658020468F80C1F80660C1F80A50CB70E8F73A
S3150802659019FE0120F8BD70B5064602200D46FCF725
S315080265A028F8044668B103223021FCF70AFDA379CC
S315080265B020460C332344A3F803609D70E8F702FED5
S315080265C0012070BD70B5064602200D46FCF711F88B
S315080265D0044688B104220821FCF7F3FCB5FA85F2D1
S315080265E0A37952090C3323442046A3F803605A714F
S315080265F09D70E8F7E7FD012070BD2DE9F843814655
S315080266000220884617461E46FBF7F3FF0446B0B13A
S315080266100B220721FCF7BCFCA579BDF820300C3506
S3150802662025442046A5F80390A5F80580A5F8077025
S31508026630A5F80960A5F80B30E8F7C4FD0120BDE806
S31508026640F883F8B5074602200E461546FBF7D1FF32
S315080266500446A0B10D220521FCF79AFCA37920462F
S315080266600C332344A3F80370A3F80D602A68C3F811
S3150802667005206A68C3F80920E8F7A4FD0120F8BDD9
S315080266802DE9FF41164680460F466A466D460A9C24
S3150802669003F1100E9446186859680833ACE80300EB
S315080266A073456246F6D124B90220FBF7A2FF0446D7
S315080266B008B31D22ED212046FCF760FCA3790C33B2
S315080266C02344A3F80380A3F80D702EB13268C3F8E9
S315080266D005207268C3F809200F332A4603CA59608F
S315080266E004A98A421860154603F10803F5D1204623
S315080266F0E8F768FD012004B0BDE8F08137B513213B
S31508026700827901900C328154851800220321C280B5
S31508026710FBF7D1FD0198EBF7F9F804460198FFF764
S31508026720F4FD204410F0FF0004D101A8FBF7ECFDAC
S3150802673003B030BDA8708000013068700198E8F790
S3150802674041FDF5E770B5064602200D46FBF751FFF7
S31508026750044678B104220521FCF733FC0022A3790A
S3150802676020460C332344A3F803605D719A70E8F758
S3150802677029FD012070BD13B5837901900C33C41825
S31508026780C05CEAF759FA20B901A8FBF7BDFD02B0C9
S3150802679010BD019962788B7912F0300F03F1040368
S315080267A08B714B790CBF43F0010303F0FE034B7167
S315080267B0EAF76AFFEBE72DE9F041E8F73DFD837951
S315080267C00C33C418B4F803801FFA88F0EAF734FACF
S315080267D00746E8B1A2796179FDF7F0FE0646E8F7C1
S315080267E031FD05460223324642F27A01FCF7B5FB31
S315080267F0AB791D44A5F8128066B9A37953B1384618
S31508026800FEF79AF801463846BDE8F041FFF786BC1E
S315080268100226E4E7BDE8F0814368143B4360A023FF
S315080268200B6070471AB94268A2EB530242600A68C3
S3150802683002EB83020A60704730B58842BDF80C4005
S3150802684019D8052817D9B1F5486F14D8B3F5FA7FC0
S3150802685011D240F67645A2F10A0080B2A8420AD8B9
S3150802686003FB04444C4312B26400B4EBC20F94BF58
S315080268700120002030BD0020FCE7C94350E8003F54
S315080268800B4040E80032002AF8D1704700207047D2
S3150802689008B5ECF7A3FEBDE80840EDF7F7B82DE911
S315080268A0F04104460F4600260125214686F00100DE
S315080268B0FDF7B4FD4FF48051FFF7DFFF836880468A
S315080268C03BB1028ABA420CD10022012120469847DE
S315080268D00540731C022B4FF00106E6D12846BDE897
S315080268E0F0810268D10502D500221146EEE7930728
S315080268F0EFD52046FDF7DBFD02460028E9D1052142
S31508026900D8F80830E2E708B5FDF7A2FD00230380B0
S31508026910436008BD38B504460D46FCF7E8FB294630
S315080269202046BDE83840EAF7AFBE10B5837904467B
S315080269300344187BECF742FE01462046FBF7BBFCF4
S31508026940A0790C30204410BD07B540F20332C2804C
S3150802695042798DF8071042F0030242710DF10701E0
S315080269600122FBF7B4FC03B05DF804FB70B50C46D4
S315080269700546072120461646FFF7E6FF2046FFF79B
S31508026980D4FF214646702846BDE87040FFF7C2BFCD
S3150802699038B50C4600210546FDF797FD47F6FE7306
S315080269A0241AA4B29C4205D928462821FEF7F3F9EF
S315080269B0002038BD0120FCE738B504460D460146DD
S315080269C00020FDF72BFD03689B0505D429462046C2
S315080269D0BDE83840FFF7DCBF002038BD2DE9F0419D
S315080269E015461F469DF81880FDF718FD044605F062
S315080269F0E3FAB8F1010F064623D154E8003F43F4FF
S31508026A00807344E80032002AF7D105B354E8002F10
S31508026A1042F4007244E80023002BF7D1FF212046F6
S31508026A20FFF72BFF54E8002F48EA020244E8002346
S31508026A30002BF7D13046A5602782BDE8F04105F064
S31508026A40B6BA4FF480712046FFF717FFDDE74FF419
S31508026A5000712046FFF711FFE0E773B506460120ED
S31508026A600C46FDF7DBFC002305461A460093214631
S31508026A703046FFF7B3FF6B6863B14FF48071204667
S31508026A80EAF708F955E8003F43F4007345E800328F
S31508026A90002AF7D105F090FA05462046FDF7D8FCFC
S31508026AA028B103881BB14FF40070FEF78FFA284607
S31508026AB002B0BDE8704005F07ABA38B505460C460C
S31508026AC0FDF7ACFC83684BB10221204600229847A9
S31508026AD021462846BDE83840FFF7BFBF38BD012921
S31508026AE038B505460C4608D0CC1E012C03D80146FB
S31508026AF00120FFF7E2FF012038BD2221FDF7E2FC63
S31508026B0020462946FFF7D9FF0020F5E708B5FDF725
S31508026B1085FC006800F0F00008BD10B50146044681
S31508026B200120FFF7F3FF20B92146BDE81040FFF721
S31508026B30EDBF10BD70B506460D4601460120FDF7AC
S31508026B406DFC314604460020FDF768FC226803689E
S31508026B5042EA0301C90523D4920549BF248A4FF69E
S31508026B60FF74641BA4B29B0554BF4FF6FF73038AD6
S31508026B70304644BF5B1B9BB29C42A8BF1C46FCF72F
S31508026B8012F9002804DB411B89B28C42A8BF0C46C5
S31508026B904FF6FF739C4208BF4FF0FF34204670BD84
S31508026BA00124FBE72DE9F341044601910146012040
S31508026BB01546FDF733FC214606460020FDF72EFC56
S31508026BC080462046FDF733FC010706D501A8FBF7E8
S31508026BD09BFB0C2002B0BDE8F08105F0EDF93368A5
S31508026BE007469A0503D4D8F800309B0509D50199BA
S31508026BF0301D8D60FBF722FC384605F0D8F90020D7
S31508026C00E8E705F0D4F920460199A847E2E738B53E
S31508026C10014604460120FDF701FC05460C30FBF748
S31508026C2073FB281DFBF770FB21460020FDF7F6FBD8
S31508026C3004460C30FBF768FB201DBDE83840FBF71D
S31508026C4063BB70B5014605460120FDF7E7FB06461C
S31508026C500430FBF7E0FB044670B14FF4007130468E
S31508026C60FFF70BFE21462846A368984720B120461F
S31508026C70BDE87040E6F770BF70BD00238260C0E9C8
S31508026C8000310373704708B50B4601461846FDF7EF
S31508026C90C5FB4078C0F3400008BDFFF720BFCB1EF6
S31508026CA0012B70B504460D46164606D81A21FDF77D
S31508026CB009FC40212046E9F7EDFF324629462046DF
S31508026CC0BDE87040FFF70BBF38B504460D46FDF721
S31508026CD0EEFB28B1012D04D122212046FDF7F2FB55
S31508026CE0002038BDF8B50C468B7907460B44D3F815
S31508026CF00D60D3F811303246EAF71EFC0921204608
S31508026D00FFF722FE2046FFF710FEA579EBF76EFB8A
S31508026D100C3566F0FF0625440640C5F80160EBF718
S31508026D2065FB3846C5F805102146FFF7F3FD022133
S31508026D303846ECF77FFCF8BD70B50E4605460146A7
S31508026D400020FDF76BFB012E044603D0022E11D05C
S31508026D50012070BDC16828468B7919440D31FDF7AB
S31508026D6025FCE068E6F7F8FE00202946E060FFF712
S31508026D7074FEEDE7C068E6F7EFFE0023E360E7E797
S31508026D8038B50D46044601460120FDF747FB012D9D
S31508026D9008D100F112012046FDF708FC21462846D3
S31508026DA0FFF75BFE012038BD08B5FDF746FB00F08C
S31508026DB0010008BD38B50C4602210546FDF73FFB22
S31508026DC00C212046FFF7C0FD2046FFF7AEFD4FF027
S31508026DD0FF3383700223C3700F234370602303714A
S31508026DE00623214643712846BDE83840FFF792BD7F
S31508026DF0F8B50C460546FDF71AFB00F0010787F0C1
S31508026E00010729463846FDF709FB012C0646C068E4
S31508026E1003D0022C21D00120F8BD83790C33C41883
S31508026E2023892846E288A188FDF779FC6188627879
S31508026E3049005200284689B2FDF719FBF068E6F7C1
S31508026E408BFE002328464FF48031F360FDF7FBFAE8
S31508026E5029463846FFF701FEDDE7E6F77DFE002301
S31508026E604FF480312846F360FDF7EDFAD3E704299B
S31508026E7010B5044601D0002010BDFDF7D8FA00F07F
S31508026E800100C0F10200EBF72BFA0028F3D1FBF759
S31508026E90B0FB014608B90220EEE72046ECF784FF6C
S31508026EA00028F8D10120E7E72DE9F0410F4604460C
S31508026EB09046FDF7BCFA00F0010585F0010521466A
S31508026EC02846FDF7ABFA012F064603D0032F0FD04B
S31508026ED001200BE02046FEF75FFD22212046FDF742
S31508026EE0F1FA28462146FFF7E8FD0020BDE8F081C1
S31508026EF0C068E6F731FE00232046F360FEF74CFD34
S31508026F00204698F80410FDF7DDFA20462021E9F715
S31508026F10C1FE21462846FFF7D0FDD9E7F7B5014657
S31508026F2004460020FDF77AFA054600F112074FF4E7
S31508026F308060EBF7D5F950B92046E9F795FE3A464F
S31508026F40698B80B203B0BDE8F040FFF77ABB2046F2
S31508026F50E9F78AFE064620466D8BFDF766FA002299
S31508026F600346009229463A46B0B2FFF789FB03B0B8
S31508026F70F0BD83781A2B09D81B2383700288B2F5D1
S31508026F80A47F07D24FF4A473038007E0FB2BF5D93D
S31508026F90FB23F2E744F290239A42F5D870472DE98B
S31508026FA0F04304468A884E888B790D88C97987B05A
S31508026FB043EA012303A8ADF80C308DF80E20EDB292
S31508026FC0FFF7D7FF04A8BDF80C909DF80E80ADF820
S31508026FD010608DF8125005A9FFF7CBFF2046BDF8C1
S31508026FE010709DF81260FDF703FF0B212046FDF78E
S31508026FF0BCFE40F6480544F29023002818BF1D46F9
S315080270004346BDF814209DF816104D45D4BF009589
S31508027010CDF80090FB2BA8BFFB23BA42A8BF3A467D
S31508027020B142A8BF31462046FDF703FC07B0BDE8CA
S31508027030F08337B5144605461046FFF785FC204609
S31508027040FFF773FC01A904462846FDF7D1FE0B217A
S315080270502846FDF78AFE6FF004036370002344F2A4
S315080270609022A37040F64803002818BF1346A4F8D6
S3150802707003309DF80630A4F80530BDF80430A4F8AC
S31508027080073003B030BDFFF72ABD022973B505469E
S315080270900C4603D00024204602B070BD0521FDF738
S315080270A035FE0028F6D0EAF7F1F81B28F2D94FF494
S315080270B00040EBF715F90028ECD1FBF79AFA0646D9
S315080270C00028E8D0284601A9FDF792FE314628464F
S315080270D09DF80630BDF80420EDF7B0F80028D9D19E
S315080270E00124D8E7012910B504460FD0033901292E
S315080270F00AD8FEF72AFE4FF480412046FDF7A3F987
S3150802710021460120FFF7D9FC012010BD2221FDF7F7
S31508027110D9F94FF480412046FDF795F92046FEF746
S3150802712014FE0020F1E72DE9F0478A46222180461F
S3150802713015461F46BDF92090FDF7E8FD60B302200B
S31508027140FBF757FA064648B32521FFF7FDFB3046FB
S31508027150FFF7EBFB6B0003F00203C5F340051D4383
S3150802716085700A2540F2EC4397FBF5F799450446E4
S3150802717080F801A0C7700DD04846E7F7CBFF90FB11
S31508027180F5F35BB2404631462371FFF7C3FB002095
S31508027190BDE8F0877E23F5E71120F9E70720F7E730
S315080271A07FB54A1E042A03460E464FF0000451D8FC
S315080271B0012902D1008804B070BD022905D10088D0
S315080271C05B88984238BF1846F5E74A00014601A887
S315080271D0ADF80440ADF80640ADF80840ADF80A40EF
S315080271E0ADF80C40FAF761FD032EBDF80400BDF8B0
S315080271F00650BDF8081030D0042EBDF80A3035D036
S31508027200A84298BF2C46BDF80C209CBF05462046CE
S31508027210934202D814461A462346AA4238BF2A4639
S31508027220834228BF034698B2814222BF0B460146D3
S31508027230184692B2904228BF104680B2884238BF9A
S315080272400846B8E723464FF6FF72E3E71A464FF6B3
S31508027250FF73E2E74FF6FF70ADE7A842F2D82B4676
S315080272602246054618464FF6FF73D6E7A842EDD8DA
S315080272702A4605461046E6E7F7B54A1E062A054691
S315080272800C464FF0000300F28680012903D190F9DB
S31508027290000003B0F0BD022907D190F9000095F964
S315080272A001309842B8BF1846F3E70A46033C01463E
S315080272B068468DF800308DF801308DF802308DF869
S315080272C003308DF804308DF805308DF80630FAF75C
S315080272D0ECFC9DF900309DF901509DF902609DF97B
S315080272E00500032C41D8DFE804F0594743027F2200
S315080272F098429DF9044044DB9DF903108B42DEBF98
S315080273000F4619463B46AA4202DA2F4615463A4620
S31508027310A642DEBF274634463E468D42B8BF0D46D4
S315080273209842A2BF014618460B469442DEBF114652
S3150802733022460C468242B8BF024652B2A242A8BFB1
S315080273402246B342A8BF33466DB258B28542DCBF65
S315080273500346284652B2D8BF1D469042B8BF1046C9
S3150802736040B2A842A8BF284693E79DF90620BFE780
S315080273707F226FF07F00BBE77F226FF07F04104603
S31508027380BAE7194603460846B6E77F206FF07F013B
S3150802739002460C46BCE76FF07F007AE713F1800FCE
S315080273A0F3D17F221C4619461046B1E72DE9F04172
S315080273B0446B05460E4604B9846B2B6AC3F3402018
S315080273C09B052ED50CB9EB6A4BB32846FCF798FCFD
S315080273D02B6AC3F30052904211BF01205F0D87EA60
S315080273E0935707F0010007469CB194F80680284691
S315080273F008F10C08A044FCF774FC98F8023013F064
S315080274003F031CBF98F80330C3F340032FB9584013
S31508027410C0B206B13460BDE8F0810120F9E7204622
S31508027420F9E7002CD1D1F6E7F7B5026A05469205C7
S315080274300B460CD5C26A52B1FCF7BBFC0446F0B93E
S315080274402846E8F73BFA0024204603B0F0BD00269A
S31508027450184601A90196E8F7D7FF044678B905F157
S315080274602C073846FAF750FF019B2846EB62FCF7D1
S31508027470A0FC044648B13846FAF746FFEE6241F2E6
S315080274800703192C08BF1C46DEE72B6A43F40023C0
S315080274902B62D5E7B0F85830024613F0020013D033
S315080274A0C3F30010DB060ED4D36B0BB9136C5BB1B6
S315080274B09A790C321344987810F03F0004D0D878A1
S315080274C0C0F340007047002070472DE9F341054696
S315080274D0C06B10B9286C002837D04FF0000801A9F4
S315080274E0CDF80480E8F790FF044600BB05F13C0797
S315080274F03846FAF709FF05F13006EC6305F1400054
S31508027500FAF702FF30462C64FAF7FEFE019B28467C
S315080275102B63FCF7BFFC044668B13046FAF7F4FE63
S3150802752041F20703192C08BF1C46C5F830802046CD
S3150802753002B0BDE8F0813846FAF7E6FE2B6C304613
S31508027540C5E90F34FAF7E0FE2C630024EFE72DE9CC
S31508027550F04385B0894617460546039340B903A802
S31508027560FAF7D2FE41F24204204605B0BDE8F0839E
S31508027570022910D1C06C28B903A8FAF7C5FE41F250
S315080275800C04F1E71946FBF79FFC002800F08680F9
S3150802759040F48054E8E739B101292DD003A8FAF757
S315080275A0B3FE41F21204DFE74FF4007800F12C062D
S315080275B0B5F85830980704D5B9F1000FEED09907F7
S315080275C002D4B9F1010FE9D0039B42460093314632
S315080275D03B462846FCF73EF904460028C4D13068E3
S315080275E0FAF721FF40F2726398420AD93046FAF74F
S315080275F08BFE41F20704B7E74FF4806800F13006C4
S31508027600D6E7B9F1000F0BD1BF2809D9B5F858301A
S315080276109A0705D03046FAF777FE41F24504A3E702
S3150802762031462846FCF73AF9044600289CD1BB079E
S315080276302FD595F8743095F8739003F00F02B8F5C4
S31508027640007F49EA022915D02846FCF723FC04469E
S31508027650F8B195F87430304623F00F0343EA19233C
S3150802766085F8739085F87430FAF74EFE192C7FF474
S315080276707BAFBEE709F1010285F8732023F00F03F9
S31508027680C2F303221343284685F87430FCF791FBAC
S31508027690DDE73A4641462846FCF72BF9002463E71C
S315080276A070B5044604F088FC002106462046E8F731
S315080276B0CFFA054628B90024304604F078FC20465D
S315080276C070BDC06C30B9286D0028F4D0FBF733FCC6
S315080276D00446F1E7FBF7F5FB04460028ECD1F2E78E
S315080276E0FCF767BC002208B511461046FBF75EFB9D
S315080276F008BD002238B50D46044611461046FBF76A
S3150802770055FB3DB1A07FFBF748FB0021024604204A
S31508027710FBF74CFB38BD10B504460620E2F702FB20
S315080277200122014623461046E4F7EEF908B1002382
S31508027730236010BD07B50421019001AA40F2074053
S31508027740EFF768FC03B05DF804FB70B506460D4614
S315080277501C461BB98A420BD06FF083042946304671
S3150802776000F0DCF82046FFF7E5FF40F2074070BD5F
S3150802777000F0BAF82046FAE72DE9F347002407464F
S3150802778068468846164699460094FFF7C4FF05469A
S3150802779020B13460284602B0BDE8F0873268DDF8C9
S315080277A000A0002A3AD0DAF80430CAF81420DAB26D
S315080277B02AB923F0FF0343F00103CAF8043001246F
S315080277C0F9F78CF90A9B44EA00240098CAF804409F
S315080277D014F0FF0408BFCAF81440C360BDF82C3081
S315080277E0C0F8089003800C9B438000230193BFB125
S315080277F04246394601ABDFF773FB0446009F38461B
S31508027800F8F782FA384604F0A4FE6CB10023204643
S315080278103360FFF78FFF40F20745BBE70446CFE721
S3150802782001A9DFF789FCE8E7019B3360B2E708B5EF
S31508027830DFF7B6FC18B1FFF77DFF40F2074008BD37
S3150802784008B5F8F771F810F1880F05D018B1FFF7E7
S3150802785071FF40F2074008BD0020FCE708B5F8F7BB
S31508027860EFF818B1FFF766FF40F2074008BD2DE9A9
S31508027870F3414FF00008076801AB10220446384668
S315080278800D46CDF80480F8F7FDF806463846F8F7AF
S31508027890B9F8384604F05DFE334610212846019AA7
S315080278A0C4F80080FFF751FF02B0BDE8F08138B591
S315080278B0056804462846F8F7A5F8284604F049FE5E
S315080278C00023236038BD70B505460E46F8F71CF945
S315080278D0044640B13146284600F020F82046FFF714
S315080278E029FF40F2074070BD0B4630B5421E0844D8
S315080278F0CC1AA34200D830BD12F8014F10F8015D28
S31508027900013B15700470F3E70A4401388A4200D134
S31508027910704712F8013D00F8013FF7E700230144DA
S31508027920884200D1704700F8013BF9E7002070470A
S3150802793083790C331844704710B50446A1F1140034
S31508027940FAF771FD201A20EAE07080B210BD70B510
S315080279501C460D461646FFF7EFFFA04207D32246FE
S315080279603146A5F11400FAF74CFF012070BD00203C
S31508027970FCE773B506460C46104601929AB90A46C2
S315080279800821FAF7A6FE019028B9224608212920DD
S31508027990FAF79FFE0190019818B183790C331844BF
S315080279A0067002B070BD01A8FAF735FD054601A8B2
S315080279B0FAF7AAFC2246082128460195FAF775FF26
S315080279C0E9E72DE9F0411646069A074688461D4616
S315080279D0FFF7CFFF0446F8B114382A463146069017
S315080279E0FAF70FFF854218D9069B06A81C7904F0F8
S315080279F02004FAF789FC7CB9424608212920FAF7BD
S31508027A0068FE069040B12A463146FAF7FAFE8542E2
S31508027A1006D906A8FAF778FC00242046BDE8F081C4
S31508027A20069A93790C33D418D754F6E711B1143958
S31508027A30ECF7D6BF1A20704738B5002204460D4621
S31508027A4002200321FFF795FF014608B1A0F801506D
S31508027A502046BDE83840FFF7E9BFF8B504460F46A9
S31508027A60164605210120069A1D46FFF782FF0146A2
S31508027A7038B14770468005712046BDE8F840FFF7E1
S31508027A80D5BFF8BD38B50D46032104460846FFF7AB
S31508027A9070FFA0F8015001462046BDE83840FFF7BE
S31508027AA0C5BF73B50546084611466C891A46641A57
S31508027AB0BDF81830A4B29C4228BF1C46079B089EF4
S31508027AC000932346FFF77DFF014630B128463480EE
S31508027AD002B0BDE87040FFF7A9BF1A2002B070BD18
S31508027AE0012110B5002204461320FFF742FF014682
S31508027AF020B12046BDE81040FFF798BF10BDF7B584
S31508027B004489054618460F4616460193FAF78BFC32
S31508027B10053CA4B2844203DA011B01A8FAF7CEFC9B
S31508027B2005210198FAF769FD014628B901A8FAF76D
S31508027B30EBFB1A2003B0F0BD83790C33C218172069
S31508027B40C8542846A2F80170A2F80360ECF748FF69
S31508027B50F0E7012110B5002204461920FFF709FFB4
S31508027B60014620B12046BDE81040FFF75FBF10BDB1
S31508027B7073B50E46002144890546033CA4B2A342C6
S31508027B80009128BF234603211B20FFF71AFF01464F
S31508027B9078B110F80F3CA0F8016003F00F0343F028
S31508027BA0100300F80F3C284602B0BDE87040FFF704
S31508027BB03DBF1A2002B070BD73B50E460021448936
S31508027BC00546033CA4B2A342009128BF23460321DB
S31508027BD01D20FFF7F6FE014638B1A0F801602846D7
S31508027BE002B0BDE87040FFF721BF1A2002B070BD8F
S31508027BF04B88042B07D1836C08885B8998428CBF13
S31508027C000020012070470020704710B5044680699D
S31508027C1020B10021EEF784FF0023A36110BD07B54A
S31508027C2001228DF807100DF10701FAF7EAFD03B0F4
S31508027C305DF804FB73B505464FF428500C4601F06F
S31508027C404EF8064600F0F8FD90B3022C02D8002042
S31508027C5002B070BD002031460DF105030DF1060292
S31508027C60ADF8060000F00EFFBDF80630621E9A4215
S31508027C70064619DC072CEAD9023CA3B20824ADF859
S31508027C8006300133D9B22846FFF7C9FF21462846EE
S31508027C90FFF7C5FF31462846BDF80620FAF7B1FDBB
S31508027CA0BDF806000230D3E7002BD0D00924E8E756
S31508027CB04FF0FF30CCE702292DE9F34104460D4681
S31508027CC01746184603D8002002B0BDE8F08101F035
S31508027CD006F8064600F0B0FD0028F4D04FF000087A
S31508027CE031460DF105030DF106024046ADF8068050
S31508027CF000F0C8FEBDF80630BDF8202006469342BD
S31508027D0028BF1346AB4228BF2B469DF80500ADF89F
S31508027D100630C0B9002BD7D001339AB2AA42D3D2C1
S31508027D20D9B22046FFF77BFF39462046FFF777FF91
S31508027D3031462046BDF80620FAF763FDBDF806006F
S31508027D400230C0B2C0E74046BEE707B501A9ECF764
S31508027D5023FF38B9019B93F82500C0F3800003B0CE
S31508027D605DF804FB0020FAE7002008B5ECF79AFF55
S31508027D7008B9FF2006E0C37B012BF7D1436ADB066D
S31508027D80F4D5007808BD37B50D4601A91446ECF7B7
S31508027D9003FFA0B9019A536A13F010000DD0C3F37A
S31508027DA0C0232B70D27B0120531E042B8CBF0023C9
S31508027DB00123032A08BF0023237003B030BD002025
S31508027DC0FBE738B5436A0446580705D500232078E9
S31508027DD01A461946EEF7F2FC636A990706D5204653
S31508027DE0ECF7EEFE636A23F0020363621A0719D5FB
S31508027DF0E5799B04C5F3C0022DD4532D2DD0A5F1E8
S31508027E00140CDCF1000545EB0C05214611F8010BB3
S31508027E10EEF776FCF0B9636A0DB343F4802323F0D8
S31508027E2008036362D80614D513F400651AD02046EF
S31508027E3000F021FA70B9636A590736D45B0308D58C
S31508027E40214611F8010BEEF7CDFF636A23F480236E
S31508027E506362002038BD0025D7E70125D5E723F45C
S31508027E608023DCE71A060FD5E37B03F0FB03012B1D
S31508027E70E1D021692078EEF769FC636A256123F06F
S31508027E80800363620028E5D1E27B023A012AD2D84E
S31508027E90D805D0D561692078EEF774FC00236361B2
S31508027EA0636A23F480736362C4E7E17BA28D0129C6
S31508027EB003D192B1802A28BF802259064CBF0123DA
S31508027EC094F8303001212078EEF778FC0028C1D1E9
S31508027ED0636A23F004036362B0E74022EDE72DE903
S31508027EE0F04F054600F1100987B0484605F1140817
S31508027EF00C461646FAF708FA4046FAF705FA00203B
S31508027F00FAF777FB0390002800F0EB80012E40F287
S31508027F10726618BF1F26012C6BD0022C0CBF0624D2
S31508027F2004240221FFF77BFE01210398FFF777FE5F
S31508027F3021460398FFF773FE0398FAF774FA0123AA
S31508027F4084B2311B0A22009389B242F607230398A8
S31508027F50FFF7B1FE04230444A4B2311B0093122294
S31508027F6042F60423039889B2FFF7A5FE00EB040A3A
S31508027F701FFA8AFA039BA6EB0A07012F04933ADC37
S31508027F80002401F0B3FE002840F0A580391B0398AF
S31508027F9089B2FFF74FFE04464846039FFAF7B4F93B
S31508027FA06B6A2F6143F0800203F4006323436A621B
S31508027FB015D101F09BFE90B9FAF71BFB039070B13D
S31508027FC03146FFF737FE002840F387804046039C78
S31508027FD0FAF79AF96B6A6C6143F480736B62686AA2
S31508027FE010F0100002D02846FFF7EBFE07B0BDE8F6
S31508027FF0F08F052495E70020FAF7FBFA059000288A
S31508028000BED00221EDF75CFCB41EA4EB0A04A4B2AE
S315080280108442824654D224F001011FFA81FB411A96
S3150802802005A8DA46FAF74AFA4FF0020BBAF1000F38
S3150802803014D00AF101010498C9B2FFF7F0FD5946B6
S315080280400498FFF7ECFD059904A8FAF7B0FA0020A0
S31508028050FAF7CFFAA4EB0A040590A4B20598002809
S3150802806034D0022C38BF0224023CA4B20F2C2DD9DC
S315080280701021EDF725FC8442834624D224F00F0111
S315080280808CB2411A05A8A346FAF718FA06240BF188
S3150802809001010498C9B2FFF7C2FD21460498FFF709
S315080280A0BEFD059904A8FAF782FA0AF102035B44AF
S315080280B09BB2BAF1000F01D002339BB21C4660E7AD
S315080280C04FF0030BB2E708B10724E0E705A8FAF771
S315080280D01BF95346EDE700245EE703A8FAF714F9FD
S315080280E07DE71A2082E713B50C4601A9ECF754FD81
S315080280F0024640B9022C06D82146019802B0BDE8CC
S315080281001040FFF7ECBE212002B010BDF7B50E46AF
S3150802811001A915461F46ECF73FFDF8B94FF6DF737E
S31508028120A6F120029A4219D8A5F120029A4215D838
S31508028130AE4213D8019CE369B34202D1236AAB4229
S3150802814005D0636AC4E9076543F0020363629DF8D2
S315080281502030A78584F8303003B0F0BD2120FBE734
S3150802816037B590F8393004465B070D462BD4ECF741
S315080281707DFC6B1E042B14D8032D12D0E379142B25
S3150802818023D0A3696BB9684600F0A6F9ECF7C2FFDB
S315080281906946EEF73BFC18B91A25284603B030BDE6
S315080281A0A061636AE57343F0160320466362FFF72C
S315080281B008FE054618B12046FFF727FDEDE72078A9
S315080281C001F092FDE9E70225E7E72125E5E707B58C
S315080281D001A9ECF7E1FC30B90198C17B03B05DF85F
S315080281E004EBFFF7BDBF03B05DF804FB37B50C46D9
S315080281F001A9ECF7D1FCE0B9052C1AD8019D28692A
S31508028200FAF711F91F2814D86869FAF70CF91F2822
S315080282100FD8012C0DD0231F012B0AD92146284637
S315080282206B6A23F404636B6203B0BDE83040FFF760
S3150802823097BF212003B030BD37B5FFF795FDFF285C
S31508028240044616D001A9ECF7A7FC90B9019D204671
S315080282506B6A23F010036B6201F047FD2846FFF7AD
S31508028260D4FC204605F1340103B0BDE83040EEF7F0
S3150802827099BD03B030BD436A10B5044613F08000B9
S315080282800CD0E37B2078032B216908D1EEF77AFA22
S3150802829000232361636A23F08003636210BDEEF74D
S315080282A055FAF5E773B504464A7968460D46063126
S315080282B0ECF772FFDDE90001A4F85010090C11F081
S315080282C0800FE06484F8521004F1530312D001229D
S315080282D0184605F11201ECF75FFF0C35284601F046
S315080282E070FC28B10122294604F15A00ECF754FF22
S315080282F002B070BDB4F8501094F85220C4F8530076
S3150802830099809A71E9E7002337B580F8723040F60A
S31508028310FF73A0F86E3083680446DA040D46C1601E
S3150802832010D443F480636A46A36040F203212046D0
S31508028330CDE9004502F0B2FB00212046EEF7F0FB3C
S3150802834003B030BD90F87600FFF741FFA36823F427
S315080283508053E8E71FB590F87420044602F001033B
S3150802836001908DF808300BB102F002038DF809303E
S3150802837094F8753020468DF80A30039101F0BFFB58
S315080283804FF4017101AA204602F088FB2046EEF757
S315080283903FFC04B010BDEEF79BBB0A460021EDF781
S315080283A0D9BF427A38B5C2F380120446B0F86E00D5
S315080283B00D46EEF745F820B9A3681DB143F40053FC
S315080283C0A36038BD23F40053FAE710B50446B0F8A3
S315080283D00300EEF759FB38B1617909B141F48051CE
S315080283E0BDE81040FFF78FBF10BD10B50446B0F8C0
S315080283F00300EEF749FB38B1A17809B141F480517F
S31508028400BDE81040FFF7A6BF10BD10B50446B0F888
S315080284100300EEF739FB90B1627990F874305AB1DD
S3150802842043F0010380F87430A17809B141F4805110
S31508028430BDE81040FFF78EBF03F0FE03F2E710BD5A
S3150802844010B504468088EEF71FFBB8B1E278AAB9E0
S31508028450E179A27942EA0122A0F86220E17AA27AB7
S3150802846042EA0122A0F86420227A617ABDE8104025
S3150802847042EA0122A0F86620EEF7CABB10BD10B583
S3150802848004468088EEF700FB20B1A179BDE81040CA
S31508028490EEF7E0BB10BD532838B505460C4604D1A5
S315080284A0BDE83840084601F023BC06212046FFF7FE
S315080284B00AFA60B96379142D03F03F02627104D097
S315080284C0722D07D163F03F036371A57138BD40F27F
S315080284D00740FBE72120F9E70023036083808371C5
S315080284E0704710B5044660B1806C50B1ECF7BEFE19
S315080284F0A06C0028FAD12046BDE810400321EEF709
S315080285000FBB10BD438907B58B420CD050F80C2B14
S3150802851040F2014192F87020ADF806308DF8042039
S3150802852001AA02F0BBFA03B05DF804FB436943F003
S31508028530040343617047436923F0040343617047A8
S31508028540007DC0F38000704747F23053002200686E
S31508028550F6F76CBF006802F034BA38B543690446C8
S315080285609B070D4603D540F20941FFF7F3FFECF7E7
S315080285704FFA08B1A3691D702046BDE8384040F29B
S315080285800941FFF7E1BF07B5027C012A09D001229A
S31508028590027440F20942914206D040F20A429142DE
S315080285A00ED003B05DF804FB4FF4816150F80C3B22
S315080285B001AA93F870308DF8043002F06FFAF0E7EA
S315080285C050F80C3B01AA93F870308DF80430F4E7A2
S315080285D038B522F000430D46114640F20322934273
S315080285E004461AD0B3F5017F09D240F2012293421A
S315080285F013D040F20222934209D0002038BD6FF40C
S3150802860081621344012BF8D8FFF7BDFFF5E700F0A6
S3150802861034F9204601F046F9EFE763699B0704D56A
S3150802862040F209412046FFF795FF2846FFF759FF12
S31508028630E3E708B500B10068EEF742FA08B903465F
S3150802864002E0836C002BF7D0184608BD10B5044625
S3150802865042F62A3000F043FB031B5842584110BD2C
S31508028660022806D142F62A330888C31A58425841C4
S3150802867070470020704710B5044642F6293000F0CC
S315080286802EFB031B5842584110BD90F8200000F0FB
S31508028690010070471FB504466846ECF70BFF102227
S315080286A0694604F1210002F036F8B0FA80F0400972
S315080286B004B010BD08B5FFF7EDFF80F0010008BD54
S315080286C070B5044600F1210591B92846ECF7F2FE89
S315080286D0236893F8750001F0A2FA78B120682B4650
S315080286E0BDE8704010220D2190F8750001F095BA88
S315080286F0102200212846F9F7CDFAE9E770BD38B508
S315080287000446002390F8202041FA03F0C50703D453
S3150802871042FA03F0C0071ED40133082BF4D101F044
S31508028720010523682A4384F8202093F8750001F08E
S3150802873076FA40B1234653F8200B01220C2190F811
S31508028740750001F06AFA0DB9002038BD00212046ED
S31508028750FFF7B6FFF8E71320F7E778B14B1C0CD002
S315080287603F290ADC00EBA10090F8310001F0030171
S315080287704900084100F0030070470020704710B511
S315080287800368044693F8750001F049FA50B1234686
S31508028790BDE8104053F8310B10220B2190F87500F2
S315080287A001F03BBA10BD10B590F87430DB0706D459
S315080287B090F87530FF2B14BF0F20052010BD847C5E
S315080287C001F0C1F9844234BF0C200020F6E7F8B55F
S315080287D0044642F6021642F603070134A4B22046BC
S315080287E0EDF748F8054670B1EDF714F858B1284682
S315080287F000F0B4FBB04204D1287AC31F584258414C
S31508028800F8BDB842E9D10020FAE71FB50446684622
S31508028810ECF750FE2046EDF72DF86A46C368063394
S31508028820144603CC596004A98C421860224603F107
S315080288300803F5D104B010BD08B5EDF71BF808B169
S31508028840ECF7E8FFC0B208BD013810B580B2EDF703
S3150802885011F8044608B9002010BD408800F06FFBE5
S315080288600028F8D0207BF7E708B5EDF703F818B12A
S31508028870007AC31F5842584108BD70B5054655F8D7
S31508028880213B044693F8750001F0C9F920B9284638
S31508028890BDE87040ECF70EBE234653F8310B1022A2
S315080288A00B2190F8750001F0B6F9234653F8200B10
S315080288B001220C2190F8750001F0ADF920682B46CB
S315080288C0BDE8704010220D2190F8750001F0A3B999
S315080288D001302DE9F04185B228460E46ECF7CAFF6B
S315080288E042F60217044642F603089CB12046ECF704
S315080288F091FF78B1204600F031FBB84205D10EB19E
S3150802890023883380607BBDE8F081204600F026FB91
S31508028910404502D14FF0FF30F5E70135ADB22846A2
S31508028920ECF7A8FF0446E0E7F8B5064608460D4602
S315080289301746FFF74CFF044658B939462846FFF74B
S31508028940C7FF431C014606D03046BDE8F840FFF78C
S3150802895004BF0320F8BD2046FCE770B50546084665
S315080289601446ECF787FF064608B9012070BDECF7F6
S3150802897051FF0028F9D0E3071FD4A0073DD46307A7
S3150802898040D5B38858073BD5B38813F4E06002D0C4
S315080289902868FFF708FFB388990540D50028E5D16E
S315080289A02A6892F8742092071AD55B052DD52B688A
S315080289B093F87530FF2B28D11DE0B388D90731D536
S315080289C013F0700002D02868FFF7EDFEB3889A0606
S315080289D008D50028CAD12A6892F87420900703D4C9
S315080289E00520C3E70028C1D15906C6D52B6893F8D6
S315080289F07530FF2BC1D10820B8E7B3889A07BED4D1
S31508028A000320B3E714F0060FBED114F40060ADD00C
S31508028A10B38813F4006F0CBF06200020A6E70028CF
S31508028A20A4D1C2E70220A1E738B504460846ECF706
S31508028A3021FF054608B9012038BDECF7EBFE0028F0
S31508028A40F9D0AB8813F4E04002D02068FFF7ABFEFA
S31508028A50AB88990408D50028EED1226892F87420CA
S31508028A60920703D40520E7E70028E5D113F48040EE
S31508028A70E2D0236893F87500A0F1FF0358425841E3
S31508028A80C000D9E72DE9F0474FF00009044683F8FC
S31508028A9000900846A2F80090884616461D46ECF74E
S31508028AA0E9FE074620B9012300202B70BDE8F087AE
S31508028AB074B1ECF7AFFE0028F5D04046FFF7DBFDB0
S31508028AC030B1012385F8009004F120003380EDE7E8
S31508028AD02B46324639462046BDE8F047ECF776BCC7
S31508028AE070B516461C460D4609B9012070BDF0B987
S31508028AF0297A072907D8DFE801F0042225282A045B
S31508028B0004200320F2E70022BDF910309342B8BFD1
S31508028B101346B3421DDB022908BFEB6804EB0600C5
S31508028B2008BF5B889842CCBF0D200020DEE70846C6
S31508028B30ECF770FE0028DBD1D7E78020D6E7EB6892
S31508028B405A88E1E7EB689A88DEE70222DCE7062024
S31508028B50CCE70720CAE72DE9F043064685B0084662
S31508028B60894690460393ECF785FE044638B903A86E
S31508028B70F9F7CAFB0127384605B0BDE8F083ECF7DA
S31508028B8049FE0028F3D0039888B1F9F74CFC85B260
S31508028B904FF0FF334246009321462B463046FFF7F5
S31508028BA09FFF074628B103A8F9F7AEFBE3E7054698
S31508028BB0EEE7207A022827D003282AD0012841D1B5
S31508028BC0E06806303B462A4603994044F9F792FB89
S31508028BD0002EE8D0237A032B36D103A8F9F794FBA3
S31508028BE000212046ECF7FEFD002836D00588617B79
S31508028BF03046FFF7B2FD0122034629463046CDF834
S31508028C00009000F0A5FCB6E7E06805EB0803838050
S31508028C10D7E7039B9A79D979891AC9B24D1E012DCC
S31508028C201FD8134402291A7B04BF5B7B42EA03223C
S31508028C30237B32EA030315D101233046617BECF725
S31508028C409BFBC5E7002EAED0039B494600933046F0
S31508028C504346327F00F062FC8DE709F1FF35ADB27B
S31508028C60C5E70D2007469EE7884270B504460D46BD
S31508028C70164611D8012838BF01242046ECF7FAFD1A
S31508028C8010B14388B34208D00134A4B22046ECF7A7
S31508028C90D1FD08B1A542F0D20024204670BD70B5B8
S31508028CA00C4616461D460146B8B1B3B1022C01D090
S31508028CB0102C12D1E0B2ECF711FD4FF6FF71884283
S31508028CC0024602D141F20A1070BD3046FFF7CCFFC8
S31508028CD00028F7D028800020F6E72120F4E70023B1
S31508028CE007B50122ADF80400ADF8063002210DF1F0
S31508028CF0060301A8FFF7D3FFBDF8060003B05DF827
S31508028D0004FBF8B50F461646441CA4B22046ECF7F7
S31508028D10B1FD10B9013CA0B2F8BD00F01FF9054635
S31508028D20304600F0F7F820B1284600F0F3F800289C
S31508028D30F0D1304600F0E7F820B1284600F0E3F813
S31508028D400028E7D10134A4B22046ECF773FD08B136
S31508028D50BC42DBD94FF6FF70DEE72DE9F04F9A46A3
S31508028D6087B08B880D460C88814604A90220ADF887
S31508028D7010309046ECF7B2FCAB680090A888AF8931
S31508028D80059300F0C0F838B1102F05D105A8ECF705
S31508028D908BFC022808BF02279DF840B00BF0010B96
S31508028DA038E02046009AFFF75FFF0646A8B3AA886E
S31508028DB06988FFF7A6FF04463046FFF73DFD40EAFD
S31508028DC00B00C0B200B30DF10F03314648460DF150
S31508028DD01202FFF757FE9DF80F302BB1A8F8006074
S31508028DE0184607B0BDE8F08FBDF81220BA420BD17B
S31508028DF03A460599019301F08EFC019B20B9A8F821
S31508028E000060AAF80040EBE74FF6FF739C4201D0D8
S31508028E100134A4B26988A142C3D20A23E0E708B59D
S31508028E20ECF728FDBDE8084000F098B838B50546C5
S31508028E300846ECF71FFD044610B94FF6FF7038BD19
S31508028E400DB96088FBE7ECF7E5FC0028F9D1F4E7F1
S31508028E5070B5044642F60520FFF741FFB0B100217E
S31508028E60FFF736FD054601462046FFF776FC06461D
S31508028E701022002104F13100F8F70CFF3246294688
S31508028E802046BDE870400023ECF776BA70BD7FB580
S31508028E9004460D46102200216846F8F7FBFE002616
S31508028EA0AA57531C19D031462046FFF756FC1146DD
S31508028EB00346002AB8BFD11C04A800EBA101504200
S31508028EC000F0030002F0030258BF424252009340E8
S31508028ED011F8102C134301F8103C0136402EDFD14D
S31508028EE06B4604F131051A4603CA696004A98A4227
S31508028EF02860134605F10805F5D1204604B0BDE8F9
S31508028F007040FFF73CBCA0F5205001288CBF00201A
S31508028F100120704742F60303C31A58425841704764
S31508028F2008B5030409D4ECF7A5FBA0F5205080B2D6
S31508028F3001288CBF0020012008BD0020FCE702049E
S31508028F4008B507D4ECF796FB42F60303C31A584250
S31508028F50584108BD0020FCE7C00B70470346B3F929
S31508028F6002304088002B01DBECF784BB00207047F7
S31508028F7008B5FFF7F3FF42F60303C31A58425841EE
S31508028F8008BD08B5FFF7EAFFA0F5205080B2012810
S31508028F908CBF0020012008BD1FB550F80C4BADF858
S31508028FA00A3094F87040069BADF806108DF8082032
S31508028FB040F2035101AA8DF80440039301F06EFDB5
S31508028FC010B906A8F9F7A0F904B010BD2DE9F047C3
S31508028FD0089C0E4617469846054610B1037C012B97
S31508028FE061D02846FFF7A2FA14F0800930460CBF72
S31508028FF04FF0100A4FF0200AFFF726FC1AEA000F74
S315080290004DD03046FFF70BFF42F6052398420FD1A3
S3150802901014F0010219D031462846FFF705FD08B3B8
S3150802902000F588542846FFF786FA2046BDE8F087F9
S315080290302846FFF72AFB0028EAD02846FFF73AFB1C
S315080290400028E5D041F21214ECE7B9F1000F3146D7
S3150802905028460CBF01240224FFF766FC2042DAD117
S315080290600224DFE7B9F1000F11D0EB8BCBB94346E7
S315080290703A4631462846FEF79FFD04460028D1D1D6
S3150802908040F20A412846EE83FFF75EFACAE74346EC
S315080290903A4631462846FEF76BFD0446C2E72124C6
S315080290A0C0E70524BEE70724BFE72DE9F0470025F8
S315080290B086B09DF8389090F81CA004460F46904654
S315080290C00F9E0577B9F1000F09D00A464B4651465D
S315080290D00096FEF7C2FC284606B0BDE8F087BAF14C
S315080290E0080FADF8169026D145893246043DADB231
S315080290F09D424FF002014FF00900A8BF1D46FEF738
S3150802910038FC0222814605A93046ADF81470F9F7F3
S3150802911078FB2A4641463046F9F773FB0546831C17
S315080291203146204689F80130EBF75AFCADF816505D
S31508029130BDF81600D0E7BAF10A0F0DF1160214BFF0
S315080291400D210B21CDE90162009301224346FEF768
S31508029150A8FC1A28ECD111233A4651462046CDF8E6
S315080291600090ADF81690FEF778FCE1E7F0B5002519
S3150802917089B017460122039304460E46ADF81650E7
S31508029180FFF7EBFB03468DF81500002844D130465D
S31508029190FFF75CFA10B13046FFF737FB3046FFF7A8
S315080291A063FBB8B103A8F9F7AFF8204650F80C2BC1
S315080291B0237F92F8702040F202518DF8182006AAF1
S315080291C0ADF81A608DF81C30ADF81E7001F066FC19
S315080291D009B0F0BD0DF115030DF116023146204610
S315080291E0FFF750FC9DF8153002465BB9BDF816101C
S315080291F08F428BBF0723C91B8DF81530D21998BF2A
S31508029200ADF8161003992046CDE900313146BDF86E
S315080292101630FFF74AFFDBE72A46F3E72DE9F04F58
S3150802922089B00290184605930C461546FEF780FB50
S3150802923080460598F9F7F7F80023B0F1010A8DF888
S315080292401D3000F08B801AF0010740F087805046E7
S31508029250B5F80A90E4F7DAFE0646002800F084809C
S31508029260524608F10101F8F720FD01212046059A28
S31508029270FEF77FFBB8460AEBDA7A09F1FF3B039061
S315080292804FEA6A0ABA4544DD36F8174001222146F2
S315080292902846FFF762FB8DF81D0068B92046FFF7DE
S315080292A0D5F910B12046FFF7B0FA2046FFF7DCFAE7
S315080292B078B180238DF81D303046F9F72FFB059BD0
S315080292C02246009328469DF81D300299FEF7C5FBF3
S315080292D026E00DF11D03214628460DF11E02FFF771
S315080292E0D1FB9DF81D300490002BE5D1029B202B63
S315080292F01BD1ABEB0803012B0BDD0DF11E0102227C
S315080293000598F9F77EFA012801460CD805A8F9F757
S31508029310D5F83046F9F702FB28460399FEF786FB8D
S3150802932009B0BDE8F08F08F10208BDF81E20ABEBC4
S3150802933008039A42C2BF09F1FF32A2EB080292B2AF
S31508029340DDE90410C8BFADF81E20F9F75AFABDF8D0
S315080293501E309842DDD39844013793E7042300244C
S315080293608DF81D302646A7E71123F8E700232DE9D5
S31508029370F04F89B004460F46164605932AB9436943
S315080293801A0726D523F00803436105A8F8F7BCFF98
S3150802939004F14400F8F7B8FF00232377002E7AD0A9
S315080293A000933A46334618212046FEF756FB06F541
S315080293B08856204650F80C3B40F2055193F8703017
S315080293C006AA8DF81830079601F068FB09B0BDE8C1
S315080293D0F08F406C0590D8B9054604F1440840461A
S315080293E0F8F7B1FF034605900028CED099792046B2
S315080293F001F10C021A44B2F801700531B2F80320E1
S3150802940099713946FFF7A7FB05950028E7D022E0B0
S3150802941083794FF0FF3B0C331844B0F80170B0F86B
S3150802942003A03846ECF726FA03900598F8F7A7FF43
S31508029430656CA0F105081FFA88F8059B9D420CD1B8
S315080294404346524620460399CDF800B0FFF748FB3B
S31508029450E8B100230593064697E7AB790C3305EB8B
S315080294600309B9F80120BA420CD12846F8F787FF52
S31508029470B9F80320431F12FA83F35B45B8BF5B466C
S315080294800FFA83FB2846F8F773FF0546D5E70598D2
S31508029490F8F76EFF9EE72046FEF75BFB89E7F7B50E
S315080294A01E4600231360338004460D461746FFF70F
S315080294B0CDF810B12046FFF7A8F9214600200DF194
S315080294C005030DF10602FFF7DDFA9DF8054024B9FA
S315080294D0BDF806402CB9002001E004F5885003B017
S315080294E0F0BDAC4204D32844641B38603480F2E7EA
S315080294F041F20710F3E770B504460D461646FFF724
S31508029500A5F840B933462A462146FFF724FB08B197
S3150802951000F5885070BD41F20310FBE71FB550F8FD
S315080295200C4BADF80A3094F87040069BADF806105D
S315080295308DF8082040F2015101AA8DF804400393E0
S3150802954001F0ACFA10B906A8F8F7DEFE04B010BDB1
S315080295501FB550F80C4BADF80A3094F87040BDF8B8
S315080295601830ADF806108DF8082040F2045101AA09
S315080295708DF80440ADF80C3001F090FA04B010BD35
S31508029580F0B5122785B003920777022205460E46E2
S31508029590FFF7E3F9044668B103A8F8F7B5FE002316
S315080295A02B77002332460093122123462846FEF7DC
S315080295B054FA0FE0039A3046937903339371FFF70F
S315080295C053F948B1039B3A46009331462346284647
S315080295D0FFF7E2FC05B0F0BD42F62930FFF77FFB44
S315080295E0B042039B1BD15BB90D2403A8F8F78CFE86
S315080295F000232B77002CD4D12846FEF771FAE9E727
S315080296001846F8F710FF80B20128EDD1039B2846C9
S315080296109A791344197BFFF772F80446E5E722465E
S3150802962031462846FFF797FA0446E1E72DE9FF4156
S315080296300392042204460D46FFF78FF9074628B11E
S3150802964003A8F8F761FE04B0BDE8F0814FF05208AE
S31508029650039A284693790333937184F81C80FFF79B
S3150802966003F9064640B1039B4246009329463B4608
S315080296702046FFF791FCE6E742F62930FFF72FFB73
S31508029680A842039B0BD19A7920461344197BFFF70C
S3150802969036F803A8F8F738FE00232377D3E73246CD
S315080296A029462046FFF757FAF6E72DE9FF418B7957
S315080296B004460C330B44B3F801700D463846B3F82A
S315080296C00380FFF7B9F800285BD002223946204604
S315080296D0FFF743F90646E8B93846FFF7C5F80646DE
S315080296E068B116222277AB7939460533AB71204623
S315080296F043460095FFF750FC04B0BDE8F081E4F755
S3150802970031FC2A463346591C0ABBDBB20633984259
S3150802971020DC092604F14400F8F7F6FD33463A46FA
S31508029720162120460095FEF798F9092EE4D120461F
S3150802973050F80C3B40F2055193F8703002AA8DF8A6
S31508029740083041F20913039301F0A8F9D4E70B464E
S315080297501268D8E701212846F8F7C3FF0146002810
S31508029760D7D004F14400F8F769FEAB7942460533CF
S31508029770AB7139462B46204604B0BDE8F041FEF7E8
S31508029780BEB90126C6E713B5044641B94430F8F70F
S31508029790BBFD204602B0BDE81040FEF7DAB9182232
S315080297A04369027713F0080306D00023194600938B
S315080297B0FFF7F2FB02B010BD1A46194602B0BDE821
S315080297C01040FFF7D3BD7FB5C58B04462DB342F6CD
S315080297D00520FFF784FAA84207D100212046FEF7A2
S315080297E06FFF636923F001036361002640F20A41B1
S315080297F02046FEF7AFFE29460DF10E022046ADF8C9
S315080298000E60FFF791F8BDF80E200346009229462E
S3150802981002222046FFF79CFEE68304B070BD2DE9BE
S31508029820F74305460F469046FFF706F898B32846CB
S31508029830FFF70AF810F0300F30D02846FFF704F881
S3150802984006460020FEF7F5FE044606F010091CB986
S31508029850204603B0BDE8F083002229462046FFF7DA
S3150802986063F8B9F1000F01D0C10712D4B20617D5B1
S31508029870830715D5802300933A4643462946204650
S31508029880FFF7A4FB1A28E4D02046FEF7D2FE0446C8
S31508029890DDE70023EFE741F20110DAE72120D8E7F6
S315080298A00220D6E7F0B5054689B042F60520FFF74D
S315080298B016FA064604A8EBF7FDFD102205F121016A
S315080298C00DEB020000F027FF50B101212846FEF7F2
S315080298D0F7FE2846FFF7BCFA6B6923F001036B61B2
S315080298E042F60303022003A9ADF80C30EBF7F6FEA5
S315080298F00124074620463A464FF6FF71FFF7B4F9A8
S31508029900044608B909B0F0BDFEF796FF0134A4B2C1
S315080299100028EFD0A64203D131462846ECF706F8CE
S315080299202046FEF754FF0028E4D1ADF80E00214682
S3150802993028460DF10E02FEF7F7FF03460028D9D096
S31508029940BDF80E202146009228460122FFF700FEA6
S31508029950D0E708B5EBF79CFD0020ECF719FC0020D0
S3150802996008BD08B500F037F8407940F4805008BDC4
S3150802997008B500F030F8407940F4805008BDF7B5D4
S3150802998006460C46154600F097F9827901900C3284
S315080299908652214687182646F8F78DFC9DB12B4636
S315080299A05A7922F0010242F002025A711B68002B10
S315080299B0F6D12846F8F737FD2946261801A8F8F7FA
S315080299C03DFDFF2E00D8F4B23846BC7003B0F0BD98
S315080299D00022FFF7D4BF08B5E5F734FC83790C33C8
S315080299E0184408BD08B5FFF7F6FF407940F48050E1
S315080299F008BD4B88052B05D108880E288CBF002088
S31508029A000120704700207047F8B505460F461646EE
S31508029A1004210A220020F8F75CFE0246B8B18479CE
S31508029A2005210C3403194FF0060C00209970D870E2
S31508029A3002F804C013241C7102245F715870D8718D
S31508029A409C7128461E81BDE8F840ECF73FBDF8BD7B
S31508029A5073B50546104601920C46F8F7E4FC042154
S31508029A6086B20198F8F7C9FD024628B901A8F8F79F
S31508029A704BFC1A2002B070BD837901900C33C118D1
S31508029A804C80C65221462846ECF720FD0020F1E715
S31508029A902DE9F04106468846174604210A22002087
S31508029AA0F8F717FE0246B8B1857900240C35431932
S31508029AB0052106209970DC70505501201871022084
S31508029AC05C70987183F805803046DC711F81ECF76B
S31508029AD0FDFC2046BDE8F0811A20FBE7002070470E
S31508029AE00020704707B501A80192F8F70DFC03B0EC
S31508029AF05DF804FB704700207047002070477047E6
S31508029B000020704713B5044601A80191F8F7FCFB3B
S31508029B10022208210020F8F7DCFD024648B1052199
S31508029B2083790C331844D154417006212046FFF735
S31508029B308FFF02B010BD836843F400738360002070
S31508029B407047704770470020704708B5ECF78CFBE2
S31508029B50ECF754FEBDE80840EBF782BB08B5ECF714
S31508029B6047FD28B9BDE8084000200021F5F7A4BC46
S31508029B7000200021F5F7A0FCECF784FBEFE737B5E8
S31508029B80044642F60720FFF7AAF80546B8B10A23A3
S31508029B90002CCBBF0534053CB4FBF3F394FBF3F37B
S31508029BA08DF807300123002118460DF10702F8F750
S31508029BB063FE0022034629461046FEF7CCFF03B091
S31508029BC030BD10B5411D441E002014F8013F5A0845
S31508029BD002F055029B1A03F03302C3F3850303F01E
S31508029BE03303134403EB131303F00F03A142184480
S31508029BF0EBD110BDA0F86E10704701238B4090F888
S31508029C007110194380F87110704708B50120E4F7FE
S31508029C10BFF9C0B208BD0020704700F058BF00F077
S31508029C2059BF0078EAF764BF13B50C460DF107026F
S31508029C300DF10601FEF7A7F830B19DF80600031BE1
S31508029C405842584102B010BD0120FBE7EDF7F8BBB8
S31508029C50FFF751BF7047704700207047704770473B
S31508029C607047EDF711BE704713B50C4601A901F00E
S31508029C70F7FF10B9019BC4E9003002B010BD08B560
S31508029C80EDF7A2FC80F00100C0B208BD08B5FFF7E7
S31508029C90F6FF00280CBF0420012008BD08B5FBF713
S31508029CA09BF9002008BDEDF7A7BEEDF7B5BE002269
S31508029CB080B21146EDF7AEB913B5E5F7BDFA0190D4
S31508029CC001A8F8F7A8FB044601A8F8F71DFB2046E9
S31508029CD0032209210194F8F7E8FD0198437943F034
S31508029CE00303437102B010BD7047704700207047E6
S31508029CF008B5FEF7F1FB0E2008BD022070470220C8
S31508029D0070470020704701207047002070470846B8
S31508029D101146012200F047B800F07DBA00F085BA74
S31508029D2000F0A0B8431E042818BF012B94BF0120D7
S31508029D300020704700F01EBC4FF4DC720021F7F7D2
S31508029D40A9BF0846F1F7E4BE10B50446EFF7E8F9ED
S31508029D50E8B9A169D9B1238ACBB1204604F1100228
S31508029D6000F0FFFAB8B9E169A9B1638A9BB1204646
S31508029D7004F1120200F0CAFA88B9216A79B1A28AF4
S31508029D806AB12046E38ABDE8104000F07EBA002395
S31508029D902382A361E6E700236382E361ECE70023FB
S31508029DA06361236210BDEFF7A3BB0A7838B505468F
S31508029DB01046FFF7B7FF60B14C782046FFF7B2FFAF
S31508029DC038B12243530704D42846BDE83840EEF793
S31508029DD07FBE212038BDFFF7E8BF10B504460878D4
S31508029DE0FFF7A0FF58B14A781046FFF79BFF30B13C
S31508029DF0042A04D02046BDE81040EEF787BE21208B
S31508029E0010BDFFF7EABF00F078B9084600F05EBB5E
S31508029E107047F8B506460D46EEF772F8D8B94FF60A
S31508029E20FF734FF0240CEF68C1B28F4208D81C4664
S31508029E3021463046EEF70CFA00F0A0FB2046F8BDA4
S31508029E40AA680CFB0122D4899C4202D2002CEFD0CC
S31508029E5023460130E8E74FF6FF74EFE7008E7047B6
S31508029E6000F088B970B504460D46164600F039F872
S31508029E7058B129462046EEF7EBF938B93246294653
S31508029E802046BDE87040F3F7C5BA0E2070BD08B586
S31508029E90EDF7ACFF18B1BDE80840F2F7EDBF08BD13
S31508029EA000F0B3BAEEF74CBE00F0A5B90020704731
S31508029EB00846F1F71DB900F0AABAEFF775B8F0F738
S31508029EC0E1BDEEF767BFEFF72BB838B5044615467E
S31508029ED009B100F0D9FA15B12046EFF79DFE002028
S31508029EE038BD0346408A18B1188A003818BF0120BF
S31508029EF0704700F05EBA0846F1F7E2B910B50446B3
S31508029F0000F078F820B92046BDE81040EEF7FEBA10
S31508029F1010BD00F045BB00F043BBF1F711BC2DE9BB
S31508029F20FF41984604460E46174602F045F805468E
S31508029F302046FFF7E3FF0A9B3A460293002331467F
S31508029F4001932046CDF80080EEF72EFB04462846FC
S31508029F5002F02DF8204604B0BDE8F08138B5044673
S31508029F6002F02AF805462046FFF7C8FF2046EEF714
S31508029F70F9FA0446284602F01AF8204638BD38B5DA
S31508029F80044602F019F805462046FFF7B7FF2046B1
S31508029F9000F03FF80446284602F009F8204638BD84
S31508029FA038B5044602F008F805462046FFF7A6FF2C
S31508029FB0204600F034F80446284601F0F8FF204609
S31508029FC038BD70B504460E4601F0F6FF0546204632
S31508029FD0FFF794FF31462046EEF732FB0446284641
S31508029FE001F0E5FF204670BD01207047F0F7C8B8BA
S31508029FF000F065BAEEF7C6B910B501F0DDFF044602
S3150802A00000F015F8EEF7E6F92046BDE8104001F033
S3150802A010CEBF024608B5EEF7B5F9507D08BD024631
S3150802A02008B5EEF7AFF9507D80F0010008BD00F0E3
S3150802A030B7BAEEF7ADBC00F0A9B838B503210546A4
S3150802A040EEF702FC04462846EFF7FCFF204638BD29
S3150802A05038B590F827400D46FF2C17D0023C012C44
S3150802A0608CBF0024012449682246F0F727F828689D
S3150802A07090FAA0F0000AF2F725F8A97A288922466A
S3150802A08081F00101F0F74AF8002038BD0220FCE70A
S3150802A09030B505460FC985B08DE80F0069462846D2
S3150802A0A0FFF7D6FF05B030BDF0F774B80846F0F7EB
S3150802A0B081B9013001D1F1F745BD21207047002051
S3150802A0C07047002070477047D0F8A03003F060034D
S3150802A0D0402B0DD0602B03D0203B58425841704785
S3150802A0E049B10B68012B06D9486940F0010070474F
S3150802A0F040F20110704700207047F7B50446104633
S3150802A100D4E956C7DDE908268CEA020587EA06017C
S3150802A1100540194085EA0C057940C4E956510025DF
S3150802A12023F4004106EA010320F0010043F4007318
S3150802A130024043F0020301950095F4F783F894F878
S3150802A14024309A0713D5D4F85C319B050FD54FF402
S3150802A1508811204600F0C7FA94F82430024665F3BF
S3150802A160410384F8243020460B46EEF75BFB0020B9
S3150802A17003B0F0BD30B4D0F8A0300A4023EA010398
S3150802A1801343C0F8A03030BCEFF770BA0520F1F7D8
S3150802A190CDBA08B5D0F8F0304BB11A68022A06D9FA
S3150802A1A093F825204AB1186AB0FBF2F008BD40F6CA
S3150802A1B08C324C210020EEF7CFF80020F6E7D0F8D3
S3150802A1C0F02008B57AB11368022B0CD9536A13F436
S3150802A1D07F4FC3F3072106D0126ADBB253438B4281
S3150802A1E0B3FBF1F006D2002040F6AB324C21EEF773
S3150802A1F0B3F8002008BD0346B3F83E2108468A4252
S3150802A20003D0A3F83E11F0F721BD002070474FF4A2
S3150802A2108071F4F773BB10B50023EEF7ADFC044664
S3150802A22008B9F3F7E1F8204610BD38B51D460023F4
S3150802A2300446EEF7A1FC28B929462046BDE838406F
S3150802A240F3F7BCB938BDD0F8F00040B10368122B59
S3150802A25004D9006D202828BF2020704700207047A7
S3150802A26038B54FF03A430546DC6A808AC4F30C04D3
S3150802A270A04234BF0020012041F2D0420821EEF765
S3150802A2806BF8A88A001B80B238BD2DE9F0418846D2
S3150802A29018F0030706461546194633D1B2F5805F0C
S3150802A2A030D89A422ED33F2A2AD9B2FA82F4012208
S3150802A2B0C4F11F03DBB29A4092B2AA422CBFC4F180
S3150802A2C01904C4F11A04E2B20120931DDBB29840C4
S3150802A2D080B2A84214BF0120002002D096F80131AC
S3150802A2E093B996F8253060F3000386F82530404680
S3150802A2F0F0F770F9C6F82080B5823846BDE8F081D5
S3150802A3003A46E1E72127F8E70E27F6E7F8B511F00E
S3150802A310030607460D46144621D102B313883F2B7E
S3150802A3201DD9B3FA83F3C3F11901C9B2062901D8B3
S3150802A330192B12D0062928BF062101238A1DD2B25B
S3150802A34093402846238000F000F923883846FD61A9
S3150802A3507B82F0F751FA3046F8BD3146EDE7212601
S3150802A360F9E738B5148811F003054FEAC4041ED17B
S3150802A3703F2C1CD9B4FA84F4C4F11903DBB2052BB9
S3150802A38001D8192C11D0052B28BF05230124063321
S3150802A390DBB204FA03F3C3F3CF04148081610482A7
S3150802A3A08387F0F729FA284638BD2B46EEE721259A
S3150802A3B0F9E770B50E4610210546F4F79FFA0446EA
S3150802A3C0102128463201F4F785FAF4F7A1FA204655
S3150802A3D070BDF8B504460E46174601F0E4FD3A4646
S3150802A3E0054631462046F2F72BF80446284601F080
S3150802A3F0D5FD2046F8BD0520704703207047F1F7C2
S3150802A4008DB908B190F9260070470020704708B543
S3150802A4100B46062200F59E711846F7F746FC002001
S3150802A42008BD0429F8B505460C460AD10026F7B236
S3150802A4303846F0F771FC08B13C4602E00136042EB4
S3150802A440F5D12046F0F768FC58B195F83C31A3429D
S3150802A45009D085F83C4105F59E70BDE8F840F0F74D
S3150802A460FBBB2120F8BD0020FCE70022EFF71CBA4F
S3150802A470A0F84C30BDF90030C0F89410A0F84A2074
S3150802A480A0F84E3000207047EFF7AABB10B5144665
S3150802A49008460121F1F72AFD2046BDE810400121B0
S3150802A4A0F1F724BD8021F4F729BA10B50446EFF76F
S3150802A4B011F801462046BDE81040EFF711B8EFF74C
S3150802A4C05FBE70470F2390FBF3F0704710B5F2F7A3
S3150802A4D07DFA04460021F0F72FF8F0F717F8204620
S3150802A4E010BD2DE9F74F01251C469DF8303006466A
S3150802A4F001930368174603F0070306339D4005F1E7
S3150802A500FF380B46A1B1416804EA080BA5EB0B0A12
S3150802A51041F00059524509EB0B0114D95246184627
S3150802A520F7F7C3FB49467A1B5A445044F7F7BDFB73
S3150802A530019B2BB13C4448EA050804EA0804F46086
S3150802A54003B0BDE8F08F1846F0E74FF03A43012210
S3150802A5505A6741F6FF72D96418651A67704737B5A4
S3150802A560002514460095FFF7BCFF204603B030BD10
S3150802A570EFF72CBC0020704700207047704700F0A8
S3150802A580FD00003818BF01204042C0B270470A4693
S3150802A59090F89410A52901D8EFF710B92120704731
S3150802A5A008B5F1F70DF9BDE80840F1F731B938B544
S3150802A5B00446FFF7F5FF0546FFF7F2FF431BA342E2
S3150802A5C0FAD338BD38B50D460446F1F7F9F835B170
S3150802A5D0844200D90139204601F0030138BD84427C
S3150802A5E038BF0131F7E708B5F1F702F9BDE80840C7
S3150802A5F0F1F70EB908B50121FFF7E4FFBDE80840F7
S3150802A600F1F706B908B521B19200F7F74EFB00201B
S3150802A61008BD2120FCE70B0C23F48053B3F5284F21
S3150802A620F7B50D468FB2064699B217D04AF6010318
S3150802A630994215D04AF60203994213D0B1F5204F32
S3150802A64014BF04240324D6F8EC300BB1196859B99F
S3150802A650D6F8E83093B9286803B0F0BD0024F2E7CB
S3150802A6600124F0E70224EEE723463A466846F1F764
S3150802A670AFF9019B002BEBD10098EDE71968002989
S3150802A680E9D023463A466846F1F7A2F9019B002B20
S3150802A690E1D1F1E702044FEA901309D4C3F309039F
S3150802A6A0A3F1C8006FF4FF739842B8BF184607E0D3
S3150802A6B06FEA83536FEA935313F5007F18B2EFD10B
S3150802A6C070470E2070477047F3F76AB8F3F768B811
S3150802A6D0F3F766B8F3F764B808B50846F3F79AFCD1
S3150802A6E008BDF3F75DB838B505460C4601F05BFCC4
S3150802A6F0D5F89C301C40D5F898302343C5F89830D5
S3150802A70001F04CFC211E18BF01210020490238BD68
S3150802A7100020704770470139024410B5904201D1B2
S3150802A720002005E0037811F8014FA34201D0181B57
S3150802A73010BD0130F2E77047704710B5044600F0C5
S3150802A7403800F4F759FC78B1D0E901234178C4F30B
S3150802A750074411F0010F18BF1346043B53F8040FC0
S3150802A76010B10278A242F9D110BD052B07D920F4FF
S3150802A7707F4020F0C70040F4007010609180704757
S3150802A7800368186800F0EAB838B50546F4F7EAFB34
S3150802A79004462846FFF7F4FF204638BDF4F72EBBD9
S3150802A7A020F400432DE9F7434FEA032909F4E06947
S3150802A7B0C3F3062349EA030909EB01031C02A4B2FF
S3150802A7C0C3F302231C4320F47F4323F007031C43ED
S3150802A7D007460E46204601A99046F4F70FFB0546A2
S3150802A7E060B1031D4B44A6B1B8F1000F0BD1019B12
S3150802A7F00246222120460433FFF7B7FF00252846E2
S3150802A80003B0BDE8F083184632464146F7F729FAFF
S3150802A81003463A044CBF23F8026C03F8016CEEE7D0
S3150802A82010B500F1080454F8083C0BB9184605E0BF
S3150802A83054F8040C984708340028F4D010BDF8B52B
S3150802A8400446C0B100F10C073846E3F7DDF90023E8
S3150802A850666856F823207AB906EB8305B5420DD108
S3150802A860236993B93846F7F74FFD00236380637867
S3150802A87023F007036370F8BD0133EAE755F8043D90
S3150802A880DB68002BEAD09847E8E7DD68002DE9D0B7
S3150802A890043D55F8043F002BE4D09847F9E738B54C
S3150802A8A0054660B1046944B1206850B1FFF7B8FFA4
S3150802A8B0044610B12846FFF7C2FF204638BD2224B7
S3150802A8C0FBE70446F9E770B5054628B3437823F053
S3150802A8D0060343F001034370036953B1586840B154
S3150802A8E0FFF79EFF044620B12846FFF7A8FF204639
S3150802A8F070BD6E68043E56F8044F2CB9202005F147
S3150802A9000C01E3F76FF9F2E7A368002BF3D0984737
S3150802A91004460028EFD0E7E72224E8E710B140789A
S3150802A92000F00100704730B1407800F00700B0FA35
S3150802A93080F0400970470120704707B501A9FFF763
S3150802A9402DFF03B05DF804FBFFF72ABF08B500F038
S3150802A950C3F8002814BF1420002008BD7047430816
S3150802A96003F05533C01A00F03333800800F0333051
S3150802A97018444FF0013300EB101000F00F30584323
S3150802A980000E704710B5044688B1836A016A7BB126
S3150802A99080689847002394F8240023620C28636091
S3150802A9A005D82146E3F7E6FA0D2384F8243010BDCC
S3150802A9B00029EFD08368002BECDB0846F7F7AEFFD9
S3150802A9C0E8E7002307B51A46019101A9F4F7C2FC84
S3150802A9D003B05DF804FB002330B587B004939DF8F5
S3150802A9E03430DDE90A4503930C9BCDE90045029311
S3150802A9F0F4F726FC07B030BD052330B585B00393BE
S3150802AA000A9BDDE908450293CDE90045FFF7E3FF16
S3150802AA1005B030BD30B500230024002585B0CDE948
S3150802AA2000450293FFF7E8FF05B030BD03680B60E7
S3150802AA30016070472DE9F0410E4617460024054687
S3150802AA40006808B9BDE8F081D0E90083B3420BD1AA
S3150802AA508368BB4208D154B9C5F80080C368DB07CE
S3150802AA6001D5F7F75BFF204604464046E9E7C4F8F6
S3150802AA700080F3E7002370B51A46194605460468AE
S3150802AA80F4F768FC0CB92C6070BDE3682668DB072E
S3150802AA9002D52046F7F742FF3446F3E72DE9F84395
S3150802AAA00E461746054610B90020BDE8F883046825
S3150802AAB0002CF9D0D4E900893B4632462946A068DB
S3150802AAC0C8470028F1D14446F2E7302070470E20E5
S3150802AAD07047704700207047034B5868C0F3080058
S3150802AAE0003818BF0120704700ED00E0014B1868D6
S3150802AAF0704700BF482300200A4B1B6F03F0070369
S3150802AB00013B032B03D8DFE803F00A030608FEE736
S3150802AB10054B18687047054BFBE70548704705481B
S3150802AB20704700BF008000504823002050230020B1
S3150802AB3080D54302002D310108B5FFF7DDFF054B2D
S3150802AB401B6FC3F303330133B0FBF3F0024B1860F8
S3150802AB5008BD00BF0080005044230020004870470B
S3150802AB6000B4C40400487047002D3101014B18682F
S3150802AB70704700BF502300200048704780D5430223
S3150802AB804FF400221B4B5A664FF0B4429368C3F344
S3150802AB9004430C2B0AD8DFE803F00B070909270937
S3150802ABA0191B1D1F212325001348704700207047D3
S3150802ABB0936803F04073B3F1807F17D0B3F1007F37
S3150802ABC016D0002B0D4818BF002070470C48704756
S3150802ABD00C4870470C4870470C4870470C48704739
S3150802ABE00C4870470C4870470C4870470C48704729
S3150802ABF00C48704700900050404B4C0000093D003D
S3150802AC00405DC6000024F400C0EA2101002D31018E
S3150802AC1080BA8C010048E801005A620280969800C0
S3150802AC2080841E0040420F00014B1868704700BF1F
S3150802AC304C23002048B10122437801789A403023F8
S3150802AC405943034B00205A5070472220704700BFD1
S3150802AC5040F003500122437801789A403023594341
S3150802AC60014B5A50704700BF40D00350034B5A68F5
S3150802AC70D20702D5DA69002AF9D1704700800A504C
S3150802AC8030B9044B5A68D20702D59A6D002AF9D10F
S3150802AC90704700BF00800A5008B9014B59647047D3
S3150802ACA000900A5008B9014B5964704700A00A502F
S3150802ACB008B9014B1964704700A00A5010B9024B33
S3150802ACC0186C70470020704700800A5010B5FFF7CD
S3150802ACD0D7FF40B911B9054BD86C10BD0129FCD173
S3150802ACE0024B186DF9E70020F7E700BF00800A500B
S3150802ACF038B51446FFF7C4FF10B911B9034BDC6423
S3150802AD0038BD012904BF014B1C65F9E700800A50CA
S3150802AD1008B5FFF7B5FF10B9024B586D08BD0020FC
S3150802AD20FCE700BF00800A504FF48062034B9A6624
S3150802AD30BFF34F8FBFF36F8F00207047009000500C
S3150802AD40014608B5A8B1FFF7EFFF084601F0B6F9C4
S3150802AD504FF098435A6CD202FCD54FF48062586D74
S3150802AD60054B10F470209A6604D0BDE8084001F03D
S3150802AD7062B9212008BD00BF00A0005030B5154BAE
S3150802AD8087B00293144B0390049346F611030D46BB
S3150802AD90059300F06FF91428044616D1684601F0A7
S3150802ADA049FA4FF0A843032202A95A6319601D61A2
S3150802ADB09A63DA6B9207FCD1142C02D1684601F029
S3150802ADC047FA00F08BF9044601E00028E9D020464C
S3150802ADD007B030BD580F0020040000202DE9F04FBF
S3150802ADE0B1B005468C46E9466F4F3B9EDDF8F8E062
S3150802ADF0409C07F1100AC846386879680837A8E8F7
S3150802AE0003005745C146F6D10EEB0208C8F1000900
S3150802AE1009F00F09002E00F0AD80774207F00F0700
S3150802AE200121DDF8FCB0C4F1100ACDF810B0059185
S3150802AE3044F0005106914FEA0A2101F4F85141F013
S3150802AE402101079106B96B460893002D40F09480BC
S3150802AE50002C00F0918004AB0993002E00F08E803E
S3150802AE6046F000530A93002D40F08B80002C0CBF4D
S3150802AE702123012343EA07230B9308A842F0005330
S3150802AE80CDF830C03D990D900E934FEA092343F051
S3150802AE9041030F931091002A75D00CA91191002134
S3150802AEA0002A18BF412341EA0E01129113933C9BD3
S3150802AEB03E4A149310AB15933D4B0021169340F668
S3150802AEC0110317933B4B002D18BF1346189314AB67
S3150802AED01993394B10221A9311231B931CAB18464C
S3150802AEE0F6F7D8FE01221D924AF080421E920022EF
S3150802AEF00346239205B9EB46102C08BF01230DF130
S3150802AF00900A102200215046CDF880B0219322944F
S3150802AF10F6F7C0FE002C3AD020AB002125938F42CB
S3150802AF2018BF534647F0804226923A9A2CA828928E
S3150802AF302993B2FA82F35B0946EA837310222B91AC
S3150802AF402A93F6F7A7FE26B328ABC8442D932CA955
S3150802AF5048F0804318A82E93FFF710FF38B935B981
S3150802AF6003460246A34216D1002A18BF2C2031B046
S3150802AF70BDE8F08F102753E701236DE747F000532A
S3150802AF8070E7212376E74FF00051119088E70123F5
S3150802AF90C3E75346D9E703F1C001694411F8C01C57
S3150802AFA001330A43DEE700BF17C90208F0CC0208DC
S3150802AFB010000020ECCC020804000020F0B5C029DD
S3150802AFC09FB0249E4FD0B1F5807F04D0802941D00E
S3150802AFD029201FB0F0BD40F2144440F23445002E39
S3150802AFE018BF2C46212710250194012402960394A2
S3150802AFF004950597259F069706B102AC0794012486
S3150802B000089509940A9221220B940C950D92174AD7
S3150802B0100AAC0E92164A0F94109242F61102119237
S3150802B020129313941495159201AA1692CBB112ABE8
S3150802B0301793042318931123199316AB1A901B938B
S3150802B04040F61103C9081C911AA806A91D93FFF711
S3150802B05095FEBEE7002E0CBF4FF482644FF4866459
S3150802B060C0E70EABE4E70F20B3E700BFE8CC02085F
S3150802B0701000001038B5164B5A6E42F004025A6692
S3150802B080D3F8802242F00102C3F88022114B5B6892
S3150802B090C3F3080343B14FF0A842D36B13F0430F2F
S3150802B0A0FBD11424204638BD4FF0A843DC6B14F0BC
S3150802B0B04304FBD1084D2B681BB904212846F4F733
S3150802B0C023FD2B68013343F000432B60EAE700BFF8
S3150802B0D00080005000ED00E0580F0020014B0020D0
S3150802B0E05B68704700ED00E0C0B1026812F4E07FC9
S3150802B0F0C2F382130DD0012B10D1094B59B103F5B6
S3150802B1008053012102F03F0201FA02F200201A607E
S3150802B1107047044BF2E703F50053F2E70E20704737
S3150802B120688000506480005070B506460D4600F0EF
S3150802B13043FF04460E4B1B68183B13F1180F04D144
S3150802B1402046BDE8704000F032BF1A681268B24263
S3150802B15001D09B69F0E7074A13601B69064A53F850
S3150802B1602530157003B198470022024B1A60E7E7AB
S3150802B170640F00205C0F002029200020014B53F8A1
S3150802B18020007047680F002070B5044601F0F9F8F0
S3150802B19000B1FEE7074A2101555802EB041345B1EF
S3150802B1A09968204601315A6899602B46BDE8704075
S3150802B1B0184770BDC810002008B50B4B01461B780E
S3150802B1C05BB107280BD8094B03EB00131B7B43B172
S3150802B1D0074800F0FDFE002008BD1120FCE72120EB
S3150802B1E0FAE72520F8E700BF2E200020C810002025
S3150802B1F0000004500C4B10B51B780C4673B1072897
S3150802B2000ED869B1094B03EB00131B7B53B10146F8
S3150802B210074800F0EDFE2070002010BD1120FCE763
S3150802B2202120FAE72520F8E72E200020C810002062
S3150802B230000004500C4B10B51B780C4673B1072856
S3150802B2400ED869B1094B03EB00131B7B53B10146B8
S3150802B250074800F0DCFE2060002010BD1120FCE744
S3150802B2602120FAE72520F8E72E200020C810002022
S3150802B270000004500346064802689A4203D8416809
S3150802B2800A44934202D3406A0028F5D1704700BFA8
S3150802B290541100200229F8B596BF104B00245C5CB5
S3150802B2A0012805460E4608D0022809D008B944F0F6
S3150802B2B002040B4B1F6837B9F8BD44F00804F8E7D7
S3150802B2C044F02004F5E77B681A68144203D0314635
S3150802B2D028465B6898473F68EDE700BF3CCE020800
S3150802B2E08811002038B5104D2B78ABB10F4C237856
S3150802B2F01BB100F08BFA00232370002000F0AEFA8F
S3150802B3000B4C50B100F0B4FA0023012120782B70BF
S3150802B310FFF7C0FF0123237038BD0122054B1A70BF
S3150802B3202278054B1A70F7E73620002034200020D1
S3150802B3303C20002037200020382000200E490B78B8
S3150802B340FF2B01D198B170470BB990B97047002805
S3150802B35014BF0122FF2213440B7060B1074B1B78FE
S3150802B360012B08D9064B1B782BB9FFF7BBBF1A4628
S3150802B370F1E70122EFE770473B2000203C2000203E
S3150802B3803720002010B500F00EFE064B04461B7847
S3150802B3901BB1BDE8104000F001BEFFF7A3FF20462F
S3150802B3A0F7E700BF3320002002282DE9F04147D0F5
S3150802B3B029480378FF2B41D1002941D11A46134463
S3150802B3C0DBB2037000293BD0244E3278012A37D9E2
S3150802B3D0002B3ED000F0E7FD214F04463B780BB325
S3150802B3E0204D2B781BB901222A701F4A1370DFF8E9
S3150802B3F07C8098F8003023B100F008FA002388F818
S3150802B4000030204600F0CAFD012000F027FA00F0BD
S3150802B410CAFD2B7804461BB100F02AFA00232B70CA
S3150802B42000233B70204600F0B9FD01243078A04283
S3150802B43006D02146FFF72EFF347001E013B931B961
S3150802B440BDE8F081002914BF0122FF22B7E70122D5
S3150802B450B5E70224EAE700BF3B2000203C20002093
S3150802B46036200020332000203720002034200020F8
S3150802B4702DE9FF47EFF3108572B6AFF3008001F0AE
S3150802B4801BF9002800F0A4806B4E6C4F337823B169
S3150802B4900020FFF753FF00233370387878B903A9E1
S3150802B4A000F08EFB044650B9654B039A1B689A4214
S3150802B4B000F296800120FFF741FF012333703B78A3
S3150802B4C0002B40F0AB805F4B1B78002B00F0A3806B
S3150802B4D04FF002085C4CDFF890912078DFF88CA1D7
S3150802B4E040450AD0002389F800309AF8003013B98B
S3150802B4F04146FFF7CFFE84F8008099F800303BB149
S3150802B5002378022B04D1002389F8003001F007F9C9
S3150802B510B8F1020F0FD1DFF82C8198F8003053B931
S3150802B5204A4B1B7823B900F06BF90122484B1A7073
S3150802B530012388F80030207800F016F99AF80030CE
S3150802B54013B1444B1B782370AFF30080284601F0F1
S3150802B55006F8EFF3108572B63F4B1A7852B10022FD
S3150802B5601A703C4B20781B78984203D1012121702E
S3150802B570FFF790FE394800F0DDFA01F0A6F880469A
S3150802B580002883D12F4F89F800003B789BB1DFF85A
S3150802B590C0908AF8000099F800301BB100F036F91D
S3150802B5A089F80080002000F059F9002839D000F007
S3150802B5B05FF900233B70337823B10020FFF7BEFE04
S3150802B5C00023337000212078FFF764FE00232370DE
S3150802B5D0AFF30080284604B0BDE8F04700F0BFBFCD
S3150802B5E01F4BD3F8008000F0AFF8039B80449845C0
S3150802B5F0BFF460AF00F080F98200039942F00202BC
S3150802B60092B2CDE900422346164AA1EB0801134835
S3150802B61000F0AAFF53E700F0DDF859E74FF00108FA
S3150802B62058E7012000F0A0F8284600F098FFEFF34B
S3150802B630108572B6B6E700BF352000203B200020F1
S3150802B64090110020362000203C2000203A200020BD
S3150802B65034200020382000203120002094110020B8
S3150802B6608C11002085B302083920002037200020DB
S3150802B67010B500F098FC0022054B1C781A7000F0F1
S3150802B6808DFC00F02BFBE4B22043C0B210BD00BF14
S3150802B6903220002038B500F086FC094B05461B7897
S3150802B6A0012B04D800F07AFC0024204638BD054B4D
S3150802B6B01C6800F049F80444284600F06FFCF4E7D9
S3150802B6C03C2000208C110020194B1A491A6F10B51C
S3150802B6D002F007020A60196F174801F47441016003
S3150802B6E01649174C8969032A01F00200C1F3400181
S3150802B6F021701AD0D3F8202102F00702022A14D0A8
S3150802B700D3F8283103F007039C1E634263410D4AAE
S3150802B710137048B143B9064BD3F8003103F003035B
S3150802B720591E4B424B41137010BD0123EFE700BF70
S3150802B73000800050C0110020BC11002000C001503A
S3150802B740402000204120002008B5054B187818B182
S3150802B750DFF730FA00EBD000024B1B68184408BD2D
S3150802B76041200020B8110020012808B502D002287D
S3150802B7701ED008BD134A137823B113490B6F43F43D
S3150802B78074430B6711490B6923F004030B61BFF37A
S3150802B7904F8FBFF36F8F30BF1378002BE9D00A4A59
S3150802B7A00B49136F096823F474430B431367E0E7E5
S3150802B7B00020DDF75DF9054A136923F004031361D6
S3150802B7C0D7E700BF352000200080005000ED00E0DA
S3150802B7D0BC110020074A0849D2F8203103F00703B2
S3150802B7E00B60D2F82831054A03F007031360F4F711
S3150802B7F030BD00BF00800050CC110020C8110020C7
S3150802B8000122014B1A7070473F2000200F4B10B5DA
S3150802B8101B7883B10E4C2378A3B90E4B9A6DD103CC
S3150802B82002D5DA6D920702D49B6DDB0704D54FF475
S3150802B8308032094B9A6210BDDFF748F94FF480321D
S3150802B840054B9A6200232370F5E700BF41200020CA
S3150802B8503E2000200040005A0050005A034B1B7835
S3150802B8600BB1DFF7D7B90120704700BF412000208E
S3150802B87008B5F4F7EFFC174B1B7833B10122164BC8
S3150802B8805A60164A9369DB07FCD5154B15491A6F98
S3150802B890096822F007020A431A671349D3F82021D6
S3150802B8A0096822F007020A43C3F820210F49D3F890
S3150802B8B02821096822F007020A43C3F828210C4BFB
S3150802B8C01B781BB14FF480320A4B9A62BDE80840D6
S3150802B8D0FFF732B94020002000D0015000C00150C5
S3150802B8E000800050C0110020CC110020C811002091
S3150802B8F0412000200060005A014B1878704700BFAB
S3150802B9004120002008B5164B1A7822B300221A7075
S3150802B910144B1A6F22F0070242F001021A67D3F893
S3150802B920202122F0070242F00302C3F82021D3F8AD
S3150802B930282122F0070242F00302C3F828210A4B03
S3150802B9401B7833B10122094B5A60094A53689B078F
S3150802B950FCD4FFF7F1F80122064B5A6708BD00BF6F
S3150802B9603F200020008000504020002000E00150C7
S3150802B97000C001500060005A0D490B68A0B10022B0
S3150802B980A3B1834203D1836822B90B6003E01A4646
S3150802B9909B68F5E7936083680BB9002070475A697C
S3150802B9A041690A445A61F8E7222070470220704723
S3150802B9B0D811002010B500F051FA0A4C0A4B196842
S3150802B9C02368C31A09B9206010BD002BFBD04A6947
S3150802B9D09A423ABF9B1A0022D21A4A6128BF00230A
S3150802B9E08968EFE7D4110020D811002038B5154D23
S3150802B9F02B682BB35B69A3B1134A022014681C4453
S3150802BA0000F01EFE204600F067FA00230F492A6856
S3150802BA100B7022B1D08880070AD501230B7000204B
S3150802BA2038BD022000F00CFE022000F09FFAECE777
S3150802BA309268002AF3D050690344012BEAD9EEE74B
S3150802BA402220EDE7D8110020D4110020432000203F
S3150802BA50C38870B504460D463BB9FFF71BFE8542FF
S3150802BA60064602D2F5F789FF35460E4A656113681E
S3150802BA7083B91460A3600CE02D1A986819466561AB
S3150802BA80034618B15869A842F6D929B18C60A36051
S3150802BA9023B970BD0021F5E71460A3605A69521BE9
S3150802BAA05A61F6E7D8110020F8B516469DF81C200B
S3150802BAB0BDF820700271069A0446026000220D46FD
S3150802BAC0C0E903368260C780B6B900F0C7F92844D0
S3150802BAD0A0613DB9E368656113B1204621689847BC
S3150802BAE016B33546062F0BD10822104B28469A6202
S3150802BAF0BDE8F84000F0BAB900F0B0F93044E7E71B
S3150802BB0000F051FA0646FFF755FF29462046FFF789
S3150802BB109FFF074B1B689C4201D1FFF767FF304620
S3150802BB20BDE8F84000F03ABAF8BD00BF0050005A26
S3150802BB30D8110020F8B50446F8B1C388062B01D1FE
S3150802BB4000F01CFA00F02FFA0646FFF733FF0C4BFB
S3150802BB5020461F68FFF710FF054620B1304600F061
S3150802BB601DFA2846F8BDA742F8D1FFF73FFF22285B
S3150802BB70F4D1022000F0E8F9F0E72225F1E700BF48
S3150802BB80D811002038B50C460546A8B1A1B1002344
S3150802BB900B7000F011FA0121084B1B6833B900F04B
S3150802BBA006FA002038BDAB4204D121702278002A59
S3150802BBB0F9D0F4E79B68F1E72220F3E7D8110020D1
S3150802BBC0F8B506460F4600F0F7F900250446124B6B
S3150802BBD01B6823B9204600F0EAF91B2011E05A69CE
S3150802BBE01544DA88B2420DD100F038F90B4E3368A3
S3150802BBF0C01AA8420AD3002320463B6000F0D7F9B0
S3150802BC000020F8BDFF2EEFD09B68E2E700F026F988
S3150802BC1033682B441B1AEFE7D8110020D4110020F1
S3150802BC2070B500F0C9F9064600F018F9084B044643
S3150802BC3001201D6800F0EEFC18B100F00FF9044669
S3150802BC400135304600F0B3F92046294670BD00BFDB
S3150802BC50E0110020014B1868704700BFDC11002074
S3150802BC600B4B70B51B68044683420D460ED340F251
S3150802BC70E7300021074B4FF47A721E680023E4FB73
S3150802BC800601E0F7EBFF2860002070BD2120FCE7E3
S3150802BC90D0110020DC1100200F4B10B51A689AB19A
S3150802BCA04FF47A71531E1342A0FB01010ED1B2FA68
S3150802BCB082F2C2F11F04531CD243E04001FA03F395
S3150802BCC0184321FA02F20243104610BD0023E0F798
S3150802BCD0C5FF0246F8E700BFDC11002010B500F0E8
S3150802BCE06BF9034B1C7800F062F9E4B2204610BDEA
S3150802BCF04220002008B5084B1B7803F0FF004BB121
S3150802BD0000F078FC054B1B689B69C01A02288CBF99
S3150802BD100020012008BD00BF43200020D8110020C2
S3150802BD20014B1870704700BF42200020C2072DE958
S3150802BD30F843044607D5464A136801331360FFF7EA
S3150802BD4039FEFFF753FEA3077FD500F035F94FF00A
S3150802BD50000805464646FFF72DFE3E4F3C680CB1E5
S3150802BD606369A3B100223C4B012E1A7003D118F065
S3150802BD70020F18BF1E70FFF739FE222802D10220D1
S3150802BD8000F0E2F82846BDE8F84300F010B9234669
S3150802BD905A693AB91A792179914288BF1C469B6831
S3150802BDA0002BF5D1284600F002F92569002D38D076
S3150802BDB000F054F8A269A0EB02084FEAE873A84516
S3150802BDC073F100032EDB23691344A361012322695D
S3150802BDD0CAB1C3B9A38BB5EB080533B1E28B1344D9
S3150802BDE09BB2B3F57A7F28D2E38300F0E5F8804662
S3150802BDF029462046FFF72CFEA369226940461344CA
S3150802BE00A36100F0D4F8E36813B120462168984785
S3150802BE10B4F8068000F0D0F801360546FFF7CAFDE9
S3150802BE209CE7A84600F0C8F881462046FFF7A4FD1D
S3150802BE30484600F0BCF80023C9E7A3F57A73E38302
S3150802BE40A369013D013BA361CFE7BDE8F88300BFC3
S3150802BE50E0110020D81100204220002008B5FEF784
S3150802BE6005FF014B986908BD00800A5038B504469B
S3150802BE7000F099F80546FEF7F9FE0E4B022C9A6970
S3150802BE804FF001018CBF12190332B2F1FF3F38BFDE
S3150802BE90013A0020FEF72CFF284600F07FF8064BF1
S3150802BEA01A7832B10221054A91640421916400226A
S3150802BEB01A7038BD00800A50A925002000900A5041
S3150802BEC007B5044B01A9187900F0EEF9019803B0F9
S3150802BED05DF804FB90CD0208F8B5044600F063F855
S3150802BEE00746FEF7C3FE154B9D6900F0A5FB0646FD
S3150802BEF00020FEF7E3FE830704D4731B032B01D845
S3150802BF00AE420FD10021631B022B98BFEC1C0846D8
S3150802BF10B4F1FF3F2CBF2246621EFEF7E9FE02205D
S3150802BF2000F08EFB384600F039F8054B1A7822B134
S3150802BF300121044A916400221A70F8BD00800A5051
S3150802BF40AA25002000900A50830700F0010106D5B1
S3150802BF500123044A41F002011370034A9364002044
S3150802BF60FEF7A0BEAA25002000A00A50830742BFFA
S3150802BF700222014B1A64704700900A50054B1A7840
S3150802BF8032B90221044A91640421916401221A7089
S3150802BF90704700BFA925002000A00A5010B962B652
S3150802BFA0BFF36F8F7047EFF3108072B6704780F356
S3150802BFB01188BFF36F8F7047EFF31180302383F335
S3150802BFC0118870474FF4004070474FF47A707047F3
S3150802BFD038B5044601258D40FFF7EEFF04F50053F8
S3150802BFE004F580545D65A562BDE83840FFF7DFBFFA
S3150802BFF038B505460C46FFF7DFFF6D6BFFF7D7FF2F
S3150802C0000120A0402840003818BF012038BD70B56D
S3150802C0100D460446FFF7D0FF3023666B03FB054443
S3150802C020646EFFF7C4FFEE40F30756BFC4F30A1067
S3150802C0300020013070BDB0F5802F24D010D8B0F59D
S3150802C040003F22D006D828B3B0F5803F14BF01209E
S3150802C05048207047B0F5403F14BF01202C20704796
S3150802C060B0F5302F13D008D8B0F5E02F11D0B0F5BF
S3150802C070202F14BF012010207047B0F57F0F14BF80
S3150802C0800120062070474B2070472A20704711204E
S3150802C09070472120704708B528B128220021F5F7F4
S3150802C0A0F9FD002008BD2120FCE7036A042B9FBF87
S3150802C0B000EB83020133D16003627047036A052BE2
S3150802C0C014D84FF09842116CC902FCD504339B0070
S3150802C0D013650168103B11604168116050F8081F2A
S3150802C0E011604FF098420344984200D1704750F8C5
S3150802C0F0041F1160F8E7836882B013B9816002B041
S3150802C100704783680193019B5B68012B019B01D1F0
S3150802C1105960F4E75B68F5E7F0B5154649228FB032
S3150802C120149C8DF8242004F10C060DF1250254F80E
S3150802C130047BB44242F8047BF9D1247814704FF494
S3150802C1408074ADF834409DF8544000228DF836408C
S3150802C15004240694169CCDE9001505941324049428
S3150802C16009ACCDE902340B4611468DF832208DF81A
S3150802C1703350FEF733FE0FB0F0BD30B5C02A93B088
S3150802C1802FD0B2F5807F29D0802A2CD14FF4807423
S3150802C19080F0010020430190169801250290102490
S3150802C1A02120039504940590069301AB07950894FC
S3150802C1B009900A9306AB0B9304230C9311230D9350
S3150802C1C00AAB0E910F9340F61103D20802A90EA8E4
S3150802C1D010921193FEF7D2FD13B030BD4FF482745C
S3150802C1E0D6E70F20F8E72920F6E708B5FEF742FF5B
S3150802C1F0BDE80840FEF772BF1FB5079C02949DF87A
S3150802C2001840CDE9003413460A4601460020FFF7D6
S3150802C21083FF04B010BD1FB5079C02949DF8184011
S3150802C220CDE9003413460A4601460120FFF774FF9A
S3150802C23004B010BD10B50446FFF7B5FE4FF0A8438B
S3150802C2401A6822601B696360FFF7A8FE002010BD0A
S3150802C25010B50446FFF7A7FE4FF0A84322681A60F6
S3150802C26062681A61FFF79AFE002010BD10B40446F0
S3150802C270084611469DF804200192A2685DF8044B0F
S3150802C280FFF7BABF10B40446084611469DF80420C3
S3150802C2900192A2685DF8044BFFF7BDBF8068FEF7FE
S3150802C2A08DBE8968FFF769BF09B100F008B8222078
S3150802C2B070470121FEF718BF0021FEF715BF70B5BA
S3150802C2C006460D46FFF778FE0446202E56D8DFE8C6
S3150802C2D006F0111A551F222555282B552E5531348D
S3150802C2E055373A3D55405543555255555546554984
S3150802C2F0554C4F00FEF700FC002628602046FFF743
S3150802C30056FE304670BD4FF4C070DBF73DFEF3E7CC
S3150802C3104FF42070F9E74FF44070F6E74FF4607077
S3150802C320F3E74FF40070F0E74FF48060EDE74FF45F
S3150802C3304060EAE74FF4C060E7E74FF4F060E4E7ED
S3150802C3404FF4B060E1E74FF4D060DEE74FF41060D7
S3150802C350DBE74FF4E060D8E74FF4A060D5E74FF487
S3150802C3602860D2E74FF48070CFE74FF42060CCE71D
S3150802C3704FF44860C9E74FF40860C6E70020212653
S3150802C380BBE7FEF7FBBE0720FEF7FEBE0620FEF75A
S3150802C390FBBE0520FEF7F8BE0420FEF7F5BE032015
S3150802C3A0FEF7F2BE0220FEF7EFBE0120FEF7ECBE54
S3150802C3B00020FEF7E9BE10B5FFF7F5FD0121044698
S3150802C3C00846FEF7F1FF2046BDE81040FFF7E6BD36
S3150802C3D02DE9F74F0D46002900F0B9800846FEF709
S3150802C3E049FF0446D0E90578FFF7E6FD15F808EC9B
S3150802C3F035F8061C1EF0010F019000D031B90198DC
S3150802C400FFF7D5FD012003B0BDE8F08FA668D4F882
S3150802C41010A035F8049CA6EBC1060AF10103A5F1A2
S3150802C420080C4A1CA6602361B9F1000F00F085804A
S3150802C4304FEAC9031846ACEBC90393F800B00EF0ED
S3150802C440020E1BF0010F69D1BEF1000F69D1B3F8D4
S3150802C4500290B3F806E0AEEB090EBEF1010F6CD1FD
S3150802C4608A1C083E4A44C4F810A0A66035F802ECB5
S3150802C470BEF1000F65D0D4E900600CEBCE0A06EBDC
S3150802C4800009CA455DD21CF83EC056461CF0010C8E
S3150802C49015D1AEEB0101012911D1BAF80210AAF899
S3150802C4A002C001310A44BAF80610002947D00AEB3D
S3150802C4B0C106216901392161A1680839A16015F807
S3150802C4C0081C013A21F0010105F8081C002125F88B
S3150802C4D0061C5A801A7861F300021A709EB3C3F1D9
S3150802C4E007023244C2F3CF02DA80B2806FB3BB428C
S3150802C4F02BD37A88002A08BF1F46B8F1000F06D048
S3150802C500434504D8B8F80220002A18BF43460198C2
S3150802C510C4E90573FFF74BFD002074E7BEF1000F6F
S3150802C5200BD0361AA66015F8086C4A4426F002069D
S3150802C53005F8086C00269E8098E7634696E70E463D
S3150802C540B7E70026BBE7DE80D0E71F46D5E72220FD
S3150802C55059E701460020FFF73BBFFFF7FABF10B9BC
S3150802C56062B6BFF36F8F70472DE9FF410E46174635
S3150802C57098460546A0B10024C461FFF7DBFABDF868
S3150802C5802C30284602939DF828302246CDE90083AE
S3150802C59031463B46FFF788FA204604B0BDE8F081EB
S3150802C5A02220FAE72DE9F0419846002386B00E4686
S3150802C5B0174605468DF81730C0B1C3610DF117014C
S3150802C5C0FFF7E0FA9DF8174094B9BDF834302846CB
S3150802C5D002939DF830302246CDE9008331463B4628
S3150802C5E0FFF762FA204606B0BDE8F0812220FAE794
S3150802C5F00320F8E738B5FFF7DFFC0546FFF72EFC00
S3150802C60004462846FFF7D3FC204638BD00F021B879
S3150802C61000F030B810B504460020FEF74FFB012C97
S3150802C62004D0022C05D1C0F3400010BD00F0010071
S3150802C630FBE70020F9E7704700210846FEF746BBEC
S3150802C64000F00101830748BF41F002010020FEF70E
S3150802C65023BB002008B5FEF731FB10F0080008D00E
S3150802C66000200821FEF724FBBDE808400020FEF75B
S3150802C6704FBB08BD04210020FEF71ABB38B5FFF7E9
S3150802C6809BFC04460020FEF719FB830700F0010510
S3150802C69048BF45F0020500F003010020FEF708FB3B
S3150802C6A02846FFF743FB2046BDE83840FFF77FBC24
S3150802C6B0012070470120704710B5FDF7E0FA0446DD
S3150802C6C0FFF7F6FF2040C0B210BD38B5FEF7D0FF1F
S3150802C6D00446FDF7DBFA04281BD0022808BF44F0FB
S3150802C6E001040025E4B2E0F785F9042813D00228EC
S3150802C6F008BF44F00104E4B2FFF7DCFF04280CD0BB
S3150802C700022808BF44F0010485F0010504EA050081
S3150802C71038BD0125E7E70125EEE70020F8E7022103
S3150802C7200120F2F7AFB90000000000000000000087
S3150802C73000000000000000000000000000000000E9
S3150802C740F8B500BFF8BC08BC9E467047F8B500BFEE
S3150802C750F8BC08BC9E4670475FF800F0B522002078
S3150802C7605FF800F0112200204E0C0000C0C7020834
S3150802C770A0C70208000000000000000084C70208E3
S3150802C7800000000060E8020818E8020828E8020823
S3150802C79040E8020880E8020878E70208000000007C
S3150802C7A089760108F8C702082F78020800000000F7
S3150802C7B07972010822C80208000000000000000081
S3150802C7C0F9750108F8C70208C16F0108F8C7020817
S3150802C7D0239C020820C802084972010822C80208D6
S3150802C7E0519C0208000000002D7902080000000092
S3150802C7F00000000000000000000000004E0C0000CF
S3150802C8000000000068E302080000000000000000C3
S3150802C8100400000000000000E2FF500000010000D2
S3150802C82001000400FB000B00CB8302080B840208FC
S3150802C830EB83020841840208895001082D50010839
S3150802C8407F8402083D4D0108D56D0108C1500108D3
S3150802C850794F010800000000000500080030033E79
S3150802C860043E073E0C3E123E133E213E293EFFFF82
S3150802C8700000000001650008010000000000000039
S3150802C8800200000000000000010000000100000094
S3150802C890010400000000000000000000020302027A
S3150802C8A00201000013B779FAC925DDB7ADF3CFE067
S3150802C8B0F1B614B80102000000000000FFFFFFFFF6
S3150802C8C02000000001000000000000000000000037
S3150802C8D00000000000000000000000000000000048
S3150802C8E00000000000000000000000000000000038
S3150802C8F000000000951C020810141400101C2030B9
S3150802C900401C2000001C20304000000000000000EF
S3150802C9103F002800292000FFFFFFFFFFFFFFFFFF60
S3150802C920FFFFFFFFFFFFFF005B495D20004E6F74AC
S3150802C930696669636174696F6E2073656E743A20FD
S3150802C9403078253032780A004174747269627574D7
S3150802C95065207772697474656E3A203078253032AC
S3150802C960780A005B455D2000736300537461747531
S3150802C970733A202573203D203078253034782000FC
S3150802C9805B435D20002F55736572732F6D6979615C
S3150802C990626C6F6E2F53696D706C69636974795333
S3150802C9A0747564696F2F76365F776F726B73706111
S3150802C9B063652F534D505F62745F736F635F626C7A
S3150802C9C0696E6B792F6170702E630025733A256440
S3150802C9D0203A25733A2000417373657274696F6E43
S3150802C9E0206661696C656400426C696E6B792065C4
S3150802C9F078616D706C6520696E697469616C697AB3
S3150802CA0065642E0A00436F6E6E656374696F6E20E5
S3150802CA106F70656E65642E0A00436F6E6E65637489
S3150802CA20696F6E20636C6F7365642E0A004C454409
S3150802CA30206F66662E0A004C4544206F6E2E0A0049
S3150802CA40496E76616C696420617474726962757480
S3150802CA50652076616C75653A203078253032780A19
S3150802CA60004E6F74696669636174696F6E20656EDC
S3150802CA7061626C65642E0A004E6F74696669636149
S3150802CA8074696F6E2064697361626C65642E0A004C
S3150802CA9053657474696E67205377697463682052A4
S3150802CAA065636F726420746F3A2025640A005377AF
S3150802CAB069746368205265636F72642073657420B3
S3150802CAC0726573756C743A2025640A00526573653B
S3150802CAD07474696E67204465766963650A007663CD
S3150802CAE06F6D002F55736572732F6D697961626C6C
S3150802CAF06F6E2F53696D706C6963697479537475B7
S3150802CB0064696F2F76365F776F726B7370616365D0
S3150802CB102F534D505F62745F736F635F626C696E09
S3150802CB206B792F736C5F676174745F73657276696C
S3150802CB3063655F6465766963655F696E666F726D64
S3150802CB406174696F6E5F6F766572726964652E636A
S3150802CB5000232D302B2000686C4C0065666745461D
S3150802CB604700303132333435363738394142434457
S3150802CB7045460030313233343536373839616263E7
S3150802CB80646566002F7661722F6C69622F6A656E1C
S3150802CB906B696E732F6769746875622F6267617055
S3150802CBA0695F70726F746F636F6C2F70726F746FD8
S3150802CBB0636F6C2F6576656E742F7372632F736C51
S3150802CBC0695F62676170695F6576656E742E630078
S3150802CBD062676275665F696E0062676275665F6F35
S3150802CBE075740062676275665F6E6F666C6F770052
S3150802CBF062676275660061636C006C6C5F636F6E78
S3150802CC006E656374696F6E006C6C5F6164765F73E0
S3150802CC106574006C6C5F76616C696461746F72002E
S3150802CC2062675F6D65737361676500736F66745FCC
S3150802CC3074696D65725F6D657373616765006C6CA7
S3150802CC405F6164765F73796E63006C6C5F736361B0
S3150802CC506E5F73796E63006761705F706572696F84
S3150802CC606469635F616476006761705F70657269A3
S3150802CC706F6469635F73796E63006C326361705FB8
S3150802CC80636F635F6368616E6E656C006D6265648F
S3150802CC90746C735F636F6E746578740006060102BE
S3150802CCA0031201000300000000000000000000005B
S3150802CCB00000000000070008000000000000000055
S3150802CCC00000000001020405000000000000000048
S3150802CCD0000000000006000000000000000000003E
S3150802CCE0DC984CA0D81018000000000001200000B3
S3150802CCF000200000FFFFFFFF00000000FFFFFFFF0C
S3150802CD00FFFFFFFFBCE6FAADA7179E84F3B9CAC2B6
S3150802CD10FC63255101260000040000000000000003
S3150802CD2000010000000000000B0000000C000000DB
S3150802CD30030000000000202000000000030000009D
S3150802CD403C3C3C000000000000000000000000001F
S3150802CD5001031001010903001E0000001B00000068
S3150802CD601600000001000000000000001A00000082
S3150802CD7057000000560000000000045001000000A1
S3150802CD8068CD020800000000000000000808000044
S3150802CD9000800A501300000058CD020800000A500D
S3150802CDA00A00000070CD0208C8CD0208C4CD0208E8
S3150802CDB00000015B1500000074CD0208D0CD020800
S3150802CDC0CCCD0208010010000000100001000F007F
S3150802CDD000000F00B1C30208ABC30208A5C30208CC
S3150802CDE09FC3020899C3020893C302088DC30208A7
S3150802CDF087C302080000002000100030050000006A
S3150802CE000000000000C2010000020000001000003D
S3150802CE1000000000000000000000000005000000FD
S3150802CE2000000000802500008002000000100000BB
S3150802CE30000000400000000000000000010410008D
S3150802CE40380043000000000050CE0208010000002E
S3150802CE500000000018DD020800000000E4CE020807
S3150802CE600300000000000000005A620218DD0208F2
S3150802CE700000000050CF0208030000000000000076
S3150802CE80005A620218DD020800000000BCCF020840
S3150802CE900300000000000000005A620218DD0208C2
S3150802CEA00000000028D0020806000000000000006A
S3150802CEB0005A620218DD02080000000000D10208CA
S3150802CEC00300000000000000005A620218DD020892
S3150802CED0000000006CD102080300000000000000F8
S3150802CEE0005A6202D8D10208809C2B8F80841E00C9
S3150802CEF0000000002500FF7F5C23002000000000E0
S3150802CF008CE1020800000000D8D10208809C2B8F11
S3150802CF1080841E00000026002600B7005C2300203D
S3150802CF20000000008CE1020800000000D8D10208C7
S3150802CF30809C2B8F80841E000000270027008C000F
S3150802CF405C230020000000008CE1020800000000BB
S3150802CF50B8D30208809C2B8F80841E000000000034
S3150802CF602500FF7F5C2300200000000090E10208F4
S3150802CF7000000000B8D30208809C2B8F80841E0014
S3150802CF80000026002600B7005C23002000000000EF
S3150802CF9090E1020800000000B8D30208809C2B8F9B
S3150802CFA080841E000000270027008C005C230020D6
S3150802CFB00000000090E102080000000098D502086F
S3150802CFC0809C2B8F80841E00000000002500FF7FB6
S3150802CFD05C2300200000000094E102080000000023
S3150802CFE098D50208809C2B8F80841E00000026009C
S3150802CFF02600B7005C2300200000000094E1020826
S3150802D0000000000098D50208809C2B8F80841E00A1
S3150802D0100000270027008C005C2300200000000087
S3150802D02094E102080000000078D70208809C2B8F42
S3150802D03080841E00000000002200FF7F6423002077
S3150802D0400000000098E102080000000078D70208F4
S3150802D050809C2B8F80841E00000023002300B600CC
S3150802D060642300200000000098E102080000000086
S3150802D07078D70208809C2B8F80841E00000024002B
S3150802D08024009D00642300200000000098E10208A5
S3150802D0900000000078D70208809C2B8F80841E002F
S3150802D0A00000250025007D00642300200000000002
S3150802D0B098E102080000000078D70208809C2B8FAE
S3150802D0C080841E00000026002600530064230020E8
S3150802D0D00000000098E102080000000078D7020864
S3150802D0E0809C2B8F80841E00000027002700FF7F6C
S3150802D0F0642300200000000098E1020800000000F6
S3150802D10058D90208809C2B8F80841E0000000000DC
S3150802D1102500FF7F64230020000000009CE102082E
S3150802D1200000000058D90208809C2B8F80841E00BC
S3150802D130000026002600A00064230020000000004C
S3150802D1409CE102080000000058D90208809C2B8F37
S3150802D15080841E00000027002700FF7F642300202A
S3150802D160000000009CE102080000000038DB02080B
S3150802D170809C2B8F80841E00000000002500FF7F04
S3150802D1806423002000000000A0E10208000000005D
S3150802D19038DB0208809C2B8F80841E000000260044
S3150802D1A02600B7006423002000000000A0E1020860
S3150802D1B00000000038DB0208809C2B8F80841E004A
S3150802D1C00000270027008C006423002000000000CE
S3150802D1D0A0E1020800000000FC4F0103E8DF020894
S3150802D1E010400100004100003C4001000000000020
S3150802D1F048400100200700035040010000000000DB
S3150802D2005C4001000D0F000008410100FF4C0000C0
S3150802D21054C00700511130000F000EE62D00000021
S3150802D220080B0D0E0E000000D1B60200E004000045
S3150802D2304040070100002070000090111000000015
S3150802D240000000461FC08100000000200080000088
S3150802D2506440050100000000FB04FF0040080000CE
S3150802D260100000009100040088400F01B603120066
S3150802D27000000060000000000002050D1C2F42534A
S3150802D2806269686053402E1F110A080808080706D3
S3150802D2900504030302020201010101010000000064
S3150802D2A000000000000000001C41010100302C8C27
S3150802D2B038410701BC200BF045C05100055BA04070
S3150802D2C08E6E82942182485209084000C00D008061
S3150802D2D05C410101FFDD0000684107014CD4E83BCF
S3150802D2E004190D50080E141A20262C32383E103214
S3150802D2F05476980A1D0040B4D0410301000000008C
S3150802D300D000000004001200E04113010000008072
S3150802D310E2CFDD2C7EB63A00600919005122E200FE
S3150802D3204CB9510E3982A904D8229B29E2CFDD2CA9
S3150802D3307EB63A00600919005122E2004CB9510E34
S3150802D3403982A904D8229B290000000000000000A7
S3150802D350440000003C3C3C3C4C42010108000304EA
S3150802D36068420101000000003880010124461000CD
S3150802D370A080020170380300D0000000A8800111C5
S3150802D380F0010000A8800131055AFD01AC800111A7
S3150802D390F0010000AC800131053EFD00EC000112EF
S3150802D3A0E00F0000EC0001320C2051118401010249
S3150802D3B000000000FFFFFFFFFC4F01033CE00208EC
S3150802D3C010400100004100003C400100100000002E
S3150802D3D048400100201700035040010001040000E4
S3150802D3E05C4001000D0F00000841010003C0010066
S3150802D3F054C00700511130000F000EE62D00000040
S3150802D400080B0D0E0E000000D1B6020080050000C2
S3150802D4104040070100002070000090111000000033
S3150802D420300000461FC8810000200030008000003E
S3150802D4306440050100000000FB04FF0040080000EC
S3150802D4401000000092000A0088400F01B60312007D
S3150802D45000000060000000000002050D1C2F425368
S3150802D4606269686053402E1F110A080808080706F1
S3150802D4700504030302020201010101010000000082
S3150802D48000000000000000001C41010100302C8C45
S3150802D49038410701BC200AF045C05100010000408E
S3150802D4A0B75635120078085009084000C0030080B4
S3150802D4B05C41010100000000684107014CD4E83BC9
S3150802D4C004190D700A10161C22282E343A401032FE
S3150802D4D05476980A1D6980A4D04103010000000011
S3150802D4E0D000000000000200E04113010000000025
S3150802D4F0E2CFDD2C7EB63A00600919005122E2001D
S3150802D5004CB9510E3982A904D8229B29E2CFDD2CC7
S3150802D5107EB63A00600919005122E2004CB9510E52
S3150802D5203982A904D8229B290000000000000000C5
S3150802D530440000003C3C3C3C4C420101080000040B
S3150802D54068420101000000003880010124461000EB
S3150802D550A080020170380300D0000000A8800111E3
S3150802D560F0010000A8800131055AFD01AC800111C5
S3150802D570F0010000AC800131053EFD00EC0001120D
S3150802D580E00F0000EC0001320C2051118401010267
S3150802D59000000000FFFFFFFFFC4F010390E00208B6
S3150802D5A010400100004100003C400100100000004C
S3150802D5B04840010020070003504001000004000013
S3150802D5C05C4001000D0F00000841010003C0010084
S3150802D5D054C00700511130000F000EE62D0000005E
S3150802D5E0080B0D0E0E000000D1B6020080050000E1
S3150802D5F04040070100002070000090111000000052
S3150802D600300000461FC8810000200030008000005C
S3150802D6106440050100000000FB04FF00400800000A
S3150802D6201000000092000A0088400F01B60312009B
S3150802D63000000060000000000002050D1C2F425386
S3150802D6406269686053402E1F110A0808080807060F
S3150802D65005040303020202010101010100000000A0
S3150802D66000000000000000001C41010100302C8C63
S3150802D67038410701BC200AF045C0510001000040AC
S3150802D680B75635120078085009084000C0030080D2
S3150802D6905C41010100000000684107014CD4E83BE7
S3150802D6A004190D70080E141A20262C32383E103230
S3150802D6B05476980A1D6940B4D0410301000000005F
S3150802D6C0D000000000000200E04113010000000043
S3150802D6D0E2CFDD2C7EB63A00600919005122E2003B
S3150802D6E04CB9510E3982A904D8229B29E2CFDD2CE6
S3150802D6F07EB63A00600919005122E2004CB9510E71
S3150802D7003982A904D8229B290000000000000000E3
S3150802D710440000003C3C3C3C4C4201010800000429
S3150802D7206842010100000000388001012446100009
S3150802D730A080020170380300D0000000A880011101
S3150802D740F0010000A8800131055AFD01AC800111E3
S3150802D750F0010000AC800131053EFD00EC0001122B
S3150802D760E00F0000EC0001320C2051118401010285
S3150802D77000000000FFFFFFFFFC4F0103E4E0020880
S3150802D78010400100014100003C4001000000000079
S3150802D79048400100A00700035040010000000000B5
S3150802D7A05C4001000000000008410100FF4C000037
S3150802D7B054C00700512130000F000EE62D0000006C
S3150802D7C00405060708000000D1B60200600500003D
S3150802D7D0404007010000505100009021100000004F
S3150802D7E0000000861FC08100000000200000000023
S3150802D7F064400501000000407B02FE00400800006C
S3150802D800020000009200080088400F01D5032A0092
S3150802D810000000E0000000000002050D1A2D3F502E
S3150802D8206068696357463525150D09080706050513
S3150802D83004040403030303020202020201010101B2
S3150802D84001010101010101011C41010100B0B18C74
S3150802D85038410701BC200AF0B2555200055B9840D0
S3150802D8608E6E8294233C4852893B4000C003008056
S3150802D8705C410101FFDD000068410701E853FA0037
S3150802D8800000004000000000000000000000000048
S3150802D8900000000000000000D04103010000AAAA0F
S3150802D8A0D000000004001200E0411301000000004D
S3150802D8B0FFAB000A5CF10F00D341020095EDB100FF
S3150802D8C0197BD80F1208B904EA1B6D1FC9B7C20A19
S3150802D8D00B203B00430600005962F300727E960055
S3150802D8E0A73D1900D022F13B000000A0000000006D
S3150802D8F040000000000000004C4201010800030439
S3150802D9006842010101000000388001012446100026
S3150802D910A080020170780300FFC00200A8800111EE
S3150802D920F0010000A88001310542CB01AC8001114B
S3150802D930F0010000AC800131050A0D00EC0001126D
S3150802D940E00F0000EC0001320C20511184010102A3
S3150802D95000000000FFFFFFFFFC4F0103E4E002089E
S3150802D96010400100014100003C4001000000000097
S3150802D97048400100A00700035040010000000000D3
S3150802D9805C4001000000000008410100FF4C000055
S3150802D99054C00700512130000F000EE62D0000008A
S3150802D9A00405060708000000D1B60200600500005B
S3150802D9B0404007010000505100009021100000006D
S3150802D9C0000000861FC08100000000200000000041
S3150802D9D064400501000000407B02FE00400800008A
S3150802D9E0020000009200080088400F01D7032A00AF
S3150802D9F0000000E0000000000102071121374B5A1F
S3150802DA0067696254402915050000000001020304F3
S3150802DA1004040303030303020202020202010101D0
S3150802DA2000000000000000001C41010100B0B18C9A
S3150802DA3038410701BC200AF0B2555200055B9840EE
S3150802DA408E6E8294233C4852893B4000C003008074
S3150802DA505C410101FFDD000068410701E853FA0055
S3150802DA600000004000000000000000000000000066
S3150802DA700000000000000000D04103010000AAAA2D
S3150802DA80D000000004001200E0411301000000006B
S3150802DA90FFAB000A5CF10F00D341020095EDB1001D
S3150802DAA0197BD80F1208B904EA1B6D1FC9B7C20A37
S3150802DAB00B203B00430600005962F300727E960073
S3150802DAC0A73D1900D022F13B000000A0000000008B
S3150802DAD040000000000000004C4201010800030457
S3150802DAE06842010101000000388001012446100045
S3150802DAF0A080020170780300D5C00000A880011139
S3150802DB00F0010000A88001310542CB01AC80011169
S3150802DB10F0010000AC80013105228D00EC000112F3
S3150802DB20E00F0000EC0001320C20511184010102C1
S3150802DB3000000000FFFFFFFFFC4F010338E1020867
S3150802DB4010400100014100003C40010000000000B5
S3150802DB5048400100A00700035040010000000000F1
S3150802DB605C4001000000000008410100FF4C000073
S3150802DB7054C00700511130000E0009E62D000000BE
S3150802DB800405060708000000D1B602006435000045
S3150802DB90404007010000505100009011100000009B
S3150802DBA0000000861FC0810000000020000000005F
S3150802DBB06440050100000040FB04FF004008000025
S3150802DBC0020000009200040088400F01B6033B00E1
S3150802DBD0000000E0000000000002050D1C2F425361
S3150802DBE06269686053402E1F110A0808080807066A
S3150802DBF005040303020202010101010100000000FB
S3150802DC0000000000000000001C4101010060B18C08
S3150802DC1038410701BC200AF0FA625200055B9840B7
S3150802DC208E6E82941C784852893B4000C00300805D
S3150802DC305C410101FFDD000068410701E853FA0073
S3150802DC400000004000000000000000000000000084
S3150802DC500000000000000000D0410301000000AAF5
S3150802DC60D000000004001200E04113010000000089
S3150802DC70FFAB000A5CF10F00D341020095EDB1003B
S3150802DC80197BD80F1208B904EA1B6D1FC9B7C20A55
S3150802DC900B203B00430600005962F300727E960091
S3150802DCA0A73D1900D022F13B000000A000000000A9
S3150802DCB038000000000000004C420101080003047D
S3150802DCC0684201010100000038800101D7231000D3
S3150802DCD0A080020170780300D0000000A88001111C
S3150802DCE0F0010000A88001310542CB01AC80011188
S3150802DCF0F0010000AC800131053EFD00EC00011286
S3150802DD00E00F0000EC0001320C205151840101029F
S3150802DD1000100000FFFFFFFF0C4001000181010017
S3150802DD20204002000000000001000000304003000D
S3150802DD300000000000000000000000004040020051
S3150802DD4000000000004000006040010001010000E0
S3150802DD50A840010007000000BC40040000000000C3
S3150802DD600000000000000000000000000C41030053
S3150802DD70FF4C0000FF4D0000FF4D000020C00110BF
S3150802DD8000F8070020C00130F502280124C001105E
S3150802DD90FF00000024C001300013000028C008005C
S3150802DDA0EC80B30343754051A00F00F80040000011
S3150802DDB0A8AA0700000000000000000000000000FA
S3150802DDC070C00900BA100000000420000418800080
S3150802DDD00B3C2001187C10022FFCE0067F00000095
S3150802DDE00000000000000000A8C00500BD4B721527
S3150802DDF011A3180510325476980A00000000000094
S3150802DE00CCC00400010000000000000001000A0066
S3150802DE100100280008000101080700001800010196
S3150802DE20AAAAAA00200001010060DA005C400201E9
S3150802DE3000000003000000207840040129417671A1
S3150802DE40000000008C000C0000000000C440040121
S3150802DE5000000000000000000000000000000000B2
S3150802DE60E04001010002000010410201331E0500D4
S3150802DE70000000002041020100000000FF048307A1
S3150802DE802C410301FF06660CFF0483078813FF0370
S3150802DE905841010100000000644101010C01000023
S3150802DEA08441050101010000000000000000000095
S3150802DEB00000000000000000A4410201000000006A
S3150802DEC000000000B04102010000000058923EC066
S3150802DED0BC4103010000000000003C006666060023
S3150802DEE02C420301601800400000000000000000F8
S3150802DEF03C420101000000004442010114000000F6
S3150802DF0080420201000000008100000098420501DB
S3150802DF103F000002FFFF0000FFFF0000FF030000B2
S3150802DF20FFFF0000B44201010000000030430A016D
S3150802DF3040002001A0000000085000011F1F1F1FFB
S3150802DF401F1F1F1B18151311100E0D0C45C1872F05
S3150802DF50000000000000000010800101030000001C
S3150802DF603C80010101000000B080020100030002AA
S3150802DF70370000019C000102000C0004D8000302CD
S3150802DF80050040AA88010000C0000000F000010256
S3150802DF902B0100001001011200FF0F0010010132CF
S3150802DFA0020000315001011200C001005001013285
S3150802DFB0C100A2007401010269811B0C78010112D9
S3150802DFC000001C00780101321004E0CF8001011222
S3150802DFD0790700008001013202000000880101026F
S3150802DFE050000000FFFFFFFF140000001CC771006D
S3150802DFF00000000058E2020808E2020800000000D9
S3150802E000000000000051250240420F000108F600F8
S3150802E0102446100200000000A4E1020800000000E5
S3150802E02000000000000000002A420F000000000065
S3150802E03000000000000000000000000014000000BC
S3150802E0401CC771000000000058E2020818E2020824
S3150802E05000000000000000000051250240420F00A7
S3150802E0600102F6002446100200000000A4E102089C
S3150802E0700000000000000000000000002A420F0015
S3150802E0800000000000000000000000000000000080
S3150802E090140000001CC771000000000058E20208C4
S3150802E0A028E20208000000000000000000512502D4
S3150802E0B040420F000108F600244610020000000044
S3150802E0C0A4E10208000000000000000000000000B1
S3150802E0D02A420F00000000000000000000000000B5
S3150802E0E000000000140000006666660000000000DA
S3150802E0F072E2020838E2020800000000000000008E
S3150802E1000048E80180841E000101F80024465002F6
S3150802E11000000000A4E10208000000000000000060
S3150802E120000000007C841E000000000000000000C1
S3150802E13000000000000000001400000024499200BC
S3150802E1400000000072E2020848E20208000000002D
S3150802E150000000000024F40040420F000101F8000C
S3150802E160D723500300000000A4E1020800000000C3
S3150802E17000000000000000002B420F000000000013
S3150802E1800000000000000000000000000305000077
S3150802E1900304000003030000030800000302000052
S3150802E1A0030A000002000000005A62020614000078
S3150802E1B000B4C40407380000A0080000000058098B
S3150802E1C001040706100A01040707C80A000408071B
S3150802E1D0800B00040808380C0004090861080000CE
S3150802E1E00000C20800000000C70901040403C409AC
S3150802E1F0000000002C0B01040404C40900000000FE
S3150802E200920C01040504000050C30000E62D00002C
S3150802E210D0070000D0070000E5BF00002823000051
S3150802E2206B0300006B030000F5DA0200A41F00006E
S3150802E230900100009001000050C30000761600000D
S3150802E240770100007701000050C30000F22B00009E
S3150802E250EE020000EE020000193F0106041001005A
S3150802E2600001010600102700000A00000000000055
S3150802E2700000193F01060410010000010106001002
S3150802E2802700000C000000000000000054CE02081F
S3150802E2906CCE020884CE02089CCE0208B4CE0208CE
S3150802E2A0CCCE0208010000006C230020000000000A
S3150802E2B0000001000000000000000000000000004D
S3150802E2C000000000008000000080000000800000BE
S3150802E2D0008000000080000000800000018000002D
S3150802E2E0018000000180000001800000018000001A
S3150802E2F00180000001800000018000000280000009
S3150802E30002800000028000000280000003800000F4
S3150802E31003800000048000000480000005800000DD
S3150802E32006800000088000000C8000000F800000B4
S3150802E3300A0000000C0000000D000000100000009A
S3150802E3401200000015000000190000001F0000005E
S3150802E3502700000034000000736C5F62745F6F6E02
S3150802E3605F6576656E74000088E302081E001E006B
S3150802E370B8E502080E000E0098E50208020002003F
S3150802E3800200FFFFFFFF0000010000000108FFFF77
S3150802E3900000000068E50208020002000108FFFF0B
S3150802E3A00500000020000A0003000A000008FFFF1B
S3150802E3B001000000F824002004000D000308FFFFF6
S3150802E3C00300000002000000050002000108FFFF2A
S3150802E3D00500000002000B0006000B000108FFFF03
S3150802E3E00100000002250020070002000108FFFFC5
S3150802E3F0050000000A000C0008000C000308FFFFD5
S3150802E4000100000018250020090000000108FFFF8E
S3150802E410000000006CE502080A0002000108FFFF7E
S3150802E420050000000A0003000B0003000308FFFFB3
S3150802E43001000000202500200C0002000108FFFF51
S3150802E44005000000020004000D0004000108FFFF99
S3150802E4500000000070E502080E0000000108FFFF38
S3150802E4600000000074E502080F0002000108FFFF21
S3150802E4700500000002000500100005000108FFFF64
S3150802E4800000000078E50208110002000108FFFFFB
S3150802E4900500000002000600120006000108FFFF40
S3150802E4A00200000034250020130002000108FFFFC5
S3150802E4B00500000002000700140007000108FFFF1C
S3150802E4C00200000044250020150002000108FFFF93
S3150802E4D00500000002000800160008000108FFFFF8
S3150802E4E00200000050250020170002000108FFFF65
S3150802E4F00500000002000900180009000108FFFFD4
S3150802E500010000005E250020190000000108FFFF37
S3150802E5100000000086E502081A0002000108FFFF53
S3150802E520050000000A0000801B0000800308FFFFA8
S3150802E530010000006C2500201C0002000108FFFFF4
S3150802E54005000000120001801D0001800108FFFF7E
S3150802E55001000000742500201E000D000308FFFFBD
S3150802E5600300000001010000020001180200001861
S3150802E5700200000002000A180C0053696C69636FF6
S3150802E5806E204C61627310002412B5CBD460800CE5
S3150802E59015C39BA9AC5A8ADE7A086A736CBED8463A
S3150802E5A097C288401065025B9CD2702A656D539AA1
S3150802E5B0D060C341A485A861002801280328002A3F
S3150802E5C0012A292A242A272A262A232A052A2A2BFD
S3150802E5D0292B0229B0CD02080000000000C2010062
S3150802E5E00002030074CD02080000050006000800B8
S3150802E5F0070000007C250020557500082700020840
S3150802E6007F000208910002082100020884250020E2
S3150802E61055750008270002087F00020891000208C3
S3150802E62021000208AC250020097900087D010208AC
S3150802E630A1010208C5010208DF010208736C5F67BF
S3150802E6406174745F736572766963655F646576691A
S3150802E65063655F696E666F726D6174696F6E5F6F0F
S3150802E660766572726964655F6F6E5F6576656E74EC
S3150802E670004130340042524432363036410031319C
S3150802E6802E312E3000000000F0CB0208F6CB02082D
S3150802E690FACB020808CC020813CC020820CC0208DE
S3150802E6A02BCC02083ECC02084ACC020857CC0208F8
S3150802E6B068CC02087ACC02088CCC020862675F6DC5
S3150802E6C0616C6C6F6300FFFF010000003C000000F4
S3150802E6D0940000003C00000096000000FFFFFFFFC8
S3150802E6E0FFFFFFFF960000000102070B000101026F
S3150802E6F0010202030403010102040400F4010000FA
S3150802E700FA00000096000000640000004B000000BA
S3150802E710320000001E000000140000000000000085
S3150802E72050004000080050002400040090015002E6
S3150802E73040009001AE01100000000102020B070121
S3150802E740160C00000108080000050108FFFF02FF79
S3150802E750FF0808020204FF010022FFFF23080F0335
S3150802E7600304040A0A030A2AFFFF1419191B011CC7
S3150802E77015120400480C14040A00000000000000E8
S3150802E7800000000000000000A0010A05A0030A0418
S3150802E790A0080A03A0880A08A0060A01A00309001D
S3150802E7A020040A1BF947010820060A17C947010867
S3150802E7B020040A168947010800000D00030002001A
S3150802E7C0010005000049725314497207FF0001024D
S3150802E7D0030405FF145300724907CDF6000000FB37
S3150802E7E0349B5F80000080001000000000000000DB
S3150802E7F0F3990208F17B0208019B0208DD9A0208D6
S3150802E80001020C00000004000000080100020000DA
S3150802E81000000000000300000200000000000000E3
S3150802E82000000000000000000400000000000000D4
S3150802E8300000000000000000A0080403A001040173
S3150802E8405600000000000000000000000000000062
S3150802E850A0880A07A0040903A0050902A00609015F
S3150802E8600100000000000000000000000000000097
S3150802E870A0010107A0000104A00301060204080082
S3150802E8800600000000000000000000000000000072
S3150802E890A0030601A0090609A0020608A0050607A4
S3150802E8A0A0050606A0070605A0020604A001061092
S3150802E8B0A0080602A00D06000000040205030601D0
S3150802E8C007010108090A0000A0015C04A0005C0314
S3150802E8D0A0015C02A0035C01A0025C00A0020F0971
S3150802E8E0A0030F04A0030F03A0050F02A0010F0146
S3150802E8F0A0050F00A0040108A0030106200C0403CA
S3150802E900516D0108200004017D6D0108200256029E
S3150802E9103D6E010820025601116E0108200002050B
S3150802E920256D0108A01201000D7D0108557D01081B
S3150802E930017D0108617D0108497D01081F9F0208C2
S3150802E9405D9F02087F9F0208A19F0208C39F0208D3
S3150802E950D58901088589010891890108858A0108EE
S3150802E9608DA10208FB9C0208FF9C0208039D02086F
S3150802E970079D02080B9D020800000000B80100006E
S3150802E980200B002000021000301C0020D80C0020AA
S3150802E99081870108658701083DC30108C1C50108C9
S3150802E9A0F5C4010820C001B80000000100000101F9
S3150802E9B0000101010203030303040404040505001C
S3150802E9C0000000010101010202020203030303031C
S3150802E9D004040404040000000101010107070808F1
S3150802E9E003030305040404050505060606070707C7
S3150802E9F008030202040404030405050606060607BC
S3150802EA0007070202020303030304040404050505B7
S3150802EA1005050606060601020202020303030303AC
S3150802EA200404040404050505050606060C0C0C0C6C
S3150802EA300B0B0B0B0B0B0B0B0B0B0B0B0B0B0B0B16
S3150802EA400B0B0C0C0C0C0C0C0C0C0C0C0B0B0B0BFC
S3150802EA500B0B0B0B03040404040505050506060641
S3150802EA60060607020202020303030304040404045B
S3150802EA70050505050506060602020202070703043E
S3150802EA80060704040303030304050603030506072E
S3150802EA90080405060403040403030405060603041E
S3150802EAA005060708C7BFBEBEBEB5B5B4B4ABABDC78
S3150802EAB0DCDBDBD2D2D1D1C8C8C8C7BFBEBEBEBD99
S3150802EAC0B5B5B4B4B4DCDBDBD2D2D2D11B1B161675
S3150802EAD02E2D2D2A29292925242420201F1B1B1BDC
S3150802EAE0162E2D2D2A2A29292524242020201F1BCB
S3150802EAF01B1B2D2DBEB5B5B4B4ABABABAAA2A1A157
S3150802EB00A1A099999898C7BFBEBEBDB5B5B4B4B40D
S3150802EB10ABABABAAAAA2A1A1A19999990000000040
S3150802EB2003030303030202020202020203030202AE
S3150802EB3002020101010101010000000003030303AF
S3150802EB4003020202D0C7C6C6C6BDBDBCBCB3B3B2B9
S3150802EB50B2B2A9DBDBDADAD1D1D0D0C7C7C6C6C60C
S3150802EB60BDBDBCBCBCB3B3B2DBDBDADA1F1F2D2BCF
S3150802EB70221E2E2E323232312D2624303028231FE1
S3150802EB801B2B26222E322E2E31312D282424302CD0
S3150802EB9027231E1AC8C8C8C8C8C8C8C8C8C8C8C883
S3150802EBA000A801A802A8000000B801B802B800B07F
S3150802EBB00304040808050000000000000000000025
S3150802EBC00000000000000000040008007C0031007C
S3150802EBD03B001B00200000000DEB0108100000009E
S3150802EBE085EA01086439000074030000DC3C000071
S3150802EBF004000000343E00000400000068340000EF
S3150802EC00FC040000D83C000004000000303E00006E
S3150802EC10030000000000000068340000E03C000029
S3150802EC2001000000383E000037000000D93B000012
S3150802EC3069340000010000000006800F7047FB21BE
S3150802EC40890109684143880B7047904800680104A6
S3150802EC50C80F704730B5002080490A6800238C4CDB
S3150802EC60521C6568AA4200D322681578AD06AD0E15
S3150802EC709D40054328009B1D1E2BF1D30A6030BD1B
S3150802EC8082480168090408D582490A68734B1A60E2
S3150802EC904A68C2618868AE4908607047F3B583B0AE
S3150802ECA01700C006000E00901038912833D2FFF7DD
S3150802ECB0CCFF00282FD00024774D01260398FFF7B2
S3150802ECC0BBFF002802D0022803D003E028683040A0
S3150802ECD000D001240197714F04980C21695E4018EF
S3150802ECE00E21695E4018FFF7AAFF0199401838609D
S3150802ECF0049800994018FFF7A2FF01994018786016
S3150802ED00C020800166490860200366490860FCF74E
S3150802ED10FAFE9048067005B0F0BDF8B5624AF024CE
S3150802ED202405C025AD041069022804D28A48006861
S3150802ED302040A842F7D089480068C01C8849014388
S3150802ED40884801608848894B04219E680E4204D08F
S3150802ED50117D8906CE0F710021E0B60721D5166905
S3150802ED60042E04D27C4E36682640AE42F7D0167D73
S3150802ED703607360F072E14D1567D022E11DD967DE3
S3150802ED80B606B60E022E0CDBD67D00960E4208D0CB
S3150802ED90F60700D50A21009EB60700D5891D002967
S3150802EDA00BD173496F4C21600021116080229202B7
S3150802EDB0704C226001601961F1BD4B1C16699E42B6
S3150802EDC004D2654E36682640AE42F7D06A4B595C85
S3150802EDD00091664E31610099C900F8230B4002D0B2
S3150802EDE08021C904116065490F68012F00D15B00B3
S3150802EDF053603268002A1ED15A4B1A682027F75FD9
S3150802EE003F039205920D3A431A60012707600222D0
S3150802EE108260009880090AD10868002801D1182062
S3150802EE2000E01A20325E00210098FFF737FF307A99
S3150802EE30000700D43760F1BD4A484D4901600021F8
S3150802EE40194A1160802292024A4B1A60464A116098
S3150802EE504B4A026142613F4801707047343E0000E6
S3150802EE60062048490860002047490860F021090140
S3150802EE70464A116080214900454A11600749404ABD
S3150802EE800A604A603349087070470000C04101A809
S3150802EE90983E0000A03E0000BC3E0000C84101A802
S3150802EEA0C06101A8C05101A8C44000A830B581B00C
S3150802EEB00400A00314D531480068002801D11620A1
S3150802EEC000E00C20FEF7BEFA3248806E0007C10F3A
S3150802EED031480170082031490860C0032549086095
S3150802EEE02F4D2868000406D5FFF7B4FEE861FFF740
S3150802EEF0B1FE17490860A00727D58020C0021D4920
S3150802EF000860FCF723FE00281FD0264A1068C0B204
S3150802EF10002802D00621244B1960810915D01D4903
S3150802EF200B68012BFBD949680905090D091DC9009A
S3150802EF30124B1B68012B00D14908002B01D118235B
S3150802EF4000E01A23D25EFFF7A9FE01B030BD000029
S3150802EF505C4201A86E3E00000C0002A8204000A8F0
S3150802EF6000F0FF3FB84101A8044003A8B43E0000E0
S3150802EF70FFF3FF3F106001A8D84000A8843F0000B5
S3150802EF80FFFF0300006401A8504000A80C6000A817
S3150802EF900C5000A81C4000A8E03C0000846000A8B1
S3150802EFA0C04101A8B83E0000005401A870B5082265
S3150802EFB0814B1A60814B1B68DC0302D5002008804E
S3150802EFC070BD0C880019401E00787D4DA870641C1F
S3150802EFD00C8045076D0F052D05D87A4E3668F6065C
S3150802EFE003D5022D0DD0032070BD9604AE401E40F7
S3150802EFF001D1082070BD052D03D1104201D1641E2E
S3150802F0000C80AB484860002070BDF3B582B0088812
S3150802F0106D490978491CC9B2814204D20299091874
S3150802F020491E097800E00021654A517093785B070A
S3150802F0305B0F01933023019C052C28D1194232D14A
S3150802F0409478E5081E242C40CD0702D52500012414
S3150802F0502C430125A24EE6402E4073D0019EA14FB5
S3150802F060E7414024274037434C0602D53C00202777
S3150802F0702743947889080D40A1080C260E402E4392
S3150802F080C0212140314320240C43977054704B49C8
S3150802F0900C685578022123262E4008D0660302D52D
S3150802F0A02B40202B01D0052083E0434B196093782F
S3150802F0B09B0601D4202203E09278120702D5402249
S3150802F0C03D4B1A603E4A92786B461A70C022864BAE
S3150802F0D01E680E4001D1154212D06E463778272691
S3150802F0E03E40232E03D1E60207D4012606E0252E4A
S3150802F0F003D0212E04D1260302D504262E4F3E60C4
S3150802F1001B6819402026019F002F1DD11E4028D0BA
S3150802F1102B4B5B781A40402A14D00C221A40042A38
S3150802F12010D02A073CD40122002903D0E200D10FCD
S3150802F13001224A4069460978CB07DB0F1A422FD0CB
S3150802F14021012AD4072034E0022FE1D11E4008D03B
S3150802F1500029DDD1CC232B4003D16B461B785B06F5
S3150802F16001D5032025E0A30311D59D4E73691B051E
S3150802F1701B0D5B1C3668F60205D59A4E36683607AD
S3150802F180B60F9B1B5B1E9BB2052B04D1C0E7029BE5
S3150802F1901B78052BBCD006200BE08021064A11609D
S3150802F1A0E90702D4401C03990880AC4803994860D1
S3150802F1B0002004B0F0BD00004C1002A8D83E0000A2
S3150802F1C0303E0000480002A84C3E0000F2B58649CF
S3150802F1D04978CA0705D4009A12888018401E05780D
S3150802F1E000E000259E4C206802229E4B1E68F60609
S3150802F1F011D524696540EDB2002D03D15E68E50993
S3150802F20075401540002D03D0040204D40A20F2BD2D
S3150802F210D406954E3460744C2D02C0270F402F43F6
S3150802F220914D2F60A5786E07760F022E06D15B6880
S3150802F2301A4003D1002000990880F2BDA0230B4092
S3150802F240AE08102737401F433B090E0702D41E009B
S3150802F25010233343CC220A401A261E400A2E04D112
S3150802F260CC2A02D01E00FD233340804EDE40F6072C
S3150802F27005D4000416D5412D10D1082912D17C488F
S3150802F280D8401121014011432020084320700D2146
S3150802F2900140009808D000F0A9F8F2BD0B2D01D163
S3150802F2A00029ECD00720F2BD00F020F8F2BD0000DC
S3150802F2B0C734000038B50C006E490A781309533969
S3150802F2C09D00491925881207120FAA1AD21A801800
S3150802F2D0FEF74DFD010002D1200000F007F832BD0D
S3150802F2E0F300A3E3981440684C0002A8F8B504009A
S3150802F2F0614805683C4F3878D026304202D00D2145
S3150802F300014005D008205D490860EF20FEF7F3FCAE
S3150802F31039782000314204D00909397000F066F8BC
S3150802F320F2BD052129401FD001884D4AD160544BB0
S3150802F330EC0705D5491C0180690607D4514B05E03F
S3150802F34043242C40422C03D1491C018043600DE022
S3150802F35010214A4B19604C4912689300DB0F1A01B7
S3150802F3600A63802212030A60002101800020F2BD8E
S3150802F3700A888018401E0078830601D4121D0A8066
S3150802F3801822024004D0088852088018C01E088035
S3150802F39039480068C00702D50888401C08803948E1
S3150802F3A0486000207047344A1368DB0708D512689C
S3150802F3B0920705D40A888018401E007804280CD1C2
S3150802F3C010202E4A10603048254A12689300DB0F37
S3150802F3D01A01026380221203026000200880704725
S3150802F3E00C4000A8080001A8303E000031B581B0E3
S3150802F3F02648002100910822254B1B7802240C2559
S3150802F4002B4202D10022234803E01D40082D00D1D9
S3150802F4100222DD0703D505001E2068400094234218
S3150802F42007D015480068000601D51B4801E00020F0
S3150802F430C043019B194C20601948FF248470009C24
S3150802F44015012543C570017018880099401880185F
S3150802F450188014485860002036BD0000893600001E
S3150802F460D83E0000480002A8481002A80D0F0C0D4D
S3150802F47007170850633F00004C0002A84C2002A858
S3150802F4802D380000633800001C1002A8DE1B250177
S3150802F490303E00002084100000FCFF010C3F0000F3
S3150802F4A0603F000071370000303E0000353400002E
S3150802F4B04D3400004D3400004D3400004D34000038
S3150802F4C04D340000000000000000000000000000AB
S3150802F4D0000000004D3400004D3400004D34000099
S3150802F4E0352B00004D340000672C0000772C0000F5
S3150802F4F0AD2D0000132E00009B2E000021300000C7
S3150802F500CD2E0000D1300000292F0000712F0000F7
S3150802F510E92F00008932000081330000392C0000EF
S3150802F52027280000D12300004D340000CD28000012
S3150802F5304D3400000D2A0000D12900004D34000088
S3150802F5404D3400004D2A00004D3400004D340000B1
S3150802F5504D3400004D3400004D3400004D34000097
S3150802F56043120000391200000000000000040008DF
S3150802F570021402180324000048488068000200D4D6
S3150802F580704780B580208002AA490860CF2000F023
S3150802F59051FA01BDF8B588480068884A80239B035A
S3150802F5A01360874C216809051DD5190BA02505404E
S3150802F5B001D0116017E003403CD1824F80253D609F
S3150802F5C0814A1560084035D0344E307A400705D551
S3150802F5D001207E49086000027D49086030780028CB
S3150802F5E001D0062801DB0020F2BD00F076FB616837
S3150802F5F089684C683178052905D17460A468CC21DC
S3150802F6008901734A116000F071FB012C00DA0224A9
S3150802F610BC208005884908609420800587490860CF
S3150802F6200020C043386460427864854805604020FB
S3150802F6303860D8E783480160FFF79EFF0120F2BDD4
S3150802F6405D480168890504D5C06E0004000F0228CA
S3150802F65001D0002070470120704738B580245948E8
S3150802F660046000F03AFB05007748006800F06EF97E
S3150802F670280000F03BFBFFF77FFF0848007A0007E7
S3150802F68005D5A0004D49086000F040FC31BD600375
S3150802F6906C490860AC48046031BD0000383E000081
S3150802F6A0FEB50600CC2080016849486001246848F6
S3150802F6B00460FFF7C5FF00287DD0664D287800282C
S3150802F6C079D021020196052802D032460A4072D123
S3150802F6D0CC27BF015D4A17608D4A126881231B0237
S3150802F6E0134001D0032301E053075B0F022805D11B
S3150802F6F0022B5ED3080136490860F7BD4E0103287E
S3150802F70004D1022B55D932480660F7BD042802D126
S3150802F71011404ED0F7BD05284BD10198002848D094
S3150802F720C005C10F684641700198C004C10F6846FA
S3150802F730017000F0D2FA02906A686846407800289A
S3150802F74003D0146880202049086035048649684633
S3150802F750007800280CD0D0680B68C01A834B1B6847
S3150802F7602B4001D0146800E05468844200DD04008E
S3150802F770684640786A461278024308D008684242C8
S3150802F780A01E824202DA6042886000E000240298E3
S3150802F79000F0ACFA0198800501D5974805600198F2
S3150802F7A0064001D095480560002C02D0084807603B
S3150802F7B0F7BDFFF752FFF7BD440002A8442002A88E
S3150802F7C0D83E00000CC001A890E001A8C4D000A849
S3150802F7D0145001A838B580248948046001201C49C0
S3150802F7E008601C4D2878052802D060008549086003
S3150802F7F0FFF726FF002812D013480068000A802166
S3150802F8004140A868000EC9B2814208D24048006841
S3150802F8104007400F022802D2FFF71FFF31BD7A4880
S3150802F8200168C0220A4002D1C06F204001D00448B4
S3150802F830046031BD1C1002A808E001A808D001A87E
S3150802F84094D001A8441002A818C000A8106001A804
S3150802F850C4E000A8383E0000F1B582B00F00A0202F
S3150802F860384003D08020800069494DE000F035FA1F
S3150802F870009066480468F80202D5A06800690290FA
S3150802F88000F0AFFB80210903606800F07DF9267855
S3150802F8900020761C6178B14200D2002618217143F5
S3150802F8A065180C3529780829F3DA2670A5605949AE
S3150802F8B02A780A70BA0507D5544800688068C0686D
S3150802F8C0FA0201D40322904388600127384003D103
S3150802F8D000F090FC01F0E0F8F904686900F054F9C8
S3150802F8E03C2000F0A7F8F0B200F0A4F860884A4974
S3150802F8F001406180009800F0F9F93805444908602A
S3150802F900464807603802464908600298FEBD00006C
S3150802F910184001A810B543480068800501D4FE20A6
S3150802F92010BDC02080034049086000F0D6F9374967
S3150802F93009688A78D20702D589688C7800E00C783B
S3150802F94000F0D4F9200010BD100002A82F4909685A
S3150802F9508A688B78DB0704D5927818235A438A1863
S3150802F9600C3290607047000048C001A84C0002A8FB
S3150802F970F1B582B02D4F3C680026200F000702D150
S3150802F980E00102902AE001F087F800F0A6F901905A
S3150802F99080210903606800F0F7F825786D1C607805
S3150802F9A0A84200D20025E80020180C300090006812
S3150802F9B00290802109030098406800F0E5F83D208E
S3150802F9C000F038F8E8B200F035F825700098A06023
S3150802F9D0019800F08BF902A801F0B6F814480068FD
S3150802F9E0800407D5F86901F0C8FD02990818029043
S3150802F9F000D502960298FEBD4C1002A84C2002A819
S3150802FA0094E001A8146001A814C001A8DC3E000015
S3150802FA10442002A8383E0000FEFF0000C0E000A80D
S3150802FA20106001A8440002A8441002A8E03E0000A3
S3150802FA30FC0302A84A490968002901D54949086010
S3150802FA407047F3B581B0484FB968484C4A0058D553
S3150802FA500125090100D521250100FE22920110681F
S3150802FA60566822689206920E94463A689300802255
S3150802FA70134062461343802252001A4300920A0038
S3150802FA8023D0890601D5012008E0F021014007D1DB
S3150802FA906946097A0C220A4002D0022000F04AF886
S3150802FAA03349096809040AD53968090701D50226BE
S3150802FAB005E03968490301D5002600E003264835E2
S3150802FAC0009A2C490968890003E0009A2949896B3A
S3150802FAD009094023194011430207120F032A05D1C7
S3150802FAE02268120904231A40324316008022520061
S3150802FAF0002E02D016432666083521660243226680
S3150802FB002566E06D4407640F00F0D1F8A0070BD014
S3150802FB10052C09D0B868000406D400F0DEF80221E4
S3150802FB20154A116000F0E2F800F0CAF8002000F069
S3150802FB3001F8F7BDFE2189010A68F0239A430001FC
S3150802FB4010430860C0B270478020C0020B4909689A
S3150802FB50890701D10A4900E00A490860704700008E
S3150802FB60500002A8884000A8480002A8284000A819
S3150802FB70684101A8184001A8D4D40350844000A8BB
S3150802FB80486000A8485000A880B56D4A116001F087
S3150802FB901FFDFFF7D9FF01BDFEB56A4D287800069D
S3150802FBA004D5287F002801D0182400E0462400F056
S3150802FBB094F801906448C0684005C20DD52A01D25E
S3150802FBC0D52204E0D1204000824200D9020010006A
S3150802FBD001005E4B00932B6B5B011BD55C4B1B78BC
S3150802FBE0022B03D25B4E06277B43F2520023009D6B
S3150802FBF02D7CDD40ED070AD5574D06265E43AD1925
S3150802FC00AD888D4200D22900A84200D228005B1C8A
S3150802FC10022BECD309190904504B0B40001BC005F3
S3150802FC20C00D184348490860C02000064C490860C0
S3150802FC304649087D00280CD04A48D52A02D980238D
S3150802FC40DB050360D1235B009A4202D280231B069E
S3150802FC5003600020444B18604888002800D10A80B7
S3150802FC60019800F043F800F07BFDF7BD80B53F48E8
S3150802FC703F4908603F48C1680902090A19225143E7
S3150802FC80416005210160FFF787FF01BD80B52D4858
S3150802FC900178090604D5007F002801D0FFF77CFF0A
S3150802FCA034480068C00301D5FFF776FF01BD8020FE
S3150802FCB0C00223490860304800684007FBD47047F1
S3150802FCC08020C0022D490860704701E02C4908606F
S3150802FCD02C4909680140F9D170472B480068202150
S3150802FCE02A4A116010212A4A1160704730210140C0
S3150802FCF002D1102025490860704723480068302140
S3150802FD000140102901D1012070470020704721487F
S3150802FD1001210160C160704701201F4908607047D0
S3150802FD201E4800780621014007D01D4800680228AF
S3150802FD3003D0032801D00120704700207047000035
S3150802FD40441002A8D83E00007C4000508C3F0000B8
S3150802FD50583E0000603E00005C3E00000000FF01C5
S3150802FD60A0600050A450005018E000E07F1A060177
S3150802FD70540002A810E000E0440002A8442002A8A9
S3150802FD80282002A8280002A8600002A8602002A86B
S3150802FD90601002A8789001A884A001A8BC3E0000C1
S3150802FDA0843F0000F8B5644880214902C1610221F6
S3150802FDB0624A51600021624AD162624A1180032175
S3150802FDC05E4A1160022101605F4DCC01A86820409D
S3150802FDD010D05B480068F021090501409020000513
S3150802FDE0814207D0022059490860012001F014FC1B
S3150802FDF05748046020205749086080205649086001
S3150802FE00CC208001554908600124554804602868B9
S3150802FE1000900004070F53480068C505ED0D103D14
S3150802FE20C0202843C0B2FFF705FE4548C06B8003D1
S3150802FE3009D5092F07D0FFF773FF002801D003F071
S3150802FE40F9F801F01DFA48480668032D41D00098D2
S3150802FE500007000F0090032803D0022806D1032FBB
S3150802FE6037D000F04FFA0098032803D0062F30D176
S3150802FE70062D2ED03D480068C00B204001D001F067
S3150802FE80FBFC3B480068000108D5052D06D1012573
S3150802FE90384804606005FFF718FF00E000253100C6
S3150802FEA0380000F065FA0600002D06D000F026FCA0
S3150802FEB03148046002203149086060052E494865C8
S3150802FEC080092F490860FFF72BFF002801D003F0AD
S3150802FED09DF81A4821040162002F08D102214160C7
S3150802FEE000201749C863C020C0001C494864300076
S3150802FEF0F2BD80B5FFF7DBFE22480078800602D401
S3150802FF00022021490860FFF7DBFE01BD02201F49D6
S3150802FF1008607047802000061D49096801400AD01A
S3150802FF20C10D1C4A1278920701D51B4A00E01B4AEA
S3150802FF3011601B49086070472C1002A8282002A8E5
S3150802FF400C0002A8683E0000B00002A86C1102A8C4
S3150802FF50B82002A894E001A80CC001A8146001A860
S3150802FF60C4E000A804ED00E0B44000A800E200E006
S3150802FF70083F0000645000A8646000A82C4000A84E
S3150802FF8080E200E0D83E0000081002A8082002A875
S3150802FF90440002A8883E0000FC1302A8FC2302A81B
S3150802FFA0442002A88F480068800700D4704770B5BD
S3150802FFB08D4801210422BE4B0C02E025ED0086681D
S3150802FFC02E4002D01C601A6119610068054002D0F1
S3150802FFD01C609A60996070BDB64801218160016013
S3150802FFE07047012081498A680240FCD10422B24B3B
S3150802FFF01A610B680340FCD1AF4882609101016027
S3150803000070477B4908680122104200D1704710B532
S31508030010E023DB000340FF24A41CA34204D3B74B0D
S315080300201B689B0600D54868024001D000F030F9EA
S3150803003010BDF8B50700914E30683F2188439049B3
S31508030040097801433160FFF7DCFF8E4C8E48802127
S31508030050490308258D4A1268D20504D5656003222B
S31508030060B262016006E0C822B2620622934B1A60A6
S31508030070934A11608909C160386858390968814209
S3150803008001D2009100E000900099401A38600121DE
S31508030090380000F0D7FB0600386800994018386026
S315080300A0FFF780FF002E12D1002078490A68D2058F
S315080300B000D4102060620868284001D0256000E05B
S315080300C0656092480068400001D5680260623000A6
S315080300D0F2BD8B48017809060DD5007F00280AD0A2
S315080300E086484168C90606D40068A0210140481E0F
S315080300F08041C00F70470020704780B5FFF7E9FFBE
S31508030100002803D00021042001F04CFC01BDF1B501
S315080301107F4F8048F860EE20C00438607E487F49E8
S315080301200860FFF7D6FF002803D00021042001F05A
S3150803013039FC8020C0017A49086008247948846517
S3150803014001257D641D2077498862774E9B204000F0
S31508030150B061072001F060FA0220724988624B49B0
S315080301600A68D20603D56F49704A0A6008E00F2267
S315080301700968214002D03100103101E03100143101
S315080301800A606B490968002900D4B461E3210901AF
S315080301903160C021C900674A1268F823DB0113409E
S315080301A001D1F16200E0B9655D490A6C2A4008D0BD
S315080301B0496BC90705D460490968084001D101F0AC
S315080301C00FFC0020C0435D490860554C606B054031
S315080301D001D1FFF7E7FE009801F00CFA606B800186
S315080301E0FCD4F1BD500002A8900102A8940102A80C
S315080301F0903F000070B542480178090606D5007F8E
S31508030200002803D00021052001F0CCFB1B48016818
S315080302103F2291434A4A12780A4302604048494AB0
S315080302200121436B0B4001D1116391629721490068
S315080302301160102111604449E3231B018B66434B6C
S31508030240D3610022424B1A608022520007230824F6
S315080302500E4D2E68264005D08B672B681A4006D1AB
S315080302608C6704E0CB672B681A4000D1CC6703225E
S315080302700A600C632103016070BD00002C8001A88D
S315080302806A3E0000601102A8981002A8FC0302A89F
S31508030290F02109012F4A116001402F4801602020EF
S315080302A02E4908602E4909680840C3490860704703
S315080302B0881102A8902102A8882102A80C9001A8F7
S315080302C0982002A82748284982680A4002D1C268AA
S315080302D0114001D01049016013480821A94A13683F
S315080302E00B4000D081611178C90602D58C2109011A
S315080302F001601420B149086001E20000440002A825
S31508030300D83E00000448054908607047EC0002A877
S31508030310242102A8000FFF0001200000706201A833
S31508030320100002A8C01002A8501102A8BD030000BD
S3150803033028C000A8A88001A8403E0000B46000A811
S315080303406B3E0000682102A8E82002A810100000EE
S31508030350C00002A8586001A8585001A8482002A85E
S31508030360184001A8704201A8008000807047000069
S31508030370F8B586B005000C0091480068400102D51F
S315080303802000402404438F48C66AFFF7A6FC05905D
S31508030390B00503D58C480068FFF7D8FA002001900A
S315080303A001227006C00F0290FE239B019868002164
S315080303B09960B8214900854E31606608B8213140F5
S315080303C01B78F0261E40402E02D10B00402119430C
S315080303D00D2D02D1030004201843430704D50B004F
S315080303E01421194310239C43794B1B6803936B46CB
S315080303F01A70039BDA0506D580225200754B1A60DC
S315080304000A0001211143029A002A11D10C220A403B
S31508030410082A0DD00A006B4B9B6BDD0601D4102509
S31508030420AA439B0601D420239A43B123134055D0EC
S315080304306A461278002A54D0674DAA6BAB6D01261B
S315080304405207520F921D9640DA04D20CB21A92B290
S31508030450082A09D2802106225A4B1A604A029F4B60
S315080304601A6000226B461A7081220A403CD0082281
S31508030470029B002B00D12A6203000820184310228E
S315080304809443042213059C4E3360D304994E336078
S315080304906B461B78002B24D0062A2AD3484EF36CC6
S315080304A0DB0626D5B36E9BB2DFB22F611B0A2B611F
S315080304B0964B1B681B0E019373699BB2934EF66B9F
S315080304C0360603D01E0080235B0133432B611B0AC8
S315080304D02B613F4B1B68DD058CD40AE008223E4B93
S315080304E01A620490009131E027A24B06DB0ED25C18
S315080304F0CEE704900091334B186B84490968364D4F
S315080305002E686F463E810600282737401743820C1C
S31508030510D2013A43000E304010263040104389007A
S3150803052040221140014302A88170586B000A02A9B0
S31508030530C870FFF7EFF902A9087101984871744862
S315080305400068C8800298E8660398E8660598FFF786
S31508030550CDFB0825600601D567488560FFF7E0FBF4
S31508030560002805D06B480078002801D06A48056042
S315080305700498C1B20098C0B2FFF763FA200007B027
S31508030580F0BD0000F84F0000030107060301070644
S315080305900501060605010606030207060302070602
S315080305A00502060605020606081A03D25B49096808
S315080305B04018401C70470000481002A8883F0000F6
S315080305C0084000A8180002A81CC000A8B46000A828
S315080305D01C0100AA1C2100AA540000AAF8B5504F12
S315080305E00F2401254F4910264F48806B30401BD0F6
S315080305F0012008704D4800687969FFF7D5FF4C4913
S31508030600096F4018012868DB01F092FA494909681D
S31508030610090B0C40022C5ED16905474A116047490C
S315080306200E6441490D6056E02E023F48006CC00037
S315080306301ED543480068E021890501404DD03D4D4C
S315080306402868210301407001814246D1FFF745FB23
S315080306503C4A3D490968314002D03C490968116062
S315080306602968090B21400229F3D0FFF73FFBF1BDA7
S3150803067037480068002830D001220A7000F0BAFF14
S3150803068000282AD101F054FA2A490968090B21409E
S31508030690022920D1264A1278D20705D52D4A12688F
S315080306A00A4001D0204A1560244A1160690239605C
S315080306B01D490E601F4A1168090B21400229FAD009
S315080306C01168090B0C40032C02D029041A4A11603D
S315080306D000211F4A116001F02FFAF1BD141100AA77
S315080306E0802080041C4908607047802040041A490A
S315080306F0086070474C5001A8441002A800BF174869
S315080307000168490701D0FF2141617047184001A8D4
S31508030710448001A8E03C0000845000A838C001A822
S315080307200CC001A86D3E0000100002A81CC101A858
S31508030730883E0000B00002A81C1002A8082002A8E0
S315080307404C4001A8800000AA084000A8904000A8D1
S31508030750443E0000083F00003C2002A80C4000A8C5
S315080307607047FF2807D0022805D22B490978C140CC
S31508030770C807C00F7047002070470000F0B58020F7
S3150803078000020821254A11600A210122244C01236B
S315080307908B40034325A56D5C1D43A560F025214EBB
S315080307A035601E4D24A6765C022737432F60042640
S315080307B02E601D4D2D68154006D1D5026D1E03D03A
S315080307C0A66C3603FAD401E00220F0BDA56CE66CEC
S315080307D06D036D0BAE4200D21800491ED7D508210A
S315080307E0104B1960A060A8490968490112D5A749A1
S315080307F04B785D1C01262E404E701D000626754358
S315080308004D192468AC80E8800B70034801789A4038
S315080308100A4302700020F0BD9C3F0000889001A89F
S31508030820448001A888A001A8140002A800000001BA
S315080308300102040810202000505050404040403028
S3150803084020202000F1B584B0914C92484068C00539
S3150803085016D5606AE021C9000840884210D1A84825
S31508030860006E0004000FA7490A68D20601D50728B7
S3150803087004D00968C90603D40B2801D1002000E176
S31508030880FFF7AAFBA0484069400101D401251CE0F3
S315080308909E48806B00217D4ACBB206256B43D3184D
S315080308A09B8885B2AB4204D0491CCBB2022BF3D347
S315080308B0FF211170012594494969490105D5107825
S315080308C0FFF74FFF002800D0002591485021405CD0
S315080308D0000608D58C480078002804D08A48407852
S315080308E0002800D10125E06902906A480068E061A2
S315080308F0884E0498006831684718012F15DB00F005
S31508030900F0FDC001381A01280FDBFFF76AFB00F078
S31508030910C3F8049800683168401800F06BFE002895
S3150803092003D00021049A116011E0C020C0007A495F
S3150803093008602068794F072832D005210840052822
S3150803094008D021600C2000F067FE002802D0029927
S31508030950E16196E0724EFF207A3070620420B0623D
S31508030960FFF73FFB02203060E020C00478606A4846
S3150803097080218904416002210160012000F04CFEB8
S31508030980802080007062022000F046FE8020C000AE
S3150803099070620820B062022000F03EFE0220B062B8
S315080309A0604EE0204000F06159480078C00705D53D
S315080309B0802000065C49086040083060042000F087
S315080309C02BFE019000284AD1022038608002706409
S315080309D0C001706410204D4908600120B0674C4F70
S315080309E04748006840061ED447484069400113D566
S315080309F0264800786946087068460078FFF7B1FE0E
S31508030A00002809D021486946097806225143401827
S31508030A10C0883E49086406E001203873FFF7AEFE36
S31508030A200190002823D10120384908600020C867AF
S31508030A30022000F0F1FD3C4E4020F061C030F06129
S31508030A403878C00705D5C020000630602F48006CEB
S31508030A50F881022000F0E0FD8120C0027064002DB9
S31508030A6005D027480068800101D4FFF70FF9E1692B
S31508030A70E0204003084002992C4A0A400243E261F7
S31508030A80019805B0F0BD0000083F0000583E00007D
S31508030A905C0102A8F80302A838B5FFF79DFAFFF729
S31508030AA0A0FA23480068C0050AD522480068000B47
S31508030AB00F210F220240072A20D001400B291DD0FF
S31508030AC00224124804601C4D0820A862C00168620B
S31508030AD0012000F0A1FD200268622C600620A862AE
S31508030AE016486862E0204000154908600B48046010
S31508030AF00021144A1160C021C900016031BD0000FC
S31508030B00500002A8B04301A8F43E00000C8001A8D7
S31508030B10883E0000DC3F0000981002A8982002A82F
S31508030B205C1102A8109001A810A001A8FFFFE3FF1B
S31508030B30FC0302A8B00002A85C2102A8F961000020
S31508030B402CA001A85C0102A838B50400FFF749FAEE
S31508030B502048C021C900204A1268F823DB01134044
S31508030B6001D1816101E01D4A11601D4980225200AD
S31508030B701C4B1D68154003D008250560032001E0BA
S31508030B80AC20400088641868024001D10A20086036
S31508030B9015488021490301608909C1601348006823
S31508030BA0AF21C90145182068854200D30500401BBB
S31508030BB0206000212000FFF745FE216849192160BE
S31508030BC032BD802000010A4908600001094908600E
S31508030BD070470000641102A8AC8001A87C2102A812
S31508030BE00C8001A8FC0302A8981002A8A43F0000E1
S31508030BF0441002A8685000A8F1B584B0B348006849
S31508030C000190B3488069AF21C9014018B1490978F1
S31508030C10C90708D40499884205D2081A00F0EAFCE1
S31508030C20002800D05EE2AC484068C00700D559E208
S31508030C300420C749C8628003C6498862A548006D6F
S31508030C400090A548806B8407A40F2025032C03D0A6
S31508030C501020BF49C86225E02B03084683629E4AD3
S31508030C60D06B284001D0012067E00098000610D514
S31508030C70D06B022108400CD1B74805260660D66B0F
S31508030C8010273E403143016000210160916B090A38
S31508030C9001600420AF49C862D06B002802D5AC486E
S31508030CA083620024009800060BD5AC480078002818
S31508030CB007D0A748C562CC4800682840A549C8623A
S31508030CC00EE08548816B490704D5806BC000E900AF
S31508030CD0084003E07E488068C10701D5FFF7D8FAC4
S31508030CE001230098184008D0C048A1014018006A9B
S31508030CF0C004C00C401ED049086000200021CF4A1A
S31508030D001668360403D5926F002A00D40121C0223F
S31508030D109200CB4B5A6522026E4B1B78DB0701D434
S31508030D20002902D0C0239B0000E01300C5490B60CD
S31508030D30C0239B00C24CA3654A606749096C942289
S31508030D4092050A40140000D00124204300062CD043
S31508030D508248007DC0210140402902D1FFF7C9F826
S31508030D6001E0FFF7D3F85C48056024061CD0B64CAF
S31508030D70806B400708D5680276498862022020609E
S31508030D8000F0CAFA002807D004207149C862400255
S31508030D9070498862000120604E485021405C000675
S31508030DA002D5A8036A4908609CE14B484068C00716
S31508030DB0FAD428036749C862FEF779FF9E48406E4E
S31508030DC04549096C090408D4C00606D5FEF785FF0C
S31508030DD00221C54A1160FEF789FFFEF771FFE80194
S31508030DE03D490860C14CC0252D06A5600001C049D0
S31508030DF008603948806B4007C10F68460170BD4ECD
S31508030E00A0270198C00700D4AAE000F091FE02903B
S31508030E10FEF77DFF3048006C40040DD400BF00BFC9
S31508030E2000BF00BF00BF00BF00BF00BF00BF00BFB9
S31508030E3080200006BA490860FEF76EFF029800F0A4
S31508030E407BFEEE20C004AC490860802000012062C6
S31508030E5003203064FE20C003706442200199C9054B
S31508030E6001D4706000E0206067600820A049086626
S31508030E700420AC4908601848006CC00237D5144EE4
S31508030E80316F080CA84A0904C90B515A10282ED3E6
S31508030E903288E72A2BD395235B009A4205D89A1AF8
S31508030EA0120951438A0A514204E0A04BD218120987
S31508030EB05143890A49B24018B269736A59435118AA
S31508030EC0B1616F280AD36F200BE000BFFC0302A8A9
S31508030ED08C3F0000883E0000100002A80F2800D2AD
S31508030EE00F20010201430004084391490860824820
S31508030EF090498164A90CA16002217D4A5167A90D15
S31508030F008160F021090141658020400060610A2063
S31508030F1000F082FBA560822040026066012000F093
S31508030F207BFB0120A060062000F076FB80200002F0
S31508030F30A060082000F070FB80200003A0608000FA
S31508030F40A060032000F068FB8020400249E000BF50
S31508030F501C2002A81C1002A8E40000AAF43E000004
S31508030F600198400744D56448EE21C90401606049E5
S31508030F708222D204CA66802292002262D2018A663B
S31508030F80A90C81646C48A0600A2000F045FB002088
S31508030F9030640199C905306000D508207060676020
S31508030FA0534808210166022141670A2000F034FBF1
S31508030FB0A56062486066012000F02EFB062000F05B
S31508030FC02BFB0820A060062000F026FBE80DA06096
S31508030FD0082000F021FB6020A060032000F01CFB22
S31508030FE002205049086008E0184001A80C0000AA2E
S31508030FF0534A4021002001F013F80020C04310494A
S31508031000086000F06EFA964E401DC001B169471894
S315080310108020C00193494D6F0540934908600498A1
S31508031020874214D2B169401A00F0E4FA00280DD0B9
S315080310308E48056056E000BF204000A8684101A815
S31508031040B46000A8085100A8685000A8049F019836
S31508031050400702D58020800000E08548A060012073
S3150803106000F0DAFA8020400021490860380000F0D1
S31508031070C1FA804C2078C00703D58C204005FEF7BB
S3150803108024FE68460078002807D1764800687A491E
S3150803109088608020C003794908607448056016484B
S315080310A00199490704D5802189008164214903E010
S315080310B002218164C0218901816468460078002879
S315080310C00AD0012000F0A8FA5020205C000603D5B8
S315080310D0802000038F490860A848006CC00201D528
S315080310E0F06EB06105B0F0BDD4E40350641102A8F4
S315080310F0B81002A8600102A8242102A880B5FEF749
S31508031100ECFD984900220A600A22CA61FEF7EEFD41
S315080311109548C021890201609949416001BD0000D3
S3150803112004500950C82102A8C0000000D6FEFFFFDC
S31508031130DC4001A804040000040440000204000083
S31508031140120700008D48806B800300D47047F8B5FA
S315080311508C4800680090002400200126009931403D
S3150803116002D0C020800103E00099490700D58648CC
S31508031170864902220A600864082785480760854865
S315080311800068C00403D4844800683840FBD0834D04
S3150803119037486865042000F03FFA8820C00468656C
S315080311A00098064024D0A02080036865012000F03B
S315080311B033FA7B48686500F0BBFC0600FEF7A7FD1B
S315080311C06E48006C40040DD400BF00BF00BF00BFCB
S315080311D000BF00BF00BF00BF00BF00BF80200006DE
S315080311E070490860FEF798FD300000F0A5FC08E09A
S315080311F0602068657803A860012000F00DFA6A4844
S3150803120068656A4E0098C005346001D5776000E0CA
S315080312107460C02000066865C00C65490860012033
S3150803122000F0FAF9F0200001E86662480099C9055A
S3150803123002D50321016000E00460862040025E496E
S3150803124008605E4868652F60A02028653464746466
S31508031250B8024A490860000159490860F1BD00000F
S315080312608C3F000020C001A894E001A894D001A8EF
S3150803127002400000883E0000F43E00001C1002A84D
S31508031280F8B5504800680D2707400424002F00D1FD
S315080312900427FC2080011025660308214A4A4B4B84
S315080312A01B682340126816D04260394004D00220D6
S315080312B0FEF740FC464806603C4009D0FE20800104
S315080312C000680543FE2080010560B00840490860B0
S315080312D00220404916E00260394005D00220FEF795
S315080312E029FCA0023A4908603C4007D0FE20800149
S315080312F001680D430560700935490860354806607D
S3150803130030032F490860FFF71DFF00210020FEF771
S3150803131098FBF1BD1C2002A810B580202E490A6847
S3150803132002400AD02D4A136806241C4005D1546E80
S315080313302B4B2340126D940101D5002010BD09687B
S3150803134008400DD02748834203D1100501D5012053
S3150803135010BD25480068C107C90F481E8041C00F44
S3150803136010BD0000D80000AA442002A81F48032184
S315080313700164A821C163102101607047100002A807
S3150803138004000080FC0302A8040400002C1102A830
S31508031390106001A8D84001A8104001A8182102A886
S315080313A0018000000460095089050000600102A855
S315080313B0B06101A8548001A8C82102A8043400001A
S315080313C0482002A8B44000A81CC101A8480002A8E6
S315080313D0441002A8685000A8440002A814C001A833
S315080313E01F1F0000010C000030C101A8082002A835
S315080313F06C4800680121084209D16B4A12686B4B95
S31508031400000C1840F03291400B40984201D002205C
S31508031410704700207047F8B507000F386A461080F2
S31508031420604CE0680A0004D16B461B8882B29A4274
S315080314303AD200226B461A80012502263A0013D0B7
S315080314402268324007D000292ED059480088401C0C
S315080314505749088000203900216156490E6080B239
S31508031460B84201D369460D805348456000E030BF52
S315080314702068304003D1FFF7BBFF0028F7D04D485B
S315080314804560390010D02168314005D048490A889B
S315080314906B461B88D2180A80066000202061E06824
S315080314A0B84201D244480660FFF7A2FFF2BD38B539
S315080314B0040000F03DFB0500012199204443A009DF
S315080314C03E4A12688018123880B2FFF7A4FF040058
S315080314D08020C0013A490860280000F02DFB20004F
S315080314E032BD334803883549096802889342F9D1DE
S315080314F0100408187047FEB51238070C69460880A9
S3150803150000F016FB0190274C294D2888B8421ADAB1
S3150803151001202C490860274E30BF0220216801406C
S3150803152006D030604003264908602888401C288076
S31508031530FFF75EFF002802D12988B942ECDB0121B7
S31508031540716000280DD12888B8420AD1E068694637
S315080315500988884205D2002168460088FFF75BFFA1
S3150803156001E0FFF745FF04008020C0011449086025
S31508031570019800F0E1FA2000FEBD10B512490A6889
S315080315800E4B1B680C689442FAD0DB014033141ADD
S3150803159002D288692418641C0C4800684443181B43
S315080315A010BD0000280002A804ED00E0FF3F00007C
S315080315B0683E0000282002A8281002A8340002A8C2
S315080315C080E200E02C1002A820C001A8B43F000066
S315080315D0F0B502E00A601C602E607EC84F1C07D077
S315080315E05F1C04D06F1CF5D10A601C60F0BD0A604D
S315080315F0F0BD000010B5C409FFF773FF201A3128A0
S3150803160006DAC000183801D4C01EFDD5002010BD67
S315080316102000FFF770FF10BDC32148436F3801D47C
S315080316201E38FDD50020704780B5FEF783FA0120E2
S315080316308A49086001BD38B589490D68082489496E
S315080316400C60FFF7F1FF254001D08748046031BDE0
S3150803165080B5EB2000F001F801BD30B583490A686F
S31508031660104010231A4210D0814A824C2468234022
S3150803167008D0AF4B1C682402FF252D0225401563AD
S3150803168000241C6080235B031360086030BDF0B53B
S315080316900024A84D00270BE0BC46075D6F43A60050
S315080316A096597E400F5D6F43374066463743641C41
S315080316B09C42F1D338093843810801434808084353
S315080316C00540E90929430F208A0B0A430240504083
S315080316D0F0BDF1B584B00E00954F00203860964DE5
S315080316E0E87A0090A87A02900F20009901400191A8
S315080316F0009901420DD0019B904A91490498FFF73E
S31508031700C6FF0299014039608E4841438E48084016
S3150803171001D1012400E044010098001116D03200DB
S31508031720009803061B0F29000498019E6D7A751904
S315080317304019FFF7ACFF02990911014038680A01FD
S3150803174002433A60002901D0480044437F480068B1
S31508031750204001D1042000E0002005B0F0BD80B58B
S315080317600A00002111807A4952888018FFF7B1FFD1
S3150803177002BDF0B50F22774B5C7905780F20204020
S31508031780C5402009284001259C79C4402C4001D135
S315080317900320F0BD374C2468254008D06E4D9E685B
S315080317A04700F65B761E2E608026B601EE60DD786E
S315080317B0DE79C640F00711D5E0060FD5002D0DD00A
S315080317C0664848600888488008881C7800192A40B3
S315080317D080185A7880182A09801800E000200880A3
S315080317E00020F0BD10B55E4801685E4A0820014234
S315080317F000D09061C90602D58C21090111605A49A6
S315080318005A4A5B4B1B681B040CD54B685C0402D510
S31508031810C303136006E0C024A4011C4043029C4290
S3150803182000D010600B68034005D0524B1B689B0F12
S315080318309B0700D010600F480078C023034002D1ED
S3150803184080204005106008682021084010604A4837
S315080318500068C00101D4FFF7FBFE10BD2C4000A8A9
S315080318604C4000A84C6000A84C5000A8883F0000D4
S315080318701C1002A8D83E0000F8B5404F38687E68A9
S3150803188006403F4830403F4908608024A4033E4D44
S31508031890F00226D53D48016801200A0605D53C49CC
S315080318A00968A9602870022014E0014202D0394968
S315080318B0A9600FE00020C9060CD52849A960364956
S315080318C08A7813071B0F0978591812098918A980EA
S315080318D0E880A888A880002801D0264301E0FFF7FE
S315080318E0B7FE264023D0274E74603460A8880028A4
S315080318F00BD0396A814208D3291D2848AA6890471C
S315080319000100F3D0FFF790FEF1BD01000CD0FC21D6
S315080319108902F16122490203CA6134604C603A6A5A
S31508031920824204D30C60F1BDEB20FFF796FEF1BDAE
S31508031930483E000001010101583F0000103F000026
S31508031940503F000011110000218400000C3F0000E5
S31508031950303F0000603F0000204000A8B722000087
S31508031960F84F0000502102A8184001A8481002A801
S31508031970684101A84C4201A8D04000A8B44000A879
S31508031980FFFFDFFFB46000A84C3E0000D83E00000E
S31508031990D83C0000CB220000613F0000D84000A8D5
S315080319A0B45000A870B505000C0000F0C1F8060095
S315080319B0FEF7ADF9200205430648056002200649ED
S315080319C00860FEF7A9F9300000F0B6F801200349CC
S315080319D0087070BD04800950409009506C3E0000A1
S315080319E0FEB5C020C0043349086033483349486507
S315080319F03348886533484024046044601020FFF761
S31508031A000BFE002854D1FF2000052F4908602F48F4
S31508031A102F4908602F4829490860A5032A48056005
S31508031A202D4807680820FFF7F7FD002840D1082648
S31508031A302A4806600120FFF7EFFD274880680190D2
S31508031A402748066027481D4908601F48056008207F
S31508031A50FFF7E2FD00282BD1204806600120FFF797
S31508031A60DBFD1D48806800901D480660134D1E481F
S31508031A7028600199009800F03FF88606B60E01988B
S31508031A80C10B0098C00B00F037F80102FC20800157
S31508031A900840304328601048076060030A49086015
S31508031AA012480460446012490164124941640020E3
S31508031AB0FEBD000020E000A8571400004C0102A850
S31508031AC0FF3FFF3F601102A8B42002A80000380EAA
S31508031AD0B41002A830300000104101A8105101A823
S31508031AE0106101A81010000020200000602102A840
S31508031AF0F703F000FF3F000010B54904CA1040047D
S31508031B00C310991A00209A18D30F9A18521052180C
S31508031B108B115B0E5B18DB11D2182023541A01D4E0
S31508031B2022001843CC0F611849105B08F6D110BD83
S31508031B30EFF3108072B67047002800D162B670477B
S31508031B4010B5C30018221A40FF249440E3438907BB
S31508031B50090E9140020004D4734892089200801833
S31508031B6006E0724A0007000F08388008800010183C
S31508031B70026813401943016010BD80B574225421CD
S31508031B80002000F04DFA01BD10B5FFF7D1FF6849F3
S31508031B9001220A60674B684C2360684C2360032361
S31508031BA0674C2360674C2360674B1A60674B1A6060
S31508031BB0674B80241C601A60664A1A6011228A637E
S31508031BC0FFF7BAFF3F206449096801400A1D402A06
S31508031BD000D2081D614A1070A448017010BD80B573
S31508031BE001001120FFF7ACFF01BDFFF7A1FF0500B8
S31508031BF00024012160B2FFF7A3FF641C0E2CF8D35F
S31508031C0001210F20FFF79CFF01211320FFF798FFFF
S31508031C1001211720FFF794FF03210120C043FFF793
S31508031C208FFF01211E20FFF78BFF4D484D490860A2
S31508031C3002204D49086001209B49086047044B4C24
S31508031C4020693840FCD02068800101D4FEF70EF8DD
S31508031C502800FFF771FF46480068000311D497224E
S31508031C6052005321002000F0DBF90AE000281CD0BB
S31508031C70FEF733F819E020693840FCD02800FFF74F
S31508031C805BFF206E0004000F022801D1FEF7A6FCB5
S31508031C90FFF74EFF0500764EFEF72FF800287078FB
S31508031CA0E4D0002801D1FEF721F801212E48327825
S31508031CB0002A05D16F4A1268920600D4016030BF24
S31508031CC0002232700222026077480160D3E7774820
S31508031CD0016840680840764901401748016088074B
S31508031CE000D4704710B57C480188491C01807B4C99
S31508031CF02078000617D57A4802680F21120B0A4086
S31508031D00032A10D1774A12685207520F032A0AD8B0
S31508031D100068000B0140032905D10D20FFF78BFC52
S31508031D20E08A401CE08210BD00E400E01CED00E000
S31508031D30040002A80000FF3F282002A82C1002A8CE
S31508031D4040E002A844C002A804C001A8044001A8B0
S31508031D50145001A8200060062C8001A86A3E0000E2
S31508031D60FFFF9B4000E100E0602002A8500002A8A4
S31508031D70F80702A8F8B55C4C2068656805409148E1
S31508031D8005605A48284007D0FDF7CAFF002803D044
S31508031D902800574909688847012102228A4800789A
S31508031DA0C00701D5022300E001232B408748002BF7
S31508031DB010D0874B1A60874A12680A4007D102680F
S31508031DC0F0231B051340902212059342F3D0090210
S31508031DD0814A116080210D4220D0A36AF822D201DC
S31508031DE01A401BD0C0231B019A4217D880263606F1
S31508031DF08A4A1660A76AF822D2013A40384F3F68E2
S31508031E003F043F0F022F01D0032F03D1002A01D02D
S31508031E109A42EFD3914A16606A4A11609049097843
S31508031E2006290DDACC20800128401DD0FFF780FE55
S31508031E3004002800FDF734FC2000FFF77DFEF1BD02
S31508031E40806B800510D58748284005D0FEF78EFAA3
S31508031E502800FDF725FCF1BDA80205D58020400121
S31508031E605849086080490860F1BD00006B3E0000D0
S31508031E706D3E0000F40302A810B57C4908684C6857
S31508031E8004407B48046080210C4205D041607948B0
S31508031E9001600020FDF704FC600403D5802040059B
S31508031EA07549086010BD0000601002A8280002A842
S31508031EB0FFFF00C038B5714908684C680440E0075D
S31508031EC007D5FFF735FE0500FDF784FC2800FFF765
S31508031ED033FE6B48046031BD683E0000D83E0000FF
S31508031EE0B00002A8184001A8104001A80200060085
S31508031EF0DC3C0000FEB5634C206C676C074001258B
S31508031F002F4216D02E066048066020685F490D608A
S31508031F10002802D00021FDF737FE5D480068A0219E
S31508031F20C90188428041C043C00F5A4948705A487C
S31508031F300660FDF7D2FE0190022007403ED0626894
S31508031F40D1B2120A554B0824494E4703012924D016
S31508031F50022931D1012A22D15149C9780091504920
S31508031F60097801228A404F490A604D49097849058B
S31508031F7090225204891803220A434B490A603760A0
S31508031F804A490F601968009A8918596544490978B6
S31508031F908D4047490D6047490DE00090DFE7002A69
S31508031FA00AD145490D600021596577603760C10438
S31508031FB0424A116042490C60344908600198FDF7AA
S31508031FC095FEF7BD106001A8883E00000C0002A824
S31508031FD06C1102A8B44000A8B82002A870B5FDF792
S31508031FE07CFE0400FFF7A4FD2F490A68D2070FD524
S31508031FF02A4A536D1568334E3360CB687360496854
S31508032000F1818021C904204B1960317B6918516518
S31508032010FFF792FD2000FDF769FE70BDE06101A898
S31508032020002800D0704770B50C00FDF756FE050072
S31508032030FFF77EFD0600FDF76AFE234804600121CB
S31508032040224A1160026C0A40FCD1FDF765FE300096
S31508032050FFF772FD2800FDF749FE70BDE05101A8A0
S31508032060383E000000104006145001A890C001A88D
S3150803207090E001A80CC001A804ED00E0C0C000A8C8
S31508032080C0E000A800C002A8441002A840E002A8C5
S31508032090404000A86D3E0000442002A818800A505C
S315080320A0813E000068A00A5060C101A894D001A827
S315080320B068900A50F42302A860E101A880E200E0D0
S315080320C0F41302A8783E0000008009504090095096
S315080320D080B5FDF725FE002801D000F0BBFE01BD43
S315080320E080B5FDF75FFEB648006800030AD4FEF71D
S315080320F009F9FFF727F8FEF77DF80120FEF7FEFF3B
S31508032100FEF7CAFC80208005FDF7DFFD01BD80B51B
S31508032110FDF748FE80204002FDF7D7FD01BDFEB559
S315080321200520904908609048056801273D4201D17A
S31508032130FDF752FFFDF736FE8C49086800908C4878
S3150803214049680160A905CA0F69460A7100243D4218
S3150803215010D000949B49496801609A4800689A49D7
S315080321600B681A1A984202D38B69D218521C974BDA
S315080321709A42F5D3A44E346068460079002804D001
S3150803218029000098FDF768FB009000253068384061
S3150803219003D16846FDF74DFF0500FDF79AFF0028B2
S315080321A046D08848407C002842D19848854EF16835
S315080321B002690B689A4200D00124954A1378022BC8
S315080321C00DD2944A9446062253436246D25A8C4603
S315080321D0230018214B436146C9184A6000E00225CB
S315080321E000990191F1680122624018235A438C1819
S315080321F021680161A1680160A348E168016021695A
S3150803220001626069A149086001A8FDF712FF002869
S3150803221008D17F490978022904D27E4A06235943FD
S31508032220515A6160290005000D4301D1777401E015
S31508032230002D02D10098FDF76AFF9F480760022028
S315080322409E490860C820C004BC4908607804FDF7A5
S315080322503CFDF7BDF8B59A4C0020E0638025EF02F4
S31508032260FDF737FF002808D096480078002804D1E0
S315080322703800FDF72AFD2560F1BD206CC00506D59B
S3150803228080200006206000BF00BF40082060FEF7DC
S3150803229019F8FDF787FDFDF77DF90600A848A94952
S315080322A00860FFF715FF3800FDF70FFD002E00D075
S315080322B025600120A4490870F1BDF8B50120FFF790
S315080322C08EFCA24CA24800682060FDF76BFD7820BF
S315080322D0205C0521014002D0FDF70BFE01E0FDF766
S315080322E015FE774F0225A06F284001D001203860DC
S315080322F01020C04397490860002697480660FDF7F3
S315080323000FFD002802D000F0F2FD00E06663FDF73A
S31508032310CEFC92480068396C090407D4000705D532
S31508032320FDF7DBFC8E490D60FDF7E0FCFDF7C8FC05
S31508032330FFF758FAA804FDF7C8FC0020FFF74FFC7F
S31508032340F1BD80B5FDF72EFD1D480068000303D4D3
S31508032350FDF750FFFEF7A0FB80204003FDF7B5FC11
S3150803236001BD00005C1102A8440002A8B83F0000A2
S31508032370443E000038B5FDF715FD514C2025FEF700
S31508032380CBFF002806D0606B000704D5FEF7EEFFE7
S31508032390FEF717FC2560FDF72DFFFEF77DFB714859
S315080323A000780C210140042902D1FDF7A2FD01E0C2
S315080323B0FDF7ACFD6804FDF788FC4020206031BDBD
S315080323C00C0002A8E43E000020C001A801FF00009B
S315080323D01CB5052064490860FDF7E4FCFEF7C6FF53
S315080323E06248006800906846FEF7AEFB0400FFF7F4
S315080323F06FFE002C02D10098FEF7FEFB80204004F6
S31508032400FDF763FC13BD0000403E0000348001A8BD
S31508032410583E00005E3E0000F8B5FDF7C3FC544C79
S31508032420A56A5020284002D0FDF763FD01E0FDF7B9
S315080324306DFD234FFEF770FF00281BD1B86B4007CD
S315080324401DD4786BE0214901014018D1A80611D49F
S31508032450FDF72DFCA56A474E354207D0FF20C0433A
S315080324602D18A56280200005A9490860FDF728FCF8
S315080324702E4002D00120386001E000202060802031
S315080324808004FDF722FCF1BD1C4101A8284000A8E1
S3150803249080B5FDF787FC9F480068C00501D5FDF7A1
S315080324A0A9FE0120FEF72AFEFEF7F6FA8020C004ED
S315080324B0FDF70BFC01BD0000442002A8305201A819
S315080324C0100002A8F53E000010B526480468FDF77B
S315080324D069FC9149096809032AD40321C00601D571
S315080324E0214001E0A0080140012902D1FDF701FDC1
S315080324F00BE0200107D50E20FFF796F8874804213D
S31508032500016008210160FDF701FDFDF77AFD844CA2
S31508032510206984490860FFF7DBFD2068002807D097
S315080325204000122802D2FFF777F801E0FEF7BFFF53
S3150803253080208003FDF7C9FB10BD0000106001A8C9
S3150803254070012000B46000A86D3E0000903E0000B4
S3150803255008C000A8482002A8483E0000844000A8F6
S31508032560D4E40350083F00005C1102A8CC3F0000E6
S31508032570E03E000000FFFF00FEB500246A490C7325
S315080325800120694608700294FDF70CFC0600624FA9
S315080325903868000300D5B5E003209F4908649F48BF
S315080325A00268FF2080019E4910255F4B1B78DB07D5
S315080325B020D51207120F022A03D09A4A12682A4014
S315080325C004D1594A5268584B5B7801E08A680B680C
S315080325D08E6A096A0091911B14225143DBB2C9180A
S315080325E0009A891A09014068081801D5019453E02D
S315080325F0019051E013071B0F032B03D01204120F8C
S31508032600062A3AD18968426802923A6C920701D53A
S31508032610806802900800FEF7B0FF0299401801D5BA
S31508032620019400E00190B86B0107C80F03213F4AE4
S3150803263012680A40022A1AD12E4018D03A4A126D55
S31508032640D30512D5FE6B984B1E409E4202D17249A2
S315080326500D640CE092050AD43A6C2823134006D17C
S315080326606B461C702A4A116001E06A461470029090
S3150803267068460678002E03D10FE00068019001260C
S31508032680FEF74AFE002808D0FEF770FE02980028D7
S3150803269002D0FEF796FA00E0002602205E4908609B
S315080326A0002E10D0214800780C210140042902D0BD
S315080326B0F86B054002D0FDF71CFC01E0FDF726FC8C
S315080326C0202078601EE018480078C00705D55548CD
S315080326D00068054001D1FDF71DFCFDF78BFD802041
S315080326E000060B4908600020C0437049086001A82A
S315080326F0FEF72AFA0400FFF7EBFC002C02D1019837
S31508032700FEF77AFA80200004FDF7DFFAF7BD00002A
S31508032710481002A8680102A80C0002A880E200E09B
S31508032720AC3F0000443E0000883E0000083F00001E
S31508032730FEB500245E490C730094FDF733FBFFF7DF
S31508032740C7FC5C4DE86E5C4E0007000F07280BD1EB
S315080327506868002808D40020FEF7D0FC306857497B
S315080327600860FDF7CAFC52E001201027696849078B
S315080327700DD453490968014009D001024C4A126D28
S315080327800A4208D0520502D42A68114001D10090A2
S3150803279001E04C48076046480078C00705D521483C
S315080327A00068384001D0FDF7B5FB474800680321A8
S315080327B0009A002A01D0800900E00009014001912E
S315080327C00020FEF79BFC0198002805D1686807409E
S315080327D002D1FDF79BFB01E0FDF78BFB0020009977
S315080327E0002903D139480068FEF7C7FE7169401806
S315080327F001D5009400E000906846FDF71AFC00280E
S3150803280005D10098FDF783FCB0692C490860802040
S315080328100005FDF75AFAF7BD082002A8B00002A87A
S3150803282004C101A8B04301A8F8B5FDF7BBFA002413
S3150803283000252748466B80277F05300606D53007CF
S3150803284009D5FEF793FDFEF7BCF929E001251C48D7
S315080328500068284019D00020FEF750FC02200640E5
S3150803286002D01C490C60C8611B480468002D03D0BC
S315080328702000FDF77DF80400FEF778FD2000FEF73B
S31508032880BBF93800FDF721FAF1BD0F480078C021DE
S315080328900140402902D1FDF72CFB01E0FDF736FB89
S315080328A020200B490860ECE710000010B46000A86C
S315080328B0883E0000440002A8BC3F0000443E0000D6
S315080328C0B44000A8481002A8083F00001CC101A88C
S315080328D0100002A8180000AAD83F0000FFF754F911
S315080328E0024803494860FFF780F900BF4327000001
S315080328F00000000080B5EFF305800B2801D23A21CA
S3150803290000E02921922252000020FFF789FBFEE707
S3150803291062675F6D65737361676520726563656971
S30D080329207665727300000000DE
S30D08032928B03AFD7F010000002F
S311080329303C29030840230020A0000000F7
S3150803293CFFFFFFFFC0EA2101C0EA21010080000066
S3150803294C005A6202300000007DB10008FFFFFFFF4A
S3150803295CFFFFFFFFFFFFFFFFFFFFFFFFB4E20208C6
S3150803296CD4FE64000A0029007C230020CC12002024
S3150803297CDECA02080200000001C9000800000000B4
S3150803298C0000000000000000000000000B0C000013
S3150803299CCC12002003000000A9C900080CE60208A3
S315080329ACF4E5020824E60208000000000300000010
S315080329BCFC120020C823002000000000FC12002093
S315080329CC64130020CC130020000000000000000054
S315080329DC00000000000000000000000000000000DA
S315080329EC00000000000000000000000000000000CA
S315080329FC00000000000000000000000000000000BA
S31508032A0C00000000000000000100000000000000A8
S31508032A1C10000000100000000000000000FFFFFF7C
S31508032A2CFF000000000000004D9C02080000000097
S31508032A3CA16F010800000000000000000000000060
S31508032A4C4D6F0108000000000000000000000000A4
S31508032A5C39700108000000000000000000000000A7
S31508032A6CC972010800000000000000000000000005
S31508032A7C897901080000000000000000FFFFFFFF32
S31508032A8C0000000000000000FFFF000078E90208C0
S31508032A9C119E0208FFFFFFFFC3A00208BFA002088E
S31508032AACFFFFFFFFFFFFFFFFC7A00208C3A402082F
S31508032ABC01000000000000000000000000000000F8
S31508032ACC00000000000000000000000000000000E9
S31508032ADC00000000FFFFFFFF05A60208D32600002F
S31508032AEC6DED0108FFFFFFFF200004000000000046
S31508032AFC00000200100000000000000000000000A7
S31508032B0C00000000000000000A000100000000009D
S31508032B1C0A000E000000426C696E6B7920457861D9
S31508032B2C6D706C6502000A000800303030303030A6
S31508032B3C303000000200050003003030300000007E
S31508032B4C020008000500302E302E3000000002006B
S31508032B5C0800000000000000000000000A00010045
S31508032B6C0000000012000100000000000000000035
S31508032B7C0105020000000000010402001700FFFF14
S31508032B8C0D0000000000BF8FAF7F8700370F1010B2
S31508032B9C0004040F05140A28010101FF03040101AB
S31508032BACFF0D01FF0FFF0301B56300088D630008D2
S7050801FFAD45
